issue_id,severity,status,route_groups,audience,auth_state,render_state,component,source_file,source_line,translation_key,english_value,affected_locales,failure_type,fallback_type,visible_or_hidden,metadata_only,accessibility_only,rtl_related,placeholder_expected,placeholder_actual,evidence,recommended_fix_group,notes
GLV4-001,high,confirmed,shared/multiple,all,all,static_usage,translation usage,multiple,0,baggageListSeparator;carsResults.filteredEmpty;close;closeEditSearch;footerSellerOfTravelNotice;hotelDetails.changeDatesGuests;hotelDetails.discoveryBookingUnavailable;hotelDetails.nightPlural;hotelDetails.nightSingular;hotelDetails.providerPrice;hotelResults.amenitiesDetails;hotelResults.cancellationDetails;hotelResults.liveRateUnavailable;hotelResults.nextPhoto;hotelResults.photoCounter;hotelResults.previousPhoto;hotelResults.priceUnavailable;hotelResults.removeSavedHotel;hotelResults.review.multiple;hotelResults.review.single;hotelResults.roomDetails;hotelResults.saveHotel;hotelResults.saveRequiresLiveRate;hotelResults.selectPhoto;hotelResults.taxesFeesIncluded;hotelResults.taxesFeesNotIncluded;includedBaggagePrefix;layoverConnector;recentSearches;retry;save;subscribe;unsubscribe,,en-us;es-es;fr;de-de;it-it;pt-br;nl;ar;zh-cn;ja;ko;hi;tr;pl;sv;id;th;vi,used_key_absent_from_english,raw_key_or_undefined,both,false,false,false,,,33 binding-resolved translation keys are absent from English.,key resolution review,Generic identifiers are excluded from this confirmed count.
GLV4-002,medium,confirmed,import graph routes,all,various,static_ui_sink,page.tsx,src/app/account/pending-deletion/page.tsx,7,,Account deletion pending,es-es;fr;de-de;it-it;pt-br;nl;ar;zh-cn;ja;ko;hi;tr;pl;sv;id;th;vi,hardcoded_visible_text,hardcoded_english,visible,false,false,false,,,1 UI-sink/context AST hit(s); examples and confidence retained.,visible literals,Not all source strings are considered visible; only classified UI sinks/configuration are included.
GLV4-003,medium,manual_review,import graph routes,admin,various,static_ui_sink,page.tsx,src/app/admin/account-deletions/[id]/page.tsx,9,,Admin Account Deletion Request | Account deletion request | Back to requests | Lifecycle state | Request details | good | warn | neutral,es-es;fr;de-de;it-it;pt-br;nl;ar;zh-cn;ja;ko;hi;tr;pl;sv;id;th;vi,hardcoded_visible_text_candidate,hardcoded_english,both,false,false,false,,,9 UI-sink/context AST hit(s); examples and confidence retained.,visible literals,Not all source strings are considered visible; only classified UI sinks/configuration are included.
GLV4-004,medium,manual_review,import graph routes,admin,various,static_ui_sink,page.tsx,src/app/admin/account-deletions/page.tsx,7,,Admin Account Deletions | Pending + review | Pending | Cancelled / Reactivated | Ready for review | Completed | All | Account deletion requests,es-es;fr;de-de;it-it;pt-br;nl;ar;zh-cn;ja;ko;hi;tr;pl;sv;id;th;vi,hardcoded_visible_text_candidate,hardcoded_english,both,false,false,false,,,24 UI-sink/context AST hit(s); examples and confidence retained.,visible literals,Not all source strings are considered visible; only classified UI sinks/configuration are included.
GLV4-005,medium,manual_review,import graph routes,admin,various,static_ui_sink,page.tsx,src/app/admin/cars/page.tsx,4,,Admin Cars | Car Search Readiness | Car module state | No fake car inventory or provider uptime is displayed. Configure a real search provider before operational data appears here; customer checkout remains provider-owned. | Provider not configured | Search disabled,es-es;fr;de-de;it-it;pt-br;nl;ar;zh-cn;ja;ko;hi;tr;pl;sv;id;th;vi,hardcoded_visible_text_candidate,hardcoded_english,both,false,false,false,,,6 UI-sink/context AST hit(s); examples and confidence retained.,visible literals,Not all source strings are considered visible; only classified UI sinks/configuration are included.
GLV4-006,medium,confirmed,import graph routes,admin,various,static_ui_sink,page.tsx,src/app/admin/content/page.tsx,7,,Admin Content | Homepage destination cards | Flight route cards | Hotel destination cards | FAQs | Public Content Management | info | neutral,es-es;fr;de-de;it-it;pt-br;nl;ar;zh-cn;ja;ko;hi;tr;pl;sv;id;th;vi,hardcoded_visible_text,hardcoded_english,both,false,false,false,,,8 UI-sink/context AST hit(s); examples and confidence retained.,visible literals,Not all source strings are considered visible; only classified UI sinks/configuration are included.
GLV4-007,medium,manual_review,import graph routes,admin,various,static_ui_sink,page.tsx,src/app/admin/flights/page.tsx,4,,Admin Flights | Flight Search Readiness | Search visibility | Flight search visibility is derived only from real search logs and provider configuration. Customer checkout and reservation management remain provider-owned. | Operational visibility | Provider-owned checkout,es-es;fr;de-de;it-it;pt-br;nl;ar;zh-cn;ja;ko;hi;tr;pl;sv;id;th;vi,hardcoded_visible_text_candidate,hardcoded_english,both,false,false,false,,,6 UI-sink/context AST hit(s); examples and confidence retained.,visible literals,Not all source strings are considered visible; only classified UI sinks/configuration are included.
GLV4-008,medium,manual_review,import graph routes,admin,various,static_ui_sink,page.tsx,src/app/admin/hotels/page.tsx,4,,Admin Hotels | Hotel Search Readiness | Inventory state | Hotel inventory and ratings are shown only when returned from configured provider data. Customer checkout and reservation management remain provider-owned. | Provider data only | Provider-owned checkout,es-es;fr;de-de;it-it;pt-br;nl;ar;zh-cn;ja;ko;hi;tr;pl;sv;id;th;vi,hardcoded_visible_text_candidate,hardcoded_english,both,false,false,false,,,6 UI-sink/context AST hit(s); examples and confidence retained.,visible literals,Not all source strings are considered visible; only classified UI sinks/configuration are included.
GLV4-009,medium,manual_review,import graph routes,admin,various,static_ui_sink,page.tsx,src/app/admin/logs/page.tsx,6,,Admin Logs | Audit Logs | Action | Admin email | Target email | Filter | No admin audit logs found,es-es;fr;de-de;it-it;pt-br;nl;ar;zh-cn;ja;ko;hi;tr;pl;sv;id;th;vi,hardcoded_visible_text_candidate,hardcoded_english,both,false,false,false,,,7 UI-sink/context AST hit(s); examples and confidence retained.,visible literals,Not all source strings are considered visible; only classified UI sinks/configuration are included.
GLV4-010,medium,manual_review,import graph routes,admin,various,static_ui_sink,page.tsx,src/app/admin/page.tsx,22,,Admin | Operations Dashboard | Operations Snapshot | Provider Readiness | Search Health | Top products searched | Search analytics unavailable | Platform Health,es-es;fr;de-de;it-it;pt-br;nl;ar;zh-cn;ja;ko;hi;tr;pl;sv;id;th;vi,hardcoded_visible_text_candidate,hardcoded_english,both,false,false,false,,,17 UI-sink/context AST hit(s); examples and confidence retained.,visible literals,Not all source strings are considered visible; only classified UI sinks/configuration are included.
GLV4-011,medium,confirmed,import graph routes,admin,various,static_ui_sink,page.tsx,src/app/admin/preview-testers/page.tsx,9,,Team Access | Team Access,es-es;fr;de-de;it-it;pt-br;nl;ar;zh-cn;ja;ko;hi;tr;pl;sv;id;th;vi,hardcoded_visible_text,hardcoded_english,both,false,false,false,,,2 UI-sink/context AST hit(s); examples and confidence retained.,visible literals,Not all source strings are considered visible; only classified UI sinks/configuration are included.
GLV4-012,medium,manual_review,import graph routes,admin,various,static_ui_sink,page.tsx,src/app/admin/providers/page.tsx,5,,Admin Providers | Provider Readiness | Provider health retest | Retesting records real provider health when the backing endpoint and credentials are available. | Audit-log ready action | Secrets hidden | Cars pending unless configured,es-es;fr;de-de;it-it;pt-br;nl;ar;zh-cn;ja;ko;hi;tr;pl;sv;id;th;vi,hardcoded_visible_text_candidate,hardcoded_english,both,false,false,false,,,7 UI-sink/context AST hit(s); examples and confidence retained.,visible literals,Not all source strings are considered visible; only classified UI sinks/configuration are included.
GLV4-013,medium,confirmed,import graph routes,admin,various,static_ui_sink,page.tsx,src/app/admin/redirects/page.tsx,5,,Admin Redirects | Redirects | No redirect logs,es-es;fr;de-de;it-it;pt-br;nl;ar;zh-cn;ja;ko;hi;tr;pl;sv;id;th;vi,hardcoded_visible_text,hardcoded_english,both,false,false,false,,,3 UI-sink/context AST hit(s); examples and confidence retained.,visible literals,Not all source strings are considered visible; only classified UI sinks/configuration are included.
GLV4-014,medium,manual_review,import graph routes,admin,various,static_ui_sink,page.tsx,src/app/admin/searches/page.tsx,5,,Admin Searches | Searches | No search logs available | Raw query summarized for operations | good | bad | warn,es-es;fr;de-de;it-it;pt-br;nl;ar;zh-cn;ja;ko;hi;tr;pl;sv;id;th;vi,hardcoded_visible_text_candidate,hardcoded_english,both,false,false,false,,,7 UI-sink/context AST hit(s); examples and confidence retained.,visible literals,Not all source strings are considered visible; only classified UI sinks/configuration are included.
GLV4-015,medium,manual_review,import graph routes,admin,various,static_ui_sink,page.tsx,src/app/admin/settings/page.tsx,5,,Admin Settings | Settings | Admin email configuration | ADMIN_EMAILS configured: | Yes | No | Configured admin count: | System controls,es-es;fr;de-de;it-it;pt-br;nl;ar;zh-cn;ja;ko;hi;tr;pl;sv;id;th;vi,hardcoded_visible_text_candidate,hardcoded_english,both,false,false,false,,,11 UI-sink/context AST hit(s); examples and confidence retained.,visible literals,Not all source strings are considered visible; only classified UI sinks/configuration are included.
GLV4-016,medium,manual_review,import graph routes,admin,various,static_ui_sink,page.tsx,src/app/admin/support/[id]/page.tsx,8,,Admin Support Ticket | Support ticket | Back to support | `/admin/account-deletions/${deletionRequest.id}` | View linked deletion request | Ticket ID: | warn | good,es-es;fr;de-de;it-it;pt-br;nl;ar;zh-cn;ja;ko;hi;tr;pl;sv;id;th;vi,hardcoded_visible_text_candidate,hardcoded_english,both,false,false,false,,,14 UI-sink/context AST hit(s); examples and confidence retained.,visible literals,Not all source strings are considered visible; only classified UI sinks/configuration are included.
GLV4-017,medium,confirmed,import graph routes,admin,various,static_ui_sink,page.tsx,src/app/admin/support/page.tsx,7,,Admin Support | Support | No support tickets | warn | good | info | View request | Open,es-es;fr;de-de;it-it;pt-br;nl;ar;zh-cn;ja;ko;hi;tr;pl;sv;id;th;vi,hardcoded_visible_text,hardcoded_english,both,false,false,false,,,8 UI-sink/context AST hit(s); examples and confidence retained.,visible literals,Not all source strings are considered visible; only classified UI sinks/configuration are included.
GLV4-018,medium,manual_review,import graph routes,admin,various,static_ui_sink,page.tsx,src/app/admin/system/page.tsx,10,,Admin System | System | System Status | good | neutral | No secrets shown | Database URL hidden | API keys hidden,es-es;fr;de-de;it-it;pt-br;nl;ar;zh-cn;ja;ko;hi;tr;pl;sv;id;th;vi,hardcoded_visible_text_candidate,hardcoded_english,both,false,false,false,,,19 UI-sink/context AST hit(s); examples and confidence retained.,visible literals,Not all source strings are considered visible; only classified UI sinks/configuration are included.
GLV4-019,medium,manual_review,import graph routes,admin,various,static_ui_sink,page.tsx,src/app/admin/users/page.tsx,13,,Admin Users | Users | Search by email or name | All roles | User | Support | Admin | All statuses,es-es;fr;de-de;it-it;pt-br;nl;ar;zh-cn;ja;ko;hi;tr;pl;sv;id;th;vi,hardcoded_visible_text_candidate,hardcoded_english,both,false,false,false,,,26 UI-sink/context AST hit(s); examples and confidence retained.,visible literals,Not all source strings are considered visible; only classified UI sinks/configuration are included.
GLV4-020,medium,confirmed,import graph routes,all,various,static_ui_sink,route.ts,src/app/api/account/email-change/confirm/route.ts,97,,Email address changed | email_failed,es-es;fr;de-de;it-it;pt-br;nl;ar;zh-cn;ja;ko;hi;tr;pl;sv;id;th;vi,hardcoded_visible_text,hardcoded_english,visible,false,false,false,,,2 UI-sink/context AST hit(s); examples and confidence retained.,visible literals,Not all source strings are considered visible; only classified UI sinks/configuration are included.
GLV4-021,medium,confirmed,import graph routes,all,various,static_ui_sink,route.ts,src/app/api/account/security/deletion-request/route.ts,28,,Your account deletion request is under review. Your account is scheduled for permanent deletion in 7 days.,es-es;fr;de-de;it-it;pt-br;nl;ar;zh-cn;ja;ko;hi;tr;pl;sv;id;th;vi,hardcoded_visible_text,hardcoded_english,visible,false,false,false,,,1 UI-sink/context AST hit(s); examples and confidence retained.,visible literals,Not all source strings are considered visible; only classified UI sinks/configuration are included.
GLV4-022,medium,confirmed,import graph routes,all,various,static_ui_sink,route.ts,src/app/api/account/security/passkeys/[id]/route.ts,31,,Passkey removed,es-es;fr;de-de;it-it;pt-br;nl;ar;zh-cn;ja;ko;hi;tr;pl;sv;id;th;vi,hardcoded_visible_text,hardcoded_english,visible,false,false,false,,,1 UI-sink/context AST hit(s); examples and confidence retained.,visible literals,Not all source strings are considered visible; only classified UI sinks/configuration are included.
GLV4-023,medium,confirmed,import graph routes,all,various,static_ui_sink,route.ts,src/app/api/account/security/passkeys/register/verify/route.ts,29,,Passkey added,es-es;fr;de-de;it-it;pt-br;nl;ar;zh-cn;ja;ko;hi;tr;pl;sv;id;th;vi,hardcoded_visible_text,hardcoded_english,visible,false,false,false,,,1 UI-sink/context AST hit(s); examples and confidence retained.,visible literals,Not all source strings are considered visible; only classified UI sinks/configuration are included.
GLV4-024,medium,confirmed,import graph routes,all,various,static_ui_sink,route.ts,src/app/api/account/security/password/route.ts,23,,Passwords do not match. | Choose a different password. | Password changed,es-es;fr;de-de;it-it;pt-br;nl;ar;zh-cn;ja;ko;hi;tr;pl;sv;id;th;vi,hardcoded_visible_text,hardcoded_english,visible,false,false,false,,,3 UI-sink/context AST hit(s); examples and confidence retained.,visible literals,Not all source strings are considered visible; only classified UI sinks/configuration are included.
GLV4-025,medium,confirmed,import graph routes,all,various,static_ui_sink,route.ts,src/app/api/account/security/sessions/revoke-all/route.ts,9,,Signed out everywhere,es-es;fr;de-de;it-it;pt-br;nl;ar;zh-cn;ja;ko;hi;tr;pl;sv;id;th;vi,hardcoded_visible_text,hardcoded_english,visible,false,false,false,,,1 UI-sink/context AST hit(s); examples and confidence retained.,visible literals,Not all source strings are considered visible; only classified UI sinks/configuration are included.
GLV4-026,medium,confirmed,import graph routes,all,various,static_ui_sink,route.ts,src/app/api/account/security/two-factor/confirm/route.ts,18,,Two-factor authentication enabled,es-es;fr;de-de;it-it;pt-br;nl;ar;zh-cn;ja;ko;hi;tr;pl;sv;id;th;vi,hardcoded_visible_text,hardcoded_english,visible,false,false,false,,,1 UI-sink/context AST hit(s); examples and confidence retained.,visible literals,Not all source strings are considered visible; only classified UI sinks/configuration are included.
GLV4-027,medium,confirmed,import graph routes,all,various,static_ui_sink,route.ts,src/app/api/account/security/two-factor/disable/route.ts,33,,Two-factor authentication disabled,es-es;fr;de-de;it-it;pt-br;nl;ar;zh-cn;ja;ko;hi;tr;pl;sv;id;th;vi,hardcoded_visible_text,hardcoded_english,visible,false,false,false,,,1 UI-sink/context AST hit(s); examples and confidence retained.,visible literals,Not all source strings are considered visible; only classified UI sinks/configuration are included.
GLV4-028,medium,confirmed,import graph routes,all,various,static_ui_sink,route.ts,src/app/api/account/security/two-factor/recovery-codes/regenerate/route.ts,18,,Recovery codes regenerated,es-es;fr;de-de;it-it;pt-br;nl;ar;zh-cn;ja;ko;hi;tr;pl;sv;id;th;vi,hardcoded_visible_text,hardcoded_english,visible,false,false,false,,,1 UI-sink/context AST hit(s); examples and confidence retained.,visible literals,Not all source strings are considered visible; only classified UI sinks/configuration are included.
GLV4-029,medium,confirmed,import graph routes,admin,various,static_ui_sink,route.ts,src/app/api/admin/account-deletions/[id]/route.ts,91,,Account deletion review completed | Account deletion under final review,es-es;fr;de-de;it-it;pt-br;nl;ar;zh-cn;ja;ko;hi;tr;pl;sv;id;th;vi,hardcoded_visible_text,hardcoded_english,visible,false,false,false,,,2 UI-sink/context AST hit(s); examples and confidence retained.,visible literals,Not all source strings are considered visible; only classified UI sinks/configuration are included.
GLV4-030,medium,confirmed,import graph routes,admin,various,static_ui_sink,route.ts,src/app/api/admin/users/[id]/permanent/route.ts,122,,User was permanently deleted.,es-es;fr;de-de;it-it;pt-br;nl;ar;zh-cn;ja;ko;hi;tr;pl;sv;id;th;vi,hardcoded_visible_text,hardcoded_english,visible,false,false,false,,,1 UI-sink/context AST hit(s); examples and confidence retained.,visible literals,Not all source strings are considered visible; only classified UI sinks/configuration are included.
GLV4-031,medium,manual_review,import graph routes,admin,various,static_ui_sink,route.ts,src/app/api/admin/users/[id]/role/route.ts,89,,`User role updated to ${user.role}.`,es-es;fr;de-de;it-it;pt-br;nl;ar;zh-cn;ja;ko;hi;tr;pl;sv;id;th;vi,hardcoded_visible_text_candidate,hardcoded_english,visible,false,false,false,,,1 UI-sink/context AST hit(s); examples and confidence retained.,visible literals,Not all source strings are considered visible; only classified UI sinks/configuration are included.
GLV4-032,medium,confirmed,import graph routes,admin,various,static_ui_sink,route.ts,src/app/api/admin/users/[id]/route.ts,70,,User was soft deleted.,es-es;fr;de-de;it-it;pt-br;nl;ar;zh-cn;ja;ko;hi;tr;pl;sv;id;th;vi,hardcoded_visible_text,hardcoded_english,visible,false,false,false,,,1 UI-sink/context AST hit(s); examples and confidence retained.,visible literals,Not all source strings are considered visible; only classified UI sinks/configuration are included.
GLV4-033,medium,manual_review,import graph routes,admin,various,static_ui_sink,route.ts,src/app/api/admin/users/[id]/status/route.ts,93,,`User status updated to ${user.status}.`,es-es;fr;de-de;it-it;pt-br;nl;ar;zh-cn;ja;ko;hi;tr;pl;sv;id;th;vi,hardcoded_visible_text_candidate,hardcoded_english,visible,false,false,false,,,1 UI-sink/context AST hit(s); examples and confidence retained.,visible literals,Not all source strings are considered visible; only classified UI sinks/configuration are included.
GLV4-034,medium,confirmed,import graph routes,all,various,static_ui_sink,route.ts,src/app/api/auth/forgot-password/route.ts,10,,"If an account exists, we sent password reset instructions.",es-es;fr;de-de;it-it;pt-br;nl;ar;zh-cn;ja;ko;hi;tr;pl;sv;id;th;vi,hardcoded_visible_text,hardcoded_english,visible,false,false,false,,,1 UI-sink/context AST hit(s); examples and confidence retained.,visible literals,Not all source strings are considered visible; only classified UI sinks/configuration are included.
GLV4-035,medium,confirmed,import graph routes,all,various,static_ui_sink,route.ts,src/app/api/auth/reset-password/route.ts,44,,Password reset completed,es-es;fr;de-de;it-it;pt-br;nl;ar;zh-cn;ja;ko;hi;tr;pl;sv;id;th;vi,hardcoded_visible_text,hardcoded_english,visible,false,false,false,,,1 UI-sink/context AST hit(s); examples and confidence retained.,visible literals,Not all source strings are considered visible; only classified UI sinks/configuration are included.
GLV4-036,medium,confirmed,import graph routes,all,various,static_ui_sink,route.ts,src/app/api/cron/price-alerts/route.ts,15,,Unknown cron failure,es-es;fr;de-de;it-it;pt-br;nl;ar;zh-cn;ja;ko;hi;tr;pl;sv;id;th;vi,hardcoded_visible_text,hardcoded_english,visible,false,false,false,,,1 UI-sink/context AST hit(s); examples and confidence retained.,visible literals,Not all source strings are considered visible; only classified UI sinks/configuration are included.
GLV4-037,medium,confirmed,import graph routes,all,various,static_ui_sink,route.ts,src/app/api/cron/travel-inspiration/route.ts,20,,Unknown cron failure,es-es;fr;de-de;it-it;pt-br;nl;ar;zh-cn;ja;ko;hi;tr;pl;sv;id;th;vi,hardcoded_visible_text,hardcoded_english,visible,false,false,false,,,1 UI-sink/context AST hit(s); examples and confidence retained.,visible literals,Not all source strings are considered visible; only classified UI sinks/configuration are included.
GLV4-038,medium,confirmed,import graph routes,all,various,static_ui_sink,route.ts,src/app/api/mobile/v1/auth/forgot-password/route.ts,6,,"If an account exists, we sent password reset instructions.",es-es;fr;de-de;it-it;pt-br;nl;ar;zh-cn;ja;ko;hi;tr;pl;sv;id;th;vi,hardcoded_visible_text,hardcoded_english,visible,false,false,false,,,1 UI-sink/context AST hit(s); examples and confidence retained.,visible literals,Not all source strings are considered visible; only classified UI sinks/configuration are included.
GLV4-039,medium,confirmed,import graph routes,all,various,static_ui_sink,route.ts,src/app/api/mobile/v1/explore/catalogue/route.ts,24,,Explore is temporarily unavailable. | Unable to load Explore right now.,es-es;fr;de-de;it-it;pt-br;nl;ar;zh-cn;ja;ko;hi;tr;pl;sv;id;th;vi,hardcoded_visible_text,hardcoded_english,visible,false,false,false,,,2 UI-sink/context AST hit(s); examples and confidence retained.,visible literals,Not all source strings are considered visible; only classified UI sinks/configuration are included.
GLV4-040,medium,confirmed,import graph routes,all,various,static_ui_sink,route.ts,src/app/api/mobile/v1/profile/route.ts,30,,Phone number changed | notification_failed,es-es;fr;de-de;it-it;pt-br;nl;ar;zh-cn;ja;ko;hi;tr;pl;sv;id;th;vi,hardcoded_visible_text,hardcoded_english,visible,false,false,false,,,2 UI-sink/context AST hit(s); examples and confidence retained.,visible literals,Not all source strings are considered visible; only classified UI sinks/configuration are included.
GLV4-041,medium,confirmed,import graph routes,all,various,static_ui_sink,route.ts,src/app/api/newsletter/preferences/route.ts,64,,Sign in or use a valid newsletter preference link. | This newsletter preference link is invalid or expired. | We couldn’t load your newsletter preferences right now. | Invalid request. | Invalid request. | Choose a newsletter preference action. | You’re unsubscribed from Kurioticket marketing emails. We sent a confirmation email. | You’re subscribed to Kurioticket updates.,es-es;fr;de-de;it-it;pt-br;nl;ar;zh-cn;ja;ko;hi;tr;pl;sv;id;th;vi,hardcoded_visible_text,hardcoded_english,visible,false,false,false,,,9 UI-sink/context AST hit(s); examples and confidence retained.,visible literals,Not all source strings are considered visible; only classified UI sinks/configuration are included.
GLV4-042,medium,confirmed,import graph routes,all,various,static_ui_sink,route.ts,src/app/api/newsletter/subscribe/route.ts,290,,Too many subscription attempts. Please try again in a few minutes. | Enter a valid email address. | Enter a valid email address. | Enter a valid email address. | Enter a valid email address. | Newsletter updates are paused for this email because of a delivery safety signal. Please contact support if this is a mistake. | You're already subscribed to Kurioticket updates. | Thanks! You're subscribed to Kurioticket updates.,es-es;fr;de-de;it-it;pt-br;nl;ar;zh-cn;ja;ko;hi;tr;pl;sv;id;th;vi,hardcoded_visible_text,hardcoded_english,visible,false,false,false,,,9 UI-sink/context AST hit(s); examples and confidence retained.,visible literals,Not all source strings are considered visible; only classified UI sinks/configuration are included.
GLV4-043,medium,confirmed,import graph routes,all,various,static_ui_sink,loading.tsx,src/app/cars/details/[id]/loading.tsx,2,,Loading car details,es-es;fr;de-de;it-it;pt-br;nl;ar;zh-cn;ja;ko;hi;tr;pl;sv;id;th;vi,hardcoded_visible_text,hardcoded_english,both,false,true,false,,,1 UI-sink/context AST hit(s); examples and confidence retained.,visible literals,Not all source strings are considered visible; only classified UI sinks/configuration are included.
GLV4-044,medium,manual_review,import graph routes,all,various,static_ui_sink,page.tsx,src/app/cars/details/[id]/page.tsx,19,,Car unavailable | This vehicle cannot be displayed for the current search. | Back to Cars results,es-es;fr;de-de;it-it;pt-br;nl;ar;zh-cn;ja;ko;hi;tr;pl;sv;id;th;vi,hardcoded_visible_text_candidate,hardcoded_english,visible,false,false,false,,,3 UI-sink/context AST hit(s); examples and confidence retained.,visible literals,Not all source strings are considered visible; only classified UI sinks/configuration are included.
GLV4-045,medium,manual_review,import graph routes,all,various,static_ui_sink,page.tsx,src/app/cars/page.tsx,839,,"`grid grid-cols-1 gap-2 sm:grid-cols-2 sm:gap-0 sm:rounded-xl sm:border sm:border-slate-200/85 sm:bg-white lg:gap-0 ${
              values.returnToDifferentLocation
                ? ""lg:grid-cols-[minmax(0,1.3fr)_minmax(0,1.25fr)_minmax(0 | `flex h-7 w-full items-center border-none bg-transparent py-0 text-start text-[16px] font-semibold focus:outline-none sm:hidden ${
                      values.pickupLocation
                        ? ""text-slate-950""
                       | `flex h-7 w-full items-center border-t border-slate-100 bg-transparent py-0 pt-1.5 text-start text-[16px] font-semibold focus:outline-none sm:hidden ${
                        values.dropoffLocation
                          ? ""text-slate-9 | `relative sm:border-b sm:border-slate-200/80 lg:border-b-0 lg:border-e ${
                datesOpen ? ""z-[260]"" : ""z-10""
              }` | `relative sm:border-e sm:border-slate-200/80 ${
                timesOpen ? ""z-[250]"" : ""z-10""
              }` | `h-4 w-4 shrink-0 text-slate-500 transition-transform duration-150 ${driverAgeOpen ? ""rotate-180"" : """"}` | `${carsDesktopPopoverClassName} overflow-hidden` | `block truncate ${pickupDate ? ""text-slate-950"" : ""text-slate-400""}`",es-es;fr;de-de;it-it;pt-br;nl;ar;zh-cn;ja;ko;hi;tr;pl;sv;id;th;vi,hardcoded_visible_text_candidate,hardcoded_english,visible,false,false,false,,,13 UI-sink/context AST hit(s); examples and confidence retained.,visible literals,Not all source strings are considered visible; only classified UI sinks/configuration are included.
GLV4-046,medium,confirmed,import graph routes,all,various,static_ui_sink,loading.tsx,src/app/cars/results/loading.tsx,2,,Loading car results,es-es;fr;de-de;it-it;pt-br;nl;ar;zh-cn;ja;ko;hi;tr;pl;sv;id;th;vi,hardcoded_visible_text,hardcoded_english,both,false,true,false,,,1 UI-sink/context AST hit(s); examples and confidence retained.,visible literals,Not all source strings are considered visible; only classified UI sinks/configuration are included.
GLV4-047,medium,manual_review,import graph routes,all,various,static_ui_sink,page.tsx,src/app/contact/page.tsx,31,,"Contact Kurioticket | Contact us | Need help with Kurioticket? Use the support page to share account, search, saved trip, alert, or provider redirect questions. Please do not send full payment card numbers, government ID numbers, or sensitive travel document numbers. | Support requests | Kurioticket support is handled through the support form while contact options are prepared for launch. The form helps route your request with the context our team needs. | Go to support | What to include | If you completed a booking with an airline, hotel, rental car company, travel agency, or other external provider, contact that provider for booking changes, cancellations, refunds, receipts, check-in, or travel documents.",es-es;fr;de-de;it-it;pt-br;nl;ar;zh-cn;ja;ko;hi;tr;pl;sv;id;th;vi,hardcoded_visible_text_candidate,hardcoded_english,visible,false,false,false,,,9 UI-sink/context AST hit(s); examples and confidence retained.,visible literals,Not all source strings are considered visible; only classified UI sinks/configuration are included.
GLV4-048,medium,manual_review,import graph routes,all,various,static_ui_sink,PriceAlertsContent.tsx,src/app/dashboard/alerts/PriceAlertsContent.tsx,82,,"Departure date | Return date | Mode | Automatic | Target | Notify me about meaningful price drops. | `Notify me when the price reaches ${formatMoney(alert.targetPrice, alert.currency)}.` | Current price",es-es;fr;de-de;it-it;pt-br;nl;ar;zh-cn;ja;ko;hi;tr;pl;sv;id;th;vi,hardcoded_visible_text_candidate,hardcoded_english,both,false,false,false,,,18 UI-sink/context AST hit(s); examples and confidence retained.,visible literals,Not all source strings are considered visible; only classified UI sinks/configuration are included.
GLV4-049,medium,manual_review,import graph routes,all,various,static_ui_sink,loading.tsx,src/app/dashboard/loading.tsx,7,,Loading page...,es-es;fr;de-de;it-it;pt-br;nl;ar;zh-cn;ja;ko;hi;tr;pl;sv;id;th;vi,hardcoded_visible_text_candidate,hardcoded_english,visible,false,false,false,,,1 UI-sink/context AST hit(s); examples and confidence retained.,visible literals,Not all source strings are considered visible; only classified UI sinks/configuration are included.
GLV4-050,medium,confirmed,import graph routes,all,various,static_ui_sink,BookingPreferencesContent.tsx,src/app/dashboard/preferences/booking/BookingPreferencesContent.tsx,107,,idle | idle | error | idle | saving | success | error | idle,es-es;fr;de-de;it-it;pt-br;nl;ar;zh-cn;ja;ko;hi;tr;pl;sv;id;th;vi,hardcoded_visible_text,hardcoded_english,visible,false,false,false,,,11 UI-sink/context AST hit(s); examples and confidence retained.,visible literals,Not all source strings are considered visible; only classified UI sinks/configuration are included.
GLV4-051,medium,confirmed,import graph routes,all,various,static_ui_sink,CustomizationPreferencesContent.tsx,src/app/dashboard/preferences/customization/CustomizationPreferencesContent.tsx,75,,relative inline-flex h-7 w-12 items-center rounded-full bg-[#004BB8] shadow-sm transition | relative inline-flex h-7 w-12 items-center rounded-full bg-slate-300 shadow-sm transition | inline-block h-5 w-5 translate-x-6 rounded-full bg-slate-50 shadow-sm transition | inline-block h-5 w-5 translate-x-1 rounded-full bg-slate-50 shadow-sm transition | idle | idle | idle | idle,es-es;fr;de-de;it-it;pt-br;nl;ar;zh-cn;ja;ko;hi;tr;pl;sv;id;th;vi,hardcoded_visible_text,hardcoded_english,visible,false,false,false,,,17 UI-sink/context AST hit(s); examples and confidence retained.,visible literals,Not all source strings are considered visible; only classified UI sinks/configuration are included.
GLV4-052,medium,manual_review,import graph routes,all,various,static_ui_sink,EmailPreferencesContent.tsx,src/app/dashboard/preferences/email/EmailPreferencesContent.tsx,81,,`${label}: ${checked ? onLabel : offLabel}` | `${label}: ${checked ? onLabel : offLabel}` | relative inline-flex h-7 w-12 items-center rounded-full bg-[#004BB8] shadow-sm transition | relative inline-flex h-7 w-12 items-center rounded-full bg-slate-300 shadow-sm transition | inline-block h-5 w-5 translate-x-6 rounded-full bg-slate-50 shadow-sm transition | inline-block h-5 w-5 translate-x-1 rounded-full bg-slate-50 shadow-sm transition | idle | idle,es-es;fr;de-de;it-it;pt-br;nl;ar;zh-cn;ja;ko;hi;tr;pl;sv;id;th;vi,hardcoded_visible_text_candidate,hardcoded_english,both,false,false,false,,,23 UI-sink/context AST hit(s); examples and confidence retained.,visible literals,Not all source strings are considered visible; only classified UI sinks/configuration are included.
GLV4-053,medium,manual_review,import graph routes,all,various,static_ui_sink,TripsManagementPage.tsx,src/app/dashboard/trips/TripsManagementPage.tsx,43,,"`rounded-full px-4 py-2 text-sm font-semibold ${active === tab ? ""bg-[#004bb8] text-white"" : ""bg-slate-100 text-slate-700""}` | `${trip.currency} ${trip.totalAmount.toFixed(2)}`",es-es;fr;de-de;it-it;pt-br;nl;ar;zh-cn;ja;ko;hi;tr;pl;sv;id;th;vi,hardcoded_visible_text_candidate,hardcoded_english,visible,false,false,false,,,2 UI-sink/context AST hit(s); examples and confidence retained.,visible literals,Not all source strings are considered visible; only classified UI sinks/configuration are included.
GLV4-054,medium,confirmed,import graph routes,all,various,static_ui_sink,page.tsx,src/app/dashboard/trips/page.tsx,7,,My Trips,es-es;fr;de-de;it-it;pt-br;nl;ar;zh-cn;ja;ko;hi;tr;pl;sv;id;th;vi,hardcoded_visible_text,hardcoded_english,visible,false,false,false,,,1 UI-sink/context AST hit(s); examples and confidence retained.,visible literals,Not all source strings are considered visible; only classified UI sinks/configuration are included.
GLV4-055,medium,manual_review,import graph routes,all,various,static_ui_sink,layout.tsx,src/app/deals/layout.tsx,6,,"Packages | Packages are temporarily unavailable | Flight, hotel, and car search remain available independently. | Explore travel",es-es;fr;de-de;it-it;pt-br;nl;ar;zh-cn;ja;ko;hi;tr;pl;sv;id;th;vi,hardcoded_visible_text_candidate,hardcoded_english,visible,false,false,false,,,4 UI-sink/context AST hit(s); examples and confidence retained.,visible literals,Not all source strings are considered visible; only classified UI sinks/configuration are included.
GLV4-056,medium,manual_review,import graph routes,all,various,static_ui_sink,page.tsx,src/app/deals/page.tsx,156,,"`object-cover ${pathname === ""/packages"" ? ""object-[center_66%] sm:object-[center_52%] lg:object-[center_62%]"" : ""object-[center_52%] lg:object-[center_48%]""}` | `page-shell absolute inset-x-0 bottom-[calc(-1_*_var(--deals-search-outside))] z-20 lg:bottom-0 ${pathname === ""/packages"" ? ""lg:translate-y-[var(--deals-search-outside)]"" : ""lg:translate-y-[56%]""}` | packages-landing | desktop-landing | `${t(""deals.destinationCardAriaPrefix"")} ${t(`deals.destination.${key}.city`)}` | `${t(""deals.destinationCardAriaPrefix"")} ${t(`deals.destination.${key}.city`)}`",es-es;fr;de-de;it-it;pt-br;nl;ar;zh-cn;ja;ko;hi;tr;pl;sv;id;th;vi,hardcoded_visible_text_candidate,hardcoded_english,both,false,false,false,,,6 UI-sink/context AST hit(s); examples and confidence retained.,visible literals,Not all source strings are considered visible; only classified UI sinks/configuration are included.
GLV4-057,medium,manual_review,import graph routes,all,various,static_ui_sink,page.tsx,src/app/destinations/page.tsx,624,,"`#${getRegionId(section.region)}` | page | `shrink-0 rounded-full border px-4 py-2 text-sm font-black shadow-sm backdrop-blur transition focus-visible:outline-none focus-visible:ring-4 focus-visible:ring-white/25 ${
                      isActive
                        ? ""border-wh | `mb-3 h-1.5 w-16 rounded-full bg-gradient-to-r ${section.accent}` | `${destination.region}-${destination.name}` | `${displayName}, ${displayCountry} ${imageAltSuffix}`",es-es;fr;de-de;it-it;pt-br;nl;ar;zh-cn;ja;ko;hi;tr;pl;sv;id;th;vi,hardcoded_visible_text_candidate,hardcoded_english,visible,false,false,false,,,6 UI-sink/context AST hit(s); examples and confidence retained.,visible literals,Not all source strings are considered visible; only classified UI sinks/configuration are included.
GLV4-058,medium,manual_review,import graph routes,all,various,static_ui_sink,loading.tsx,src/app/explore/loading.tsx,7,,Loading page...,es-es;fr;de-de;it-it;pt-br;nl;ar;zh-cn;ja;ko;hi;tr;pl;sv;id;th;vi,hardcoded_visible_text_candidate,hardcoded_english,visible,false,false,false,,,1 UI-sink/context AST hit(s); examples and confidence retained.,visible literals,Not all source strings are considered visible; only classified UI sinks/configuration are included.
GLV4-059,medium,confirmed,import graph routes,all,various,static_ui_sink,FaqContent.tsx,src/app/faq/FaqContent.tsx,84,,flex-1 bg-gradient-to-b from-[#f8f7ff] via-white to-white pb-10 pt-0 | flex-1 bg-gradient-to-b from-[#f8f7ff] via-white to-white pb-10 pt-0 sm:pt-5 lg:pt-5,es-es;fr;de-de;it-it;pt-br;nl;ar;zh-cn;ja;ko;hi;tr;pl;sv;id;th;vi,hardcoded_visible_text,hardcoded_english,visible,false,false,false,,,2 UI-sink/context AST hit(s); examples and confidence retained.,visible literals,Not all source strings are considered visible; only classified UI sinks/configuration are included.
GLV4-060,medium,confirmed,import graph routes,all,various,static_ui_sink,layout.tsx,src/app/flights/layout.tsx,7,,"main.bg-slate-50 > section.border-y {
          border-top-color: rgb(203 213 225 / 0.9);
          border-bottom-color: rgb(148 163 184 / 0.78);
          box-shadow: inset 0 -1px 0 rgb(100 116 139 / 0.16);
        }

        main.bg-slate-50 > section.border-y .page-shell {
          padding-top: 2.15rem;
          padding-bottom: 2.15rem;
        }

        main.bg-slate-50 > section.border-y article {
          gap: 1rem;
        }

        main.bg-slate-50 > section.border-y article > div:first-child {
          height: 3.75rem;
          width: 3.75rem;
          border-radius: 1.15rem;
        }

        main.bg-slate-50 > section.border-y article svg {
          height: 3.1rem;
          width: 3.1rem;
        }

        main.bg-slate-50 > section.border-y article h2 {
          font-size: 1.045rem;
          line-height: 1.55rem;
        }

        main.bg-slate-50 > section.border-y article p {
          font-size: 0.94rem;
          line-height: 1.62rem;
        }

        [data-standalone-flight-desktop-popover] p.mb-1,
        [data-flight-mobile-picker-shell] p.mb-1 {
          display: none;
        }

        [data-standalone-flight-desktop-popover] div:has(> p.mb-1) > h2 {
          margin-bottom: 0.8rem;
          font-size: 1.08rem;
          font-weight: 700;
          letter-spacing: -0.02em;
          color: rgb(15 23 42);
        }

        [data-standalone-flight-desktop-popover] div:has(> p.mb-1) span.block.text-base,
        [data-flight-mobile-picker-shell] div:has(> p.mb-1) span.block.text-base {
          text-transform: capitalize;
          font-weight: 650;
          letter-spacing: -0.01em;
        }

        [data-standalone-flight-desktop-popover] span.min-w-8,
        [data-flight-mobile-picker-shell] span.min-w-8 {
          font-weight: 700;
        }

        [data-standalone-flight-desktop-popover] p.uppercase {
          font-weight: 650;
          letter-spacing: 0.12em;
        }

        [data-standalone-flight-desktop-popover] .grid.grid-cols-3 button,
        [data-flight-mobile-picker-shell] .grid.grid-cols-3 button {
          font-weight: 600;
        }

        main.bg-slate-50 > section.page-shell.space-y-12 > div > div.mb-5 > h2,
        main.bg-slate-50 > section.page-shell.space-y-12 > section > div > h2 {
          font-weight: 700;
          letter-spacing: -0.025em;
          color: rgb(2 6 23);
        }

        main.bg-slate-50 > section.page-shell.space-y-12 > div > div.mb-5 > p,
        main.bg-slate-50 > section.page-shell.space-y-12 > section > div > p {
          margin-top: 0.5rem;
          font-size: 0.875rem;
          font-weight: 500;
          line-height: 1.5rem;
          color: rgb(71 85 105);
        }

        main.bg-slate-50 > section.border-y + section.page-shell {
          margin-top: 3.5rem;
        }

        @media (min-width: 640px) {
          main.bg-slate-50 > section.border-y .page-shell {
            padding-top: 2.35rem;
            padding-bottom: 2.35rem;
          }

          main.bg-slate-50 > section.border-y article {
            padding-top: 0.55rem;
            padding-bottom: 0.55rem;
          }

          main.bg-slate-50 > section.page-shell.space-y-12 > div > div.mb-5 > p,
          main.bg-slate-50 > section.page-shell.space-y-12 > section > div > p {
            font-size: 1rem;
          }

          main.bg-slate-50 > section.border-y + section.page-shell {
            margin-top: 3.75rem;
          }
        }

        @media (min-width: 1024px) {
          main.bg-slate-50 > section.border-y .page-shell {
            padding-top: 2.55rem;
            padding-bottom: 2.55rem;
          }

          main.bg-slate-50 > section.border-y + section.page-shell {
            margin-top: 4rem;
          }
        }",es-es;fr;de-de;it-it;pt-br;nl;ar;zh-cn;ja;ko;hi;tr;pl;sv;id;th;vi,hardcoded_visible_text,hardcoded_english,visible,false,false,false,,,1 UI-sink/context AST hit(s); examples and confidence retained.,visible literals,Not all source strings are considered visible; only classified UI sinks/configuration are included.
GLV4-061,medium,manual_review,import graph routes,all,various,static_ui_sink,page.tsx,src/app/guides/page.tsx,27,,`/guides/${guide}`,es-es;fr;de-de;it-it;pt-br;nl;ar;zh-cn;ja;ko;hi;tr;pl;sv;id;th;vi,hardcoded_visible_text_candidate,hardcoded_english,visible,false,false,false,,,1 UI-sink/context AST hit(s); examples and confidence retained.,visible literals,Not all source strings are considered visible; only classified UI sinks/configuration are included.
GLV4-062,medium,manual_review,import graph routes,all,various,static_ui_sink,page.tsx,src/app/hotels/page.tsx,154,,"`group flex h-full min-w-0 flex-col overflow-hidden border bg-white transition duration-300 hover:-translate-y-0.5 hover:border-slate-300 hover:shadow-[0_14px_30px_-26px_rgba(15,23,42,0.38)] focus-visible:outline-none focus-visible:ring-4 f | `relative w-full overflow-hidden bg-slate-100 ${
          isFeatured
            ? hasMobilePolish
              ? ""aspect-[16/10] sm:h-[20rem] sm:aspect-auto md:h-[24rem] lg:h-[25rem]""
              : ""h-[18rem] sm:h-[20rem] md:h-[24rem]  | p-3.5 sm:p-4 | flex flex-1 flex-col p-[1.125rem] sm:p-4 md:p-5 | p-4 md:p-5 | text-base font-semibold leading-tight tracking-[-0.012em] text-slate-900 sm:text-lg | text-lg font-semibold leading-snug tracking-[-0.012em] text-slate-900 sm:leading-tight md:text-xl | text-lg font-semibold leading-tight tracking-[-0.012em] text-slate-900 md:text-xl",es-es;fr;de-de;it-it;pt-br;nl;ar;zh-cn;ja;ko;hi;tr;pl;sv;id;th;vi,hardcoded_visible_text_candidate,hardcoded_english,visible,false,false,false,,,13 UI-sink/context AST hit(s); examples and confidence retained.,visible literals,Not all source strings are considered visible; only classified UI sinks/configuration are included.
GLV4-063,medium,confirmed,import graph routes,all,various,static_ui_sink,page.tsx,src/app/legal-center/page.tsx,4,,Legal Center | Kurioticket,es-es;fr;de-de;it-it;pt-br;nl;ar;zh-cn;ja;ko;hi;tr;pl;sv;id;th;vi,hardcoded_visible_text,hardcoded_english,visible,false,false,false,,,1 UI-sink/context AST hit(s); examples and confidence retained.,visible literals,Not all source strings are considered visible; only classified UI sinks/configuration are included.
GLV4-064,medium,manual_review,import graph routes,all,various,static_ui_sink,LegalPageContent.tsx,src/app/legal/LegalPageContent.tsx,121,,`mailto:${contact.email}` | `/legal/${document.slug}`,es-es;fr;de-de;it-it;pt-br;nl;ar;zh-cn;ja;ko;hi;tr;pl;sv;id;th;vi,hardcoded_visible_text_candidate,hardcoded_english,visible,false,false,false,,,2 UI-sink/context AST hit(s); examples and confidence retained.,visible literals,Not all source strings are considered visible; only classified UI sinks/configuration are included.
GLV4-065,medium,confirmed,import graph routes,all,various,static_ui_sink,page.tsx,src/app/legal/page.tsx,5,,Legal Center,es-es;fr;de-de;it-it;pt-br;nl;ar;zh-cn;ja;ko;hi;tr;pl;sv;id;th;vi,hardcoded_visible_text,hardcoded_english,visible,false,false,false,,,1 UI-sink/context AST hit(s); examples and confidence retained.,visible literals,Not all source strings are considered visible; only classified UI sinks/configuration are included.
GLV4-066,medium,confirmed,import graph routes,all,various,static_ui_sink,page.tsx,src/app/onboarding/page.tsx,30,,"Delta, United",es-es;fr;de-de;it-it;pt-br;nl;ar;zh-cn;ja;ko;hi;tr;pl;sv;id;th;vi,hardcoded_visible_text,hardcoded_english,visible,false,false,false,,,1 UI-sink/context AST hit(s); examples and confidence retained.,visible literals,Not all source strings are considered visible; only classified UI sinks/configuration are included.
GLV4-067,medium,manual_review,import graph routes,all,various,static_ui_sink,page.tsx,src/app/page.tsx,1172,,"top-row | bottom-row | `-mx-4 overflow-x-auto px-4 [scrollbar-width:none] [&::-webkit-scrollbar]:hidden ${
                      rowIndex === 0 ? ""pb-1"" : ""pb-2""
                    }` | `regional-${item.id}` | `country-directory-column-${columnIndex}` | `${columnIndex % 2 === 1 ? ""sm:border-l sm:border-slate-100"" : """"} ${columnIndex > 0 ? ""lg:border-l lg:border-slate-100"" : """"}` | true | false",es-es;fr;de-de;it-it;pt-br;nl;ar;zh-cn;ja;ko;hi;tr;pl;sv;id;th;vi,hardcoded_visible_text_candidate,hardcoded_english,both,false,false,false,,,32 UI-sink/context AST hit(s); examples and confidence retained.,visible literals,Not all source strings are considered visible; only classified UI sinks/configuration are included.
GLV4-068,medium,confirmed,import graph routes,all,various,static_ui_sink,page.tsx,src/app/privacy/page.tsx,6,,Privacy Policy,es-es;fr;de-de;it-it;pt-br;nl;ar;zh-cn;ja;ko;hi;tr;pl;sv;id;th;vi,hardcoded_visible_text,hardcoded_english,visible,false,false,false,,,1 UI-sink/context AST hit(s); examples and confidence retained.,visible literals,Not all source strings are considered visible; only classified UI sinks/configuration are included.
GLV4-069,medium,confirmed,import graph routes,all,various,static_ui_sink,SupportContent.tsx,src/app/support/SupportContent.tsx,68,,text-3xl font-semibold tracking-tight text-slate-950 sm:text-[2rem] | mt-2 text-3xl font-bold tracking-tight text-navy sm:text-4xl | text-lg font-semibold text-slate-900 | text-xl font-bold text-navy | mt-2 text-sm leading-6 text-slate-600 sm:text-base sm:leading-7 | mt-2 text-sm leading-6 text-muted sm:text-base | flex-1 bg-white pb-10 pt-0 | page-shell flex-1 pb-10 pt-8 sm:pt-10 lg:pt-12,es-es;fr;de-de;it-it;pt-br;nl;ar;zh-cn;ja;ko;hi;tr;pl;sv;id;th;vi,hardcoded_visible_text,hardcoded_english,visible,false,false,false,,,8 UI-sink/context AST hit(s); examples and confidence retained.,visible literals,Not all source strings are considered visible; only classified UI sinks/configuration are included.
GLV4-070,medium,manual_review,import graph routes,admin,various,static_ui_sink,AccountDeletionManageForm.tsx,src/components/admin/AccountDeletionManageForm.tsx,36,,"Unable to update request. | Deletion request updated. | Safe admin actions | These controls update lifecycle tracking only. They do not hard-delete users or automatically anonymize data. | Review notes | Document retention/anonymization checks, support context, and next steps. | Admin reference | Internal review reference or case id",es-es;fr;de-de;it-it;pt-br;nl;ar;zh-cn;ja;ko;hi;tr;pl;sv;id;th;vi,hardcoded_visible_text_candidate,hardcoded_english,both,false,false,false,,,13 UI-sink/context AST hit(s); examples and confidence retained.,visible literals,Not all source strings are considered visible; only classified UI sinks/configuration are included.
GLV4-071,medium,manual_review,import graph routes,admin,various,static_ui_sink,AdminPageShellHistorical.tsx,src/components/admin/AdminPageShellHistorical.tsx,63,,"Internal operations | Admin navigation | `inline-flex items-center gap-2 rounded-xl px-3 py-2 text-sm font-bold transition lg:w-full ${
        active
          ? ""bg-indigo-50 text-indigo-800 ring-1 ring-indigo-100""
          : ""text-slate-600 hover:bg-slate-50 hover:text-slate-9 | page | text-indigo-700 | text-slate-400 | Kurioticket Admin | Secure internal workspace",es-es;fr;de-de;it-it;pt-br;nl;ar;zh-cn;ja;ko;hi;tr;pl;sv;id;th;vi,hardcoded_visible_text_candidate,hardcoded_english,both,false,false,false,,,38 UI-sink/context AST hit(s); examples and confidence retained.,visible literals,Not all source strings are considered visible; only classified UI sinks/configuration are included.
GLV4-072,medium,manual_review,import graph routes,admin,various,static_ui_sink,FeatureControlsPanel.tsx,src/components/admin/FeatureControlsPanel.tsx,25,,"risk · | `mt-2 rounded-full px-3 py-1 text-sm font-bold ${control.state.enabled ? ""bg-emerald-100 text-emerald-800"" : ""bg-slate-200 text-slate-700""} disabled:cursor-not-allowed disabled:opacity-50` | Enabled | Disabled | `Changed ${new Date(control.state.updatedAt).toLocaleDateString()}` | Registry default | Enable | Disable",es-es;fr;de-de;it-it;pt-br;nl;ar;zh-cn;ja;ko;hi;tr;pl;sv;id;th;vi,hardcoded_visible_text_candidate,hardcoded_english,visible,false,false,false,,,15 UI-sink/context AST hit(s); examples and confidence retained.,visible literals,Not all source strings are considered visible; only classified UI sinks/configuration are included.
GLV4-073,medium,manual_review,import graph routes,admin,various,static_ui_sink,HomepageFaresRefreshCard.tsx,src/components/admin/HomepageFaresRefreshCard.tsx,90,,"Needs attention | Homepage fares are missing or stale. Refresh fares before relying on homepage prices. | `Homepage fares refreshed. ${counts.refreshed} refreshed, ${counts.unavailable} unavailable, ${counts.failed} failed, ${counts.retained} retained, ${counts.skipped} skipped. Provider calls used: ${counts.providerCalls}. Stopped: ${formatSto | Could not refresh homepage fares. Please try again or check provider status. | Homepage fare operations | Production readiness dashboard | Monitor provider-backed homepage fare coverage by public market, fallback pool, route health, refresh state, and underfill cause without changing pricing logic. | Global readiness at a glance",es-es;fr;de-de;it-it;pt-br;nl;ar;zh-cn;ja;ko;hi;tr;pl;sv;id;th;vi,hardcoded_visible_text_candidate,hardcoded_english,both,false,false,false,,,133 UI-sink/context AST hit(s); examples and confidence retained.,visible literals,Not all source strings are considered visible; only classified UI sinks/configuration are included.
GLV4-074,medium,manual_review,import graph routes,admin,various,static_ui_sink,PreviewTesterRegistry.tsx,src/components/admin/PreviewTesterRegistry.tsx,44,,Email | Team member email | Access expiration | Roles | `role-${role}` | `Explain ${TEAM_ACCESS_ROLE_DEFINITIONS[role].label} role` | `Explain ${TEAM_ACCESS_ROLE_DEFINITIONS[role].label} role` | Approval reason (optional),es-es;fr;de-de;it-it;pt-br;nl;ar;zh-cn;ja;ko;hi;tr;pl;sv;id;th;vi,hardcoded_visible_text_candidate,hardcoded_english,both,false,false,false,,,30 UI-sink/context AST hit(s); examples and confidence retained.,visible literals,Not all source strings are considered visible; only classified UI sinks/configuration are included.
GLV4-075,medium,manual_review,import graph routes,admin,various,static_ui_sink,ProviderHealthPanel.tsx,src/components/admin/ProviderHealthPanel.tsx,54,,Provider health | Flight metasearch infrastructure | Duffel is the active flight provider. Paused providers are not treated as failures. | Checking... | Run health check | Sign in as an admin listed in ADMIN_EMAILS to run provider health checks. | Duffel | Yes,es-es;fr;de-de;it-it;pt-br;nl;ar;zh-cn;ja;ko;hi;tr;pl;sv;id;th;vi,hardcoded_visible_text_candidate,hardcoded_english,both,false,false,false,,,27 UI-sink/context AST hit(s); examples and confidence retained.,visible literals,Not all source strings are considered visible; only classified UI sinks/configuration are included.
GLV4-076,medium,confirmed,import graph routes,admin,various,static_ui_sink,ProviderRetestButton.tsx,src/components/admin/ProviderRetestButton.tsx,20,,Duffel is healthy. | Duffel is not healthy. Check server logs and credentials. | Retesting... | Retest Duffel,es-es;fr;de-de;it-it;pt-br;nl;ar;zh-cn;ja;ko;hi;tr;pl;sv;id;th;vi,hardcoded_visible_text,hardcoded_english,visible,false,false,false,,,4 UI-sink/context AST hit(s); examples and confidence retained.,visible literals,Not all source strings are considered visible; only classified UI sinks/configuration are included.
GLV4-077,medium,manual_review,import graph routes,admin,various,static_ui_sink,SupportTicketActions.tsx,src/components/admin/SupportTicketActions.tsx,33,,Unable to add reply. | Unable to update status. | Reply to customer | Send a visible support reply to the ticket email address. | Reply message | Write a concise support reply... | Sending | Reply,es-es;fr;de-de;it-it;pt-br;nl;ar;zh-cn;ja;ko;hi;tr;pl;sv;id;th;vi,hardcoded_visible_text_candidate,hardcoded_english,visible,false,false,false,,,13 UI-sink/context AST hit(s); examples and confidence retained.,visible literals,Not all source strings are considered visible; only classified UI sinks/configuration are included.
GLV4-078,medium,manual_review,import graph routes,admin,various,static_ui_sink,UserStatusActions.tsx,src/components/admin/UserStatusActions.tsx,117,,Current admin | Protected admin | secondary | ghost | Demote to User | `Make ${editableRole}` | Reactivate | Suspend,es-es;fr;de-de;it-it;pt-br;nl;ar;zh-cn;ja;ko;hi;tr;pl;sv;id;th;vi,hardcoded_visible_text_candidate,hardcoded_english,visible,false,false,false,,,19 UI-sink/context AST hit(s); examples and confidence retained.,visible literals,Not all source strings are considered visible; only classified UI sinks/configuration are included.
GLV4-079,medium,manual_review,import graph routes,all,various,static_ui_sink,OnboardingSecurityForm.tsx,src/components/auth/OnboardingSecurityForm.tsx,17,,"This browser or device does not appear to support passkeys. You can continue now and add a passkey later from Security Settings. | Passkey added. You can now use this device, password manager, or security key to sign in to Kurioticket. | Unable to set up passkey. | Account security | Secure your Kurioticket account with a passkey | Passkeys let you sign in faster and more securely using Face ID, fingerprint, Windows Hello, your device screen lock, password manager, or security key. | Kurioticket never receives your fingerprint, face, device PIN, or private key. | This browser or device does not appear to support passkeys. You can continue now and add a passkey later from Security Settings.",es-es;fr;de-de;it-it;pt-br;nl;ar;zh-cn;ja;ko;hi;tr;pl;sv;id;th;vi,hardcoded_visible_text_candidate,hardcoded_english,visible,false,false,false,,,13 UI-sink/context AST hit(s); examples and confidence retained.,visible literals,Not all source strings are considered visible; only classified UI sinks/configuration are included.
GLV4-080,medium,confirmed,import graph routes,all,various,static_ui_sink,CurrencyRatesProvider.tsx,src/components/currency/CurrencyRatesProvider.tsx,69,,Currency rates unavailable; emergency fallback estimates are being used.,es-es;fr;de-de;it-it;pt-br;nl;ar;zh-cn;ja;ko;hi;tr;pl;sv;id;th;vi,hardcoded_visible_text,hardcoded_english,visible,false,false,false,,,1 UI-sink/context AST hit(s); examples and confidence retained.,visible literals,Not all source strings are considered visible; only classified UI sinks/configuration are included.
GLV4-081,medium,manual_review,import graph routes,all,various,static_ui_sink,AccountDetailShell.tsx,src/components/dashboard/AccountDetailShell.tsx,15,,`page-shell min-w-0 ${className}`,es-es;fr;de-de;it-it;pt-br;nl;ar;zh-cn;ja;ko;hi;tr;pl;sv;id;th;vi,hardcoded_visible_text_candidate,hardcoded_english,visible,false,false,false,,,1 UI-sink/context AST hit(s); examples and confidence retained.,visible literals,Not all source strings are considered visible; only classified UI sinks/configuration are included.
GLV4-082,medium,manual_review,import graph routes,all,various,static_ui_sink,DashboardGrid.tsx,src/components/dashboard/DashboardGrid.tsx,386,,"`account-panel-${panel.titleKey.replace(/[^a-z0-9]+/g, ""-"")}` | `account-panel-${panel.titleKey.replace(/[^a-z0-9]+/g, ""-"")}` | `${row.href}-${row.labelKey}` | `${countryName} flag` | `${countryName} flag` | State / Region | `${label} country calling code` | `${label} country calling code`",es-es;fr;de-de;it-it;pt-br;nl;ar;zh-cn;ja;ko;hi;tr;pl;sv;id;th;vi,hardcoded_visible_text_candidate,hardcoded_english,both,false,false,false,,,110 UI-sink/context AST hit(s); examples and confidence retained.,visible literals,Not all source strings are considered visible; only classified UI sinks/configuration are included.
GLV4-083,medium,manual_review,import graph routes,all,various,static_ui_sink,FlightLandingClient.tsx,src/components/flights/FlightLandingClient.tsx,426,,"`group relative block h-[9.5rem] overflow-hidden rounded-2xl border border-white/70 bg-slate-100 shadow-[0_12px_30px_rgba(15,23,42,0.08)] transition duration-200 hover:-translate-y-0.5 hover:border-[#004BB8]/20 hover:shadow-[0_16px_36px_rgb | `inline-flex h-12 w-12 shrink-0 items-center justify-center rounded-2xl bg-white shadow-sm ring-1 sm:h-14 sm:w-14 ${ringClassName}`",es-es;fr;de-de;it-it;pt-br;nl;ar;zh-cn;ja;ko;hi;tr;pl;sv;id;th;vi,hardcoded_visible_text_candidate,hardcoded_english,visible,false,false,false,,,2 UI-sink/context AST hit(s); examples and confidence retained.,visible literals,Not all source strings are considered visible; only classified UI sinks/configuration are included.
GLV4-084,medium,manual_review,import graph routes,all,various,static_ui_sink,CountryFlag.tsx,src/components/home/CountryFlag.tsx,28,,`inline-flex shrink-0 items-center bg-transparent ${flagSizeClass[size]}`,es-es;fr;de-de;it-it;pt-br;nl;ar;zh-cn;ja;ko;hi;tr;pl;sv;id;th;vi,hardcoded_visible_text_candidate,hardcoded_english,visible,false,false,false,,,1 UI-sink/context AST hit(s); examples and confidence retained.,visible literals,Not all source strings are considered visible; only classified UI sinks/configuration are included.
GLV4-085,medium,manual_review,import graph routes,all,various,static_ui_sink,AppHeader.tsx,src/components/layout/AppHeader.tsx,564,,"`https://flagcdn.com/${countryCode.toLowerCase()}.svg` | `https://flagcdn.com/${countryCode.toLowerCase()}.svg` | Kurioticket home | `flex min-h-[4.25rem] cursor-pointer items-start justify-between gap-3 rounded-none border px-3 py-2.5 text-start transition-colors focus-visible:outline-none focus-visible:ring-2 focus-visible:ring-[#004BB8]/25 ${
                          | Primary | `inline-flex min-h-[38px] cursor-pointer items-center gap-2 rounded-full border px-3.5 py-2 text-[15px] font-semibold leading-none tracking-[-0.005em] transition-colors focus-visible:outline-none focus-visible:ring-2 focus-visible:ring-[#00 | Primary | `inline-flex shrink-0 cursor-pointer items-center justify-center rounded-full border leading-none transition-colors focus-visible:outline-none focus-visible:ring-2 focus-visible:ring-[#004BB8]/25 focus-visible:ring-offset-2 ${
             ",es-es;fr;de-de;it-it;pt-br;nl;ar;zh-cn;ja;ko;hi;tr;pl;sv;id;th;vi,hardcoded_visible_text_candidate,hardcoded_english,both,false,false,false,,,10 UI-sink/context AST hit(s); examples and confidence retained.,visible literals,Not all source strings are considered visible; only classified UI sinks/configuration are included.
GLV4-086,medium,confirmed,import graph routes,all,various,static_ui_sink,BrandedLoading.tsx,src/components/layout/BrandedLoading.tsx,25,,Searching the best flights for you | Looking for the best car rental options | Finding the best travel deals for you | Finding the best travel options for you,es-es;fr;de-de;it-it;pt-br;nl;ar;zh-cn;ja;ko;hi;tr;pl;sv;id;th;vi,hardcoded_visible_text,hardcoded_english,visible,false,false,false,,,4 UI-sink/context AST hit(s); examples and confidence retained.,visible literals,Not all source strings are considered visible; only classified UI sinks/configuration are included.
GLV4-087,medium,manual_review,import graph routes,all,various,static_ui_sink,Footer.tsx,src/components/layout/Footer.tsx,114,,`${section.heading}-${link.label}` | `${aboutSection.heading}-${link.label}` | `${section.heading}-${link.label}` | Kurioticket LLC.,es-es;fr;de-de;it-it;pt-br;nl;ar;zh-cn;ja;ko;hi;tr;pl;sv;id;th;vi,hardcoded_visible_text_candidate,hardcoded_english,visible,false,false,false,,,4 UI-sink/context AST hit(s); examples and confidence retained.,visible literals,Not all source strings are considered visible; only classified UI sinks/configuration are included.
GLV4-088,medium,manual_review,import graph routes,all,various,static_ui_sink,RouteProgress.tsx,src/components/layout/RouteProgress.tsx,75,,Loading the next page.,es-es;fr;de-de;it-it;pt-br;nl;ar;zh-cn;ja;ko;hi;tr;pl;sv;id;th;vi,hardcoded_visible_text_candidate,hardcoded_english,visible,false,false,false,,,1 UI-sink/context AST hit(s); examples and confidence retained.,visible literals,Not all source strings are considered visible; only classified UI sinks/configuration are included.
GLV4-089,medium,manual_review,import graph routes,all,various,static_ui_sink,StagingDeploymentBadge.tsx,src/components/layout/StagingDeploymentBadge.tsx,9,,Staging deployment | Kurioticket staging | Staging build | &middot;,es-es;fr;de-de;it-it;pt-br;nl;ar;zh-cn;ja;ko;hi;tr;pl;sv;id;th;vi,hardcoded_visible_text_candidate,hardcoded_english,both,false,false,false,,,4 UI-sink/context AST hit(s); examples and confidence retained.,visible literals,Not all source strings are considered visible; only classified UI sinks/configuration are included.
GLV4-090,medium,manual_review,import graph routes,all,various,static_ui_sink,LegalViewer.tsx,src/components/legal/LegalViewer.tsx,167,,`#${section.id}`,es-es;fr;de-de;it-it;pt-br;nl;ar;zh-cn;ja;ko;hi;tr;pl;sv;id;th;vi,hardcoded_visible_text_candidate,hardcoded_english,visible,false,false,false,,,1 UI-sink/context AST hit(s); examples and confidence retained.,visible literals,Not all source strings are considered visible; only classified UI sinks/configuration are included.
GLV4-091,medium,confirmed,import graph routes,all,various,static_ui_sink,NewsletterPreferencesClient.tsx,src/components/newsletter/NewsletterPreferencesClient.tsx,36,,NOT_FOUND | NOT_FOUND,es-es;fr;de-de;it-it;pt-br;nl;ar;zh-cn;ja;ko;hi;tr;pl;sv;id;th;vi,hardcoded_visible_text,hardcoded_english,visible,false,false,false,,,2 UI-sink/context AST hit(s); examples and confidence retained.,visible literals,Not all source strings are considered visible; only classified UI sinks/configuration are included.
GLV4-092,medium,manual_review,import graph routes,all,various,static_ui_sink,AirlinePreferenceMultiSelect.tsx,src/components/preferences/AirlinePreferenceMultiSelect.tsx,200,,"`${inputContainerClassName} ${
            isOpen && !disabled && !isAtLimit
              ? ""rounded-b-none border-b-slate-200""
              : """"
          } ${disabled || isAtLimit ? ""bg-slate-100 text-slate-500"" : """"}` | `inline-flex max-w-full items-center gap-1.5 rounded-full border px-3 py-1.5 text-sm font-bold ${
                  isKnown
                    ? ""border-blue-100 bg-blue-50 text-[#004BB8]""
                    : ""border-amber-200 bg-amber-5 | `Remove ${getAirlineLabel(value)}` | `Remove ${getAirlineLabel(value)}` | `${helpId} ${statusId}` | `${listboxId}-option-${index}` | `w-full cursor-pointer rounded-none px-3 py-2 text-left transition ${
                      index === activeIndex
                        ? ""bg-blue-50 text-[#004BB8]""
                        : ""text-slate-800 hover:bg-slate-50""
           ",es-es;fr;de-de;it-it;pt-br;nl;ar;zh-cn;ja;ko;hi;tr;pl;sv;id;th;vi,hardcoded_visible_text_candidate,hardcoded_english,both,false,false,false,,,7 UI-sink/context AST hit(s); examples and confidence retained.,visible literals,Not all source strings are considered visible; only classified UI sinks/configuration are included.
GLV4-093,medium,manual_review,import graph routes,all,various,static_ui_sink,AirportPreferenceSelect.tsx,src/components/preferences/AirportPreferenceSelect.tsx,219,,"`${inputClassName} ${
            isOpen && !disabled ? ""border-b-slate-200"" : """"
          }` | `${listboxId}-option-${index}` | `w-full cursor-pointer rounded-none px-3 py-2 text-left transition ${
                    index === activeIndex
                      ? ""bg-blue-50 text-[#004BB8]""
                      : ""text-slate-800 hover:bg-slate-50""
                 ",es-es;fr;de-de;it-it;pt-br;nl;ar;zh-cn;ja;ko;hi;tr;pl;sv;id;th;vi,hardcoded_visible_text_candidate,hardcoded_english,visible,false,false,false,,,3 UI-sink/context AST hit(s); examples and confidence retained.,visible literals,Not all source strings are considered visible; only classified UI sinks/configuration are included.
GLV4-094,medium,manual_review,import graph routes,all,various,static_ui_sink,CountryCurrencySelector.tsx,src/components/region/CountryCurrencySelector.tsx,578,,"`shrink-0 ${chevronClassName}` | `absolute inset-0 bg-slate-950/55 backdrop-blur-[2px] transition-opacity duration-200 ${
                  dialogEntered ? ""opacity-100"" : ""opacity-0""
                }` | `relative z-[1001] h-[100dvh] max-h-[100dvh] w-full max-w-full overflow-y-auto overscroll-contain rounded-none bg-white text-slate-900 shadow-2xl transition duration-200 ease-out [-webkit-overflow-scrolling:touch] md:flex md:h-auto md:max-h | `group flex cursor-pointer items-center justify-between gap-3 rounded-none border px-4 py-3 text-start transition-colors focus-visible:outline-none focus-visible:ring-2 focus-visible:ring-violet-500 ${
                            isActive
  | `flex h-5 w-5 shrink-0 items-center justify-center rounded-none border transition-colors ${
                              isActive
                                ? ""border-violet-600 bg-violet-600 text-white""
                              ",es-es;fr;de-de;it-it;pt-br;nl;ar;zh-cn;ja;ko;hi;tr;pl;sv;id;th;vi,hardcoded_visible_text_candidate,hardcoded_english,visible,false,false,false,,,5 UI-sink/context AST hit(s); examples and confidence retained.,visible literals,Not all source strings are considered visible; only classified UI sinks/configuration are included.
GLV4-095,medium,manual_review,import graph routes,all,various,static_ui_sink,CarDetailsClient.tsx,src/components/results/CarDetailsClient.tsx,38,,"mt-6 | `${date}T${time}` | ` · ${time}` | ` · ${copy(""carDetails.shuttleRequired"")}`",es-es;fr;de-de;it-it;pt-br;nl;ar;zh-cn;ja;ko;hi;tr;pl;sv;id;th;vi,hardcoded_visible_text_candidate,hardcoded_english,visible,false,false,false,,,4 UI-sink/context AST hit(s); examples and confidence retained.,visible literals,Not all source strings are considered visible; only classified UI sinks/configuration are included.
GLV4-096,medium,manual_review,import graph routes,all,various,static_ui_sink,CarResultCard.tsx,src/components/results/CarResultCard.tsx,154,,· Shuttle required | Unlimited mileage | `${car.limitedMileageKm} km included` | Free cancellation | Pay at pickup | Total | Taxes and fees included | Price per day,es-es;fr;de-de;it-it;pt-br;nl;ar;zh-cn;ja;ko;hi;tr;pl;sv;id;th;vi,hardcoded_visible_text_candidate,hardcoded_english,visible,false,false,false,,,8 UI-sink/context AST hit(s); examples and confidence retained.,visible literals,Not all source strings are considered visible; only classified UI sinks/configuration are included.
GLV4-097,medium,manual_review,import graph routes,all,various,static_ui_sink,CarResultImage.tsx,src/components/results/CarResultImage.tsx,35,,`${modelName} vehicle image unavailable` | `${modelName} vehicle image unavailable` | Vehicle image unavailable,es-es;fr;de-de;it-it;pt-br;nl;ar;zh-cn;ja;ko;hi;tr;pl;sv;id;th;vi,hardcoded_visible_text_candidate,hardcoded_english,both,false,false,false,,,3 UI-sink/context AST hit(s); examples and confidence retained.,visible literals,Not all source strings are considered visible; only classified UI sinks/configuration are included.
GLV4-098,medium,manual_review,import graph routes,all,various,static_ui_sink,CarsResultsClient.tsx,src/components/results/CarsResultsClient.tsx,868,,`${idPrefix}-form` | neutral | brand | Breadcrumb | Home | &gt; | Cars | &gt;,es-es;fr;de-de;it-it;pt-br;nl;ar;zh-cn;ja;ko;hi;tr;pl;sv;id;th;vi,hardcoded_visible_text_candidate,hardcoded_english,both,false,false,false,,,20 UI-sink/context AST hit(s); examples and confidence retained.,visible literals,Not all source strings are considered visible; only classified UI sinks/configuration are included.
GLV4-099,medium,manual_review,import graph routes,all,various,static_ui_sink,DealsResultsClient.tsx,src/components/results/DealsResultsClient.tsx,186,,"`flex-1 overflow-x-clip bg-[#f6f8fb] pb-8 ${plan?.flight || plan?.hotel || plan?.car ? ""pb-96 sm:pb-56"" : """"}`",es-es;fr;de-de;it-it;pt-br;nl;ar;zh-cn;ja;ko;hi;tr;pl;sv;id;th;vi,hardcoded_visible_text_candidate,hardcoded_english,visible,false,false,false,,,1 UI-sink/context AST hit(s); examples and confidence retained.,visible literals,Not all source strings are considered visible; only classified UI sinks/configuration are included.
GLV4-100,medium,manual_review,import graph routes,all,various,static_ui_sink,DesktopFlightFilters.tsx,src/components/results/DesktopFlightFilters.tsx,205,,"Reset filters | `${t(""from"").toLowerCase()} ${option.rightLabel}` | `${t(""takeoffTimeFromOrigin"")} (${airportCode || ""—""})` | `${t(""landingTimeAtDestination"")} (${airportCode || ""—""})` | `${t(""from"").toLowerCase()} ${option.rightLabel}`",es-es;fr;de-de;it-it;pt-br;nl;ar;zh-cn;ja;ko;hi;tr;pl;sv;id;th;vi,hardcoded_visible_text_candidate,hardcoded_english,both,false,false,false,,,5 UI-sink/context AST hit(s); examples and confidence retained.,visible literals,Not all source strings are considered visible; only classified UI sinks/configuration are included.
GLV4-101,medium,manual_review,import graph routes,all,various,static_ui_sink,FlightCard.tsx,src/components/results/FlightCard.tsx,110,,` · ${flight.flightNumber}` | `${leg.direction}-${leg.originAirport}-${leg.destinationAirport}-${leg.departureTime}-${index}` | `${leg.direction}-${leg.originAirport}-${leg.destinationAirport}-${leg.departureTime}-${index}` | Best value | Fastest | Cheapest | `${flight.airlineName} logo` | `${flight.airlineName} logo`,es-es;fr;de-de;it-it;pt-br;nl;ar;zh-cn;ja;ko;hi;tr;pl;sv;id;th;vi,hardcoded_visible_text_candidate,hardcoded_english,both,false,false,false,,,8 UI-sink/context AST hit(s); examples and confidence retained.,visible literals,Not all source strings are considered visible; only classified UI sinks/configuration are included.
GLV4-102,medium,manual_review,import graph routes,all,various,static_ui_sink,FlightDetailsClient.tsx,src/components/results/FlightDetailsClient.tsx,130,,"Back to Flights results | Back to Flights results | border-b border-border bg-white | mt-6 | page-shell py-3 sm:py-4 | Back to Flights results | `${leg.direction}-${leg.originAirport}-${leg.destinationAirport}-${legIndex}` | `relative ${legIndex > 0 ? ""mt-4"" : """"}`",es-es;fr;de-de;it-it;pt-br;nl;ar;zh-cn;ja;ko;hi;tr;pl;sv;id;th;vi,hardcoded_visible_text_candidate,hardcoded_english,both,false,false,false,,,16 UI-sink/context AST hit(s); examples and confidence retained.,visible literals,Not all source strings are considered visible; only classified UI sinks/configuration are included.
GLV4-103,medium,manual_review,import graph routes,all,various,static_ui_sink,FlightResultsClient.tsx,src/components/results/FlightResultsClient.tsx,625,,"`${t(""explore"")} ${item.originCode} ${t(""to"").toLowerCase()} ${item.destinationCode}` | `${t(""explore"")} ${item.originCode} ${t(""to"").toLowerCase()} ${item.destinationCode}` | `${t(""remove"")} ${copy.title}` | `${t(""remove"")} ${copy.title}` | `${formatCompactDateLabel(departureDateInput, calendarLocale)} — ${formatCompactDateLabel(returnDateInput, calendarLocale)}` | `${t(""explore"")} ${item.originCode} ${t(""to"").toLowerCase()} ${item.destinationCode}` | `${t(""explore"")} ${item.originCode} ${t(""to"").toLowerCase()} ${item.destinationCode}` | `${t(""explore"")} ${item.originCode} ${t(""to"").toLowerCase()} ${item.destinationCode}`",es-es;fr;de-de;it-it;pt-br;nl;ar;zh-cn;ja;ko;hi;tr;pl;sv;id;th;vi,hardcoded_visible_text_candidate,hardcoded_english,both,false,false,false,,,75 UI-sink/context AST hit(s); examples and confidence retained.,visible literals,Not all source strings are considered visible; only classified UI sinks/configuration are included.
GLV4-104,medium,manual_review,import graph routes,all,various,static_ui_sink,HotelCard.tsx,src/components/results/HotelCard.tsx,490,,absolute right-2 top-2 z-20 flex min-h-10 min-w-10 items-center justify-center rounded-full border border-rose-200 bg-white/95 text-rose-600 shadow-lg transition hover:bg-white focus-visible:outline focus-visible:outline-2 focus-visible:outline-offset-2 focus-visible:outline-[#004BB8] | absolute right-2 top-2 z-20 flex min-h-10 min-w-10 items-center justify-center rounded-full border border-white/80 bg-white/90 text-slate-800 shadow-lg transition hover:bg-white focus-visible:outline focus-visible:outline-2 focus-visible:outline-offset-2 focus-visible:outline-[#004BB8] | currentColor | none | `inline-flex shrink-0 items-center gap-1 whitespace-nowrap rounded-md border px-2 py-0.5 text-[11px] font-semibold leading-4 ${sortBadgeConfig.className}` | `${attribution.provider}-${index}` | Data: | mt-2 text-[13px] font-medium leading-5 text-emerald-700,es-es;fr;de-de;it-it;pt-br;nl;ar;zh-cn;ja;ko;hi;tr;pl;sv;id;th;vi,hardcoded_visible_text_candidate,hardcoded_english,visible,false,false,false,,,9 UI-sink/context AST hit(s); examples and confidence retained.,visible literals,Not all source strings are considered visible; only classified UI sinks/configuration are included.
GLV4-105,medium,confirmed,import graph routes,all,various,static_ui_sink,HotelDetailsClient.tsx,src/components/results/HotelDetailsClient.tsx,735,,py-6 sm:py-8 lg:py-10 | page-shell py-6 sm:py-8 lg:py-10,es-es;fr;de-de;it-it;pt-br;nl;ar;zh-cn;ja;ko;hi;tr;pl;sv;id;th;vi,hardcoded_visible_text,hardcoded_english,visible,false,false,false,,,2 UI-sink/context AST hit(s); examples and confidence retained.,visible literals,Not all source strings are considered visible; only classified UI sinks/configuration are included.
GLV4-106,medium,manual_review,import graph routes,all,various,static_ui_sink,HotelResultsClient.tsx,src/components/results/HotelResultsClient.tsx,1485,,"`${t(""editHotelSearch"")}: ${destination}` | `${t(""editHotelSearch"")}: ${destination}` | `${t(""travelDates"")}: ${desktopMinimizedDateSummary}` | `${t(""travelDates"")}: ${desktopMinimizedDateSummary}` | `${t(""guestsAndRooms"")}: ${desktopMinimizedGuestsSummary}` | `${t(""guestsAndRooms"")}: ${desktopMinimizedGuestsSummary}` | `sticky-hotel-${bodySearchKey}-${activeDesktopStickyHotelSearchSection}-${submitDesktopStickyHotelSearchOnOpen}` | mt-6 min-w-0",es-es;fr;de-de;it-it;pt-br;nl;ar;zh-cn;ja;ko;hi;tr;pl;sv;id;th;vi,hardcoded_visible_text_candidate,hardcoded_english,both,false,false,false,,,29 UI-sink/context AST hit(s); examples and confidence retained.,visible literals,Not all source strings are considered visible; only classified UI sinks/configuration are included.
GLV4-107,medium,manual_review,import graph routes,all,various,static_ui_sink,CarDetailsHero.tsx,src/components/results/carDetails/CarDetailsHero.tsx,24,,"`flex size-8 shrink-0 items-center justify-center rounded-lg ${offer.freeCancellation ? ""bg-emerald-100 text-emerald-700"" : ""bg-slate-200 text-slate-600""}` | `flex size-8 shrink-0 items-center justify-center rounded-lg ${offer.taxesAndFeesIncluded ? ""bg-emerald-100 text-emerald-700"" : ""bg-slate-200 text-slate-600""}`",es-es;fr;de-de;it-it;pt-br;nl;ar;zh-cn;ja;ko;hi;tr;pl;sv;id;th;vi,hardcoded_visible_text_candidate,hardcoded_english,visible,false,false,false,,,2 UI-sink/context AST hit(s); examples and confidence retained.,visible literals,Not all source strings are considered visible; only classified UI sinks/configuration are included.
GLV4-108,medium,confirmed,import graph routes,all,various,static_ui_sink,DealsCarDetailsStage.tsx,src/components/results/deals/DealsCarDetailsStage.tsx,162,,unavailable,es-es;fr;de-de;it-it;pt-br;nl;ar;zh-cn;ja;ko;hi;tr;pl;sv;id;th;vi,hardcoded_visible_text,hardcoded_english,visible,false,false,false,,,1 UI-sink/context AST hit(s); examples and confidence retained.,visible literals,Not all source strings are considered visible; only classified UI sinks/configuration are included.
GLV4-109,medium,manual_review,import graph routes,all,various,static_ui_sink,DealsCarJourneyV2.tsx,src/components/results/deals/DealsCarJourneyV2.tsx,123,,Back to review | Car options for your trip,es-es;fr;de-de;it-it;pt-br;nl;ar;zh-cn;ja;ko;hi;tr;pl;sv;id;th;vi,hardcoded_visible_text_candidate,hardcoded_english,visible,false,false,false,,,2 UI-sink/context AST hit(s); examples and confidence retained.,visible literals,Not all source strings are considered visible; only classified UI sinks/configuration are included.
GLV4-110,medium,manual_review,import graph routes,all,various,static_ui_sink,DealsCarPreviewCard.tsx,src/components/results/deals/DealsCarPreviewCard.tsx,103,,"` · ${t(""deals.results.car.shuttle"")}`",es-es;fr;de-de;it-it;pt-br;nl;ar;zh-cn;ja;ko;hi;tr;pl;sv;id;th;vi,hardcoded_visible_text_candidate,hardcoded_english,visible,false,false,false,,,1 UI-sink/context AST hit(s); examples and confidence retained.,visible literals,Not all source strings are considered visible; only classified UI sinks/configuration are included.
GLV4-111,medium,confirmed,import graph routes,all,various,static_ui_sink,DealsCarResultsStage.tsx,src/components/results/deals/DealsCarResultsStage.tsx,115,,unavailable,es-es;fr;de-de;it-it;pt-br;nl;ar;zh-cn;ja;ko;hi;tr;pl;sv;id;th;vi,hardcoded_visible_text,hardcoded_english,visible,false,false,false,,,1 UI-sink/context AST hit(s); examples and confidence retained.,visible literals,Not all source strings are considered visible; only classified UI sinks/configuration are included.
GLV4-112,medium,manual_review,import graph routes,all,various,static_ui_sink,DealsFlightJourneyV2.tsx,src/components/results/deals/DealsFlightJourneyV2.tsx,211,,error | initial | loading | empty | success | loading | success | loading,es-es;fr;de-de;it-it;pt-br;nl;ar;zh-cn;ja;ko;hi;tr;pl;sv;id;th;vi,hardcoded_visible_text_candidate,hardcoded_english,both,false,false,false,,,73 UI-sink/context AST hit(s); examples and confidence retained.,visible literals,Not all source strings are considered visible; only classified UI sinks/configuration are included.
GLV4-113,medium,manual_review,import graph routes,all,various,static_ui_sink,DealsFlightPreviewCard.tsx,src/components/results/deals/DealsFlightPreviewCard.tsx,17,,"`flex h-full min-w-0 flex-col rounded-2xl border bg-white p-5 shadow-sm ${selected ? ""border-[#004BB8] ring-2 ring-blue-100"" : ""border-[#D8E1EC]""}` | `${leg.origin}-${index}` | `${leg.stops} ${t(""stopPlural"")}` | ` · ${flight.baggageInfo}` | `inline-flex min-h-11 w-full items-center justify-center rounded-xl border px-4 py-2 text-center font-bold focus-visible:outline focus-visible:outline-2 focus-visible:outline-offset-4 ${selected ? ""border-[#004BB8] bg-[#004BB8] text-white"" ",es-es;fr;de-de;it-it;pt-br;nl;ar;zh-cn;ja;ko;hi;tr;pl;sv;id;th;vi,hardcoded_visible_text_candidate,hardcoded_english,visible,false,false,false,,,5 UI-sink/context AST hit(s); examples and confidence retained.,visible literals,Not all source strings are considered visible; only classified UI sinks/configuration are included.
GLV4-114,medium,manual_review,import graph routes,all,various,static_ui_sink,DealsGuidedHandoffBoundaryV2.tsx,src/components/results/deals/DealsGuidedHandoffBoundaryV2.tsx,33,,Checking your reviewed options… | Your options need attention | Return to the journey to refresh the affected planning selection or flight offer. | Return to trip options | Ready for the next step | Your selected options passed the Trip Review checks. | No provider has been opened and no booking or payment has started.,es-es;fr;de-de;it-it;pt-br;nl;ar;zh-cn;ja;ko;hi;tr;pl;sv;id;th;vi,hardcoded_visible_text_candidate,hardcoded_english,visible,false,false,false,,,7 UI-sink/context AST hit(s); examples and confidence retained.,visible literals,Not all source strings are considered visible; only classified UI sinks/configuration are included.
GLV4-115,medium,manual_review,import graph routes,all,various,static_ui_sink,DealsGuidedHandoffClient.tsx,src/components/results/deals/DealsGuidedHandoffClient.tsx,555,,"`rounded-2xl border bg-white p-6 shadow-sm sm:p-8 ${kind === ""warning"" ? ""border-amber-300"" : ""border-slate-200""}`",es-es;fr;de-de;it-it;pt-br;nl;ar;zh-cn;ja;ko;hi;tr;pl;sv;id;th;vi,hardcoded_visible_text_candidate,hardcoded_english,visible,false,false,false,,,1 UI-sink/context AST hit(s); examples and confidence retained.,visible literals,Not all source strings are considered visible; only classified UI sinks/configuration are included.
GLV4-116,medium,manual_review,import graph routes,all,various,static_ui_sink,DealsHandoffClient.tsx,src/components/results/deals/DealsHandoffClient.tsx,60,,"`mt-7 rounded-2xl border bg-white p-6 shadow-sm sm:p-8 ${kind === ""warning"" ? ""border-amber-300"" : ""border-slate-200""}` | `flex size-12 items-center justify-center rounded-xl ${kind === ""warning"" ? ""bg-amber-100 text-amber-800"" : ""bg-blue-50 text-[#004BB8]""}`",es-es;fr;de-de;it-it;pt-br;nl;ar;zh-cn;ja;ko;hi;tr;pl;sv;id;th;vi,hardcoded_visible_text_candidate,hardcoded_english,visible,false,false,false,,,2 UI-sink/context AST hit(s); examples and confidence retained.,visible literals,Not all source strings are considered visible; only classified UI sinks/configuration are included.
GLV4-117,medium,manual_review,import graph routes,all,various,static_ui_sink,DealsHandoffStepCard.tsx,src/components/results/deals/DealsHandoffStepCard.tsx,65,,"`${step.id}-title` | step | `rounded-2xl border bg-white p-5 shadow-sm sm:p-6 ${step.status === ""next"" ? ""border-[#004BB8] ring-2 ring-blue-100"" : step.status === ""expired"" ? ""border-amber-300"" : ""border-slate-200""}` | `${step.id}-title` | `inline-flex whitespace-nowrap items-center gap-1 rounded-full px-3 py-1.5 text-sm font-medium ${opened ? ""bg-emerald-50 text-emerald-800"" : step.status === ""expired"" ? ""bg-amber-100 text-amber-900"" : step.status === ""next"" ? ""bg-blue-100 t | `${step.pickupLocation} · ${step.pickupLabel}` | `${step.returnLocation} · ${step.returnLabel}` | `mt-5 inline-flex min-h-11 w-full whitespace-nowrap items-center justify-center gap-2 rounded-xl px-4 py-2.5 text-center text-sm font-semibold focus-visible:outline focus-visible:outline-2 focus-visible:outline-offset-2 ${step.status === ""n",es-es;fr;de-de;it-it;pt-br;nl;ar;zh-cn;ja;ko;hi;tr;pl;sv;id;th;vi,hardcoded_visible_text_candidate,hardcoded_english,visible,false,false,false,,,8 UI-sink/context AST hit(s); examples and confidence retained.,visible literals,Not all source strings are considered visible; only classified UI sinks/configuration are included.
GLV4-118,medium,manual_review,import graph routes,all,various,static_ui_sink,DealsHandoffSummary.tsx,src/components/results/deals/DealsHandoffSummary.tsx,15,,`absolute h-5 w-[calc(100%-2rem)] border-slate-300/80 sm:w-[calc(100%-2.5rem)] ${originClasses}` | text-sm font-medium leading-6 text-amber-800 | text-sm leading-6 text-slate-600,es-es;fr;de-de;it-it;pt-br;nl;ar;zh-cn;ja;ko;hi;tr;pl;sv;id;th;vi,hardcoded_visible_text_candidate,hardcoded_english,visible,false,false,false,,,3 UI-sink/context AST hit(s); examples and confidence retained.,visible literals,Not all source strings are considered visible; only classified UI sinks/configuration are included.
GLV4-119,medium,manual_review,import graph routes,all,various,static_ui_sink,DealsHotelDetailsStage.tsx,src/components/results/deals/DealsHotelDetailsStage.tsx,14,,Hotel room details,es-es;fr;de-de;it-it;pt-br;nl;ar;zh-cn;ja;ko;hi;tr;pl;sv;id;th;vi,hardcoded_visible_text_candidate,hardcoded_english,visible,false,false,false,,,1 UI-sink/context AST hit(s); examples and confidence retained.,visible literals,Not all source strings are considered visible; only classified UI sinks/configuration are included.
GLV4-120,medium,manual_review,import graph routes,all,various,static_ui_sink,DealsHotelJourneyStage.tsx,src/components/results/deals/DealsHotelJourneyStage.tsx,25,,"`staged-property-${id}` | `staged-property-${id}` | `${search.hotelCheckIn} – ${search.hotelCheckOut} (${nights(search)} ${t(""deals.results.nights"")})` | `${search.hotelAdults} ${t(""deals.staged.room.adults"")}, ${search.hotelChildren} ${t(""deals.staged.room.children"")}`",es-es;fr;de-de;it-it;pt-br;nl;ar;zh-cn;ja;ko;hi;tr;pl;sv;id;th;vi,hardcoded_visible_text_candidate,hardcoded_english,visible,false,false,false,,,4 UI-sink/context AST hit(s); examples and confidence retained.,visible literals,Not all source strings are considered visible; only classified UI sinks/configuration are included.
GLV4-121,medium,manual_review,import graph routes,all,various,static_ui_sink,DealsHotelPreviewCard.tsx,src/components/results/deals/DealsHotelPreviewCard.tsx,26,,"`flex h-full min-w-0 flex-col overflow-hidden rounded-2xl border bg-white shadow-sm ${selected ? ""border-[#004BB8] ring-2 ring-blue-100"" : ""border-[#D8E1EC]""}` | `${stars} ${t(""deals.results.stars"")}` | `${stars} ${t(""deals.results.stars"")}` | `inline-flex min-h-11 w-full items-center justify-center rounded-xl border px-4 py-2 text-center font-bold focus-visible:outline focus-visible:outline-2 focus-visible:outline-offset-4 ${selected ? ""border-[#004BB8] bg-[#004BB8] text-white"" ",es-es;fr;de-de;it-it;pt-br;nl;ar;zh-cn;ja;ko;hi;tr;pl;sv;id;th;vi,hardcoded_visible_text_candidate,hardcoded_english,both,false,false,false,,,4 UI-sink/context AST hit(s); examples and confidence retained.,visible literals,Not all source strings are considered visible; only classified UI sinks/configuration are included.
GLV4-122,medium,confirmed,import graph routes,all,various,static_ui_sink,DealsJourneyBreadcrumbs.tsx,src/components/results/deals/DealsJourneyBreadcrumbs.tsx,66,,page,es-es;fr;de-de;it-it;pt-br;nl;ar;zh-cn;ja;ko;hi;tr;pl;sv;id;th;vi,hardcoded_visible_text,hardcoded_english,visible,false,false,false,,,1 UI-sink/context AST hit(s); examples and confidence retained.,visible literals,Not all source strings are considered visible; only classified UI sinks/configuration are included.
GLV4-123,medium,manual_review,import graph routes,all,various,static_ui_sink,DealsJourneyProgress.tsx,src/components/results/deals/DealsJourneyProgress.tsx,77,,"`relative z-10 flex size-9 shrink-0 items-center justify-center rounded-full border-2 ${step.status === ""completed"" ? ""border-emerald-700 bg-emerald-700 text-white"" : step.status === ""current"" ? ""border-[#004BB8] bg-[#004BB8] text-white rin | step | `${label(step)}: ${statusLabel(step)}` | `${label(step)}: ${statusLabel(step)}`",es-es;fr;de-de;it-it;pt-br;nl;ar;zh-cn;ja;ko;hi;tr;pl;sv;id;th;vi,hardcoded_visible_text_candidate,hardcoded_english,both,false,false,false,,,4 UI-sink/context AST hit(s); examples and confidence retained.,visible literals,Not all source strings are considered visible; only classified UI sinks/configuration are included.
GLV4-124,medium,manual_review,import graph routes,all,various,static_ui_sink,DealsJourneyShell.tsx,src/components/results/deals/DealsJourneyShell.tsx,363,,"hotel | flight | car | `flex-1 overflow-x-clip pb-12 ${
        useDetailsBackground ? ""bg-white"" : ""bg-[#f6f8fb]""
      }` | sr-only | scroll-mt-24 text-balance text-2xl font-extrabold text-slate-950 outline-none focus-visible:ring-2 focus-visible:ring-[#004BB8] sm:text-3xl",es-es;fr;de-de;it-it;pt-br;nl;ar;zh-cn;ja;ko;hi;tr;pl;sv;id;th;vi,hardcoded_visible_text_candidate,hardcoded_english,visible,false,false,false,,,6 UI-sink/context AST hit(s); examples and confidence retained.,visible literals,Not all source strings are considered visible; only classified UI sinks/configuration are included.
GLV4-125,medium,confirmed,import graph routes,all,various,static_ui_sink,DealsModifySearchDialog.tsx,src/components/results/deals/DealsModifySearchDialog.tsx,38,,ltr,es-es;fr;de-de;it-it;pt-br;nl;ar;zh-cn;ja;ko;hi;tr;pl;sv;id;th;vi,hardcoded_visible_text,hardcoded_english,visible,false,false,false,,,1 UI-sink/context AST hit(s); examples and confidence retained.,visible literals,Not all source strings are considered visible; only classified UI sinks/configuration are included.
GLV4-126,medium,manual_review,import graph routes,all,various,static_ui_sink,DealsOpenSectionLine.tsx,src/components/results/deals/DealsOpenSectionLine.tsx,33,,`absolute h-5 w-[calc(100%-2rem)] border-slate-300/80 sm:w-[calc(100%-2.5rem)] ${originClasses}`,es-es;fr;de-de;it-it;pt-br;nl;ar;zh-cn;ja;ko;hi;tr;pl;sv;id;th;vi,hardcoded_visible_text_candidate,hardcoded_english,visible,false,false,false,,,1 UI-sink/context AST hit(s); examples and confidence retained.,visible literals,Not all source strings are considered visible; only classified UI sinks/configuration are included.
GLV4-127,medium,manual_review,import graph routes,all,various,static_ui_sink,DealsPackageCarSummary.tsx,src/components/results/deals/DealsPackageCarSummary.tsx,8,,`${headingId}-car` | `${headingId}-car`,es-es;fr;de-de;it-it;pt-br;nl;ar;zh-cn;ja;ko;hi;tr;pl;sv;id;th;vi,hardcoded_visible_text_candidate,hardcoded_english,visible,false,false,false,,,2 UI-sink/context AST hit(s); examples and confidence retained.,visible literals,Not all source strings are considered visible; only classified UI sinks/configuration are included.
GLV4-128,medium,manual_review,import graph routes,all,various,static_ui_sink,DealsPackageCard.tsx,src/components/results/deals/DealsPackageCard.tsx,39,,"`${view.headingId}-summary` | `scroll-mt-20 overflow-hidden rounded-2xl border bg-white shadow-sm transition motion-reduce:transition-none hover:shadow-md ${selected ? ""border-[#004BB8] ring-2 ring-blue-100"" : ""border-slate-200""}` | `${view.headingId}-summary` | `inline-flex rounded-full px-2.5 py-1 text-xs font-semibold ${badgeStyle[candidate.strategy]}`",es-es;fr;de-de;it-it;pt-br;nl;ar;zh-cn;ja;ko;hi;tr;pl;sv;id;th;vi,hardcoded_visible_text_candidate,hardcoded_english,visible,false,false,false,,,4 UI-sink/context AST hit(s); examples and confidence retained.,visible literals,Not all source strings are considered visible; only classified UI sinks/configuration are included.
GLV4-129,medium,manual_review,import graph routes,all,various,static_ui_sink,DealsPackageFlightSummary.tsx,src/components/results/deals/DealsPackageFlightSummary.tsx,9,,"`${headingId}-flight` | `${headingId}-flight` | `${leg.direction}-${index}` | `${leg.stops} ${leg.stops === 1 ? ""stop"" : ""stops""}`",es-es;fr;de-de;it-it;pt-br;nl;ar;zh-cn;ja;ko;hi;tr;pl;sv;id;th;vi,hardcoded_visible_text_candidate,hardcoded_english,visible,false,false,false,,,4 UI-sink/context AST hit(s); examples and confidence retained.,visible literals,Not all source strings are considered visible; only classified UI sinks/configuration are included.
GLV4-130,medium,manual_review,import graph routes,all,various,static_ui_sink,DealsPackageHotelSummary.tsx,src/components/results/deals/DealsPackageHotelSummary.tsx,10,,`${headingId}-hotel` | `${headingId}-hotel` | ` · ${hotel.location}`,es-es;fr;de-de;it-it;pt-br;nl;ar;zh-cn;ja;ko;hi;tr;pl;sv;id;th;vi,hardcoded_visible_text_candidate,hardcoded_english,visible,false,false,false,,,3 UI-sink/context AST hit(s); examples and confidence retained.,visible literals,Not all source strings are considered visible; only classified UI sinks/configuration are included.
GLV4-131,medium,manual_review,import graph routes,all,various,static_ui_sink,DealsPackagePricePanel.tsx,src/components/results/deals/DealsPackagePricePanel.tsx,13,,"`${headingId}-total-label` | `${headingId}-total-label` | `${item.sourceAmount} ${item.sourceCurrency}` | `${item.sourceAmount} ${item.sourceCurrency}` | `inline-flex min-h-11 w-full items-center justify-center gap-2 rounded-xl px-4 text-base font-semibold focus-visible:outline focus-visible:outline-2 focus-visible:outline-offset-2 ${selected ? ""bg-[#004BB8] text-white"" : ""border border-[#00",es-es;fr;de-de;it-it;pt-br;nl;ar;zh-cn;ja;ko;hi;tr;pl;sv;id;th;vi,hardcoded_visible_text_candidate,hardcoded_english,both,false,false,false,,,5 UI-sink/context AST hit(s); examples and confidence retained.,visible literals,Not all source strings are considered visible; only classified UI sinks/configuration are included.
GLV4-132,medium,manual_review,import graph routes,all,various,static_ui_sink,DealsResultsBreadcrumbs.tsx,src/components/results/deals/DealsResultsBreadcrumbs.tsx,7,,&gt; | &gt;,es-es;fr;de-de;it-it;pt-br;nl;ar;zh-cn;ja;ko;hi;tr;pl;sv;id;th;vi,hardcoded_visible_text_candidate,hardcoded_english,visible,false,false,false,,,2 UI-sink/context AST hit(s); examples and confidence retained.,visible literals,Not all source strings are considered visible; only classified UI sinks/configuration are included.
GLV4-133,medium,confirmed,import graph routes,all,various,static_ui_sink,DealsResultsSearchSummary.tsx,src/components/results/deals/DealsResultsSearchSummary.tsx,88,,ltr | ltr | ltr,es-es;fr;de-de;it-it;pt-br;nl;ar;zh-cn;ja;ko;hi;tr;pl;sv;id;th;vi,hardcoded_visible_text,hardcoded_english,visible,false,false,false,,,3 UI-sink/context AST hit(s); examples and confidence retained.,visible literals,Not all source strings are considered visible; only classified UI sinks/configuration are included.
GLV4-134,medium,manual_review,import graph routes,all,various,static_ui_sink,DealsReviewItemCard.tsx,src/components/results/deals/DealsReviewItemCard.tsx,20,,`review-${item.product}-title` | `review-${item.product}-title` | `${detail.labelKey}-${detail.value}`,es-es;fr;de-de;it-it;pt-br;nl;ar;zh-cn;ja;ko;hi;tr;pl;sv;id;th;vi,hardcoded_visible_text_candidate,hardcoded_english,visible,false,false,false,,,3 UI-sink/context AST hit(s); examples and confidence retained.,visible literals,Not all source strings are considered visible; only classified UI sinks/configuration are included.
GLV4-135,medium,manual_review,import graph routes,all,various,static_ui_sink,DealsReviewJourneyV2.tsx,src/components/results/deals/DealsReviewJourneyV2.tsx,71,,A selection changed or expired. Refresh the affected option before continuing. | We could not save your reviewed options. Please try Continue again. | Trip Review | Review your selected options before continuing. | `${detail.label}-${detail.value}` | Estimated in | estimate is unavailable. | Change stay,es-es;fr;de-de;it-it;pt-br;nl;ar;zh-cn;ja;ko;hi;tr;pl;sv;id;th;vi,hardcoded_visible_text_candidate,hardcoded_english,visible,false,false,false,,,15 UI-sink/context AST hit(s); examples and confidence retained.,visible literals,Not all source strings are considered visible; only classified UI sinks/configuration are included.
GLV4-136,medium,manual_review,import graph routes,all,various,static_ui_sink,GuidedHotelRoomCard.tsx,src/components/results/hotelDetails/GuidedHotelRoomCard.tsx,53,,"`${selectRoomText}: ${option.name}` | `${selectRoomText}: ${option.name}` | `flex h-full min-w-0 cursor-pointer flex-col overflow-hidden rounded-2xl border bg-white shadow-[0_14px_34px_-28px_rgba(2,28,43,0.45)] transition duration-200 hover:border-blue-300 hover:shadow-[0_18px_38px_-25px_rgba(2,28,43,0.38)] motion- | `flex min-h-12 items-center justify-center gap-2 px-4 py-3 text-center text-sm font-extrabold text-white ${selected ? ""bg-blue-700"" : ""bg-navy""}`",es-es;fr;de-de;it-it;pt-br;nl;ar;zh-cn;ja;ko;hi;tr;pl;sv;id;th;vi,hardcoded_visible_text_candidate,hardcoded_english,both,false,false,false,,,4 UI-sink/context AST hit(s); examples and confidence retained.,visible literals,Not all source strings are considered visible; only classified UI sinks/configuration are included.
GLV4-137,medium,manual_review,import graph routes,all,various,static_ui_sink,HotelDetailsBookingPanel.tsx,src/components/results/hotelDetails/HotelDetailsBookingPanel.tsx,97,,`absolute h-5 w-[calc(100%-2rem)] border-slate-300/80 sm:w-[calc(100%-2.5rem)] ${originClasses}` | hotel-guided-room-unavailable-message | `${action.label}...`,es-es;fr;de-de;it-it;pt-br;nl;ar;zh-cn;ja;ko;hi;tr;pl;sv;id;th;vi,hardcoded_visible_text_candidate,hardcoded_english,visible,false,false,false,,,3 UI-sink/context AST hit(s); examples and confidence retained.,visible literals,Not all source strings are considered visible; only classified UI sinks/configuration are included.
GLV4-138,medium,manual_review,import graph routes,all,various,static_ui_sink,HotelDetailsGallery.tsx,src/components/results/hotelDetails/HotelDetailsGallery.tsx,222,,"`relative h-16 w-24 shrink-0 overflow-hidden rounded-lg bg-surface focus-visible:outline focus-visible:outline-2 focus-visible:outline-offset-2 focus-visible:outline-blue ${activeIndex === imageIndex ? ""ring-2 ring-blue ring-offset-2 ring-o",es-es;fr;de-de;it-it;pt-br;nl;ar;zh-cn;ja;ko;hi;tr;pl;sv;id;th;vi,hardcoded_visible_text_candidate,hardcoded_english,visible,false,false,false,,,1 UI-sink/context AST hit(s); examples and confidence retained.,visible literals,Not all source strings are considered visible; only classified UI sinks/configuration are included.
GLV4-139,medium,manual_review,import graph routes,all,various,static_ui_sink,HotelDetailsGalleryDialog.tsx,src/components/results/hotelDetails/HotelDetailsGalleryDialog.tsx,206,,"`relative h-16 w-24 shrink-0 overflow-hidden rounded-lg focus-visible:outline focus-visible:outline-2 focus-visible:outline-offset-2 focus-visible:outline-white ${activeIndex === imageIndex ? ""ring-2 ring-white ring-offset-2 ring-offset-sla",es-es;fr;de-de;it-it;pt-br;nl;ar;zh-cn;ja;ko;hi;tr;pl;sv;id;th;vi,hardcoded_visible_text_candidate,hardcoded_english,visible,false,false,false,,,1 UI-sink/context AST hit(s); examples and confidence retained.,visible literals,Not all source strings are considered visible; only classified UI sinks/configuration are included.
GLV4-140,medium,manual_review,import graph routes,all,various,static_ui_sink,HotelDetailsHeader.tsx,src/components/results/hotelDetails/HotelDetailsHeader.tsx,98,,currentColor | none | `${part}-${index}` | Hotel discovery data provided by | Google Maps | `${attribution.provider}-${index}` | Data:,es-es;fr;de-de;it-it;pt-br;nl;ar;zh-cn;ja;ko;hi;tr;pl;sv;id;th;vi,hardcoded_visible_text_candidate,hardcoded_english,visible,false,false,false,,,7 UI-sink/context AST hit(s); examples and confidence retained.,visible literals,Not all source strings are considered visible; only classified UI sinks/configuration are included.
GLV4-141,medium,manual_review,import graph routes,all,various,static_ui_sink,HotelDetailsPageStates.tsx,src/components/results/hotelDetails/HotelDetailsPageStates.tsx,10,,`animate-pulse rounded-md bg-slate-200 ${className}`,es-es;fr;de-de;it-it;pt-br;nl;ar;zh-cn;ja;ko;hi;tr;pl;sv;id;th;vi,hardcoded_visible_text_candidate,hardcoded_english,visible,false,false,false,,,1 UI-sink/context AST hit(s); examples and confidence retained.,visible literals,Not all source strings are considered visible; only classified UI sinks/configuration are included.
GLV4-142,medium,manual_review,import graph routes,all,various,static_ui_sink,HotelDetailsSections.tsx,src/components/results/hotelDetails/HotelDetailsSections.tsx,86,,"`absolute h-2 w-[calc(100%-2rem)] border-slate-300/80 ${cornerClasses[`${side}-${turn}`]}` | `grid min-w-0 border-t-0 bg-surface sm:border-t sm:border-border ${gridColumns}` | `hotel-details-${section.key}-heading` | `min-w-0 ${spansFullDesktopRow ? ""xl:col-span-2"" : """"} ${
              index > 0 ? ""border-t-0 sm:border-t sm:border-border"" : """"
            } ${
              hasDesktopStartDivider
                ? ""xl:border-t-0 xl:border-s""
          | `${line.side}-${line.turn}` | `hotel-details-${section.key}-heading` | break-words text-sm font-semibold leading-5 text-slate-950 | break-words text-sm font-medium leading-5 text-slate-600",es-es;fr;de-de;it-it;pt-br;nl;ar;zh-cn;ja;ko;hi;tr;pl;sv;id;th;vi,hardcoded_visible_text_candidate,hardcoded_english,visible,false,false,false,,,9 UI-sink/context AST hit(s); examples and confidence retained.,visible literals,Not all source strings are considered visible; only classified UI sinks/configuration are included.
GLV4-143,medium,manual_review,import graph routes,all,various,static_ui_sink,SavedRecentContent.tsx,src/components/saved/SavedRecentContent.tsx,16,,"Unable to load your saved and recent travel. | Your travel | Saved &amp; Recent | Saved items are things you chose to keep. Recent shows searches you recently performed. | Saved and recent travel | `px-4 py-3 font-semibold capitalize ${tab === value ? ""border-b-2 border-teal text-navy"" : ""text-slate-500""}` | Clear recent | No",es-es;fr;de-de;it-it;pt-br;nl;ar;zh-cn;ja;ko;hi;tr;pl;sv;id;th;vi,hardcoded_visible_text_candidate,hardcoded_english,both,false,false,false,,,14 UI-sink/context AST hit(s); examples and confidence retained.,visible literals,Not all source strings are considered visible; only classified UI sinks/configuration are included.
GLV4-144,medium,manual_review,import graph routes,all,various,static_ui_sink,CarLocationAutocomplete.tsx,src/components/search/CarLocationAutocomplete.tsx,268,,"`${listboxId}-option-${index}` | `flex min-h-14 w-full cursor-pointer items-center gap-3 rounded-lg px-3 py-2 text-start transition ${selected ? ""bg-slate-50 text-slate-950"" : ""text-slate-900 hover:bg-slate-50""}` | `${strings.useTypedLocation}: ${suggestion.value}` | locations",es-es;fr;de-de;it-it;pt-br;nl;ar;zh-cn;ja;ko;hi;tr;pl;sv;id;th;vi,hardcoded_visible_text_candidate,hardcoded_english,visible,false,false,false,,,4 UI-sink/context AST hit(s); examples and confidence retained.,visible literals,Not all source strings are considered visible; only classified UI sinks/configuration are included.
GLV4-145,medium,manual_review,import graph routes,all,various,static_ui_sink,CarsPickerContent.tsx,src/components/search/CarsPickerContent.tsx,85,,mx-auto w-full max-w-xl space-y-8 pb-2 | grid grid-cols-1 gap-3 md:grid-cols-2 md:gap-4 | space-y-2.5 | text-start text-[17px] font-bold tracking-tight text-slate-950 | mb-1.5 text-center text-sm font-semibold text-slate-800 | grid grid-cols-7 text-center text-[12px] font-semibold tracking-[0.08em] text-slate-500 | mb-1.5 grid grid-cols-7 gap-1 text-center text-xs font-semibold text-slate-600 | py-2,es-es;fr;de-de;it-it;pt-br;nl;ar;zh-cn;ja;ko;hi;tr;pl;sv;id;th;vi,hardcoded_visible_text_candidate,hardcoded_english,both,false,false,false,,,29 UI-sink/context AST hit(s); examples and confidence retained.,visible literals,Not all source strings are considered visible; only classified UI sinks/configuration are included.
GLV4-146,medium,manual_review,import graph routes,all,various,static_ui_sink,DealsSearchForm.tsx,src/components/search/DealsSearchForm.tsx,105,,Flight + Hotel | Flight + Car | Hotel + Car | Flight + Hotel + Car | deals.package.hotelFlight | deals.package.flightCar | deals.package.hotelCar | deals.package.hotelFlightCar,es-es;fr;de-de;it-it;pt-br;nl;ar;zh-cn;ja;ko;hi;tr;pl;sv;id;th;vi,hardcoded_visible_text_candidate,hardcoded_english,both,false,false,false,,,155 UI-sink/context AST hit(s); examples and confidence retained.,visible literals,Not all source strings are considered visible; only classified UI sinks/configuration are included.
GLV4-147,medium,confirmed,import graph routes,all,various,static_ui_sink,FlightMobilePickerShell.tsx,src/components/search/FlightMobilePickerShell.tsx,371,,true | true | true,es-es;fr;de-de;it-it;pt-br;nl;ar;zh-cn;ja;ko;hi;tr;pl;sv;id;th;vi,hardcoded_visible_text,hardcoded_english,visible,false,false,false,,,3 UI-sink/context AST hit(s); examples and confidence retained.,visible literals,Not all source strings are considered visible; only classified UI sinks/configuration are included.
GLV4-148,medium,manual_review,import graph routes,all,various,static_ui_sink,HotelDestinationMobilePicker.tsx,src/components/search/HotelDestinationMobilePicker.tsx,39,,"`${name}, ${detail}` | `${name}, ${detail}`",es-es;fr;de-de;it-it;pt-br;nl;ar;zh-cn;ja;ko;hi;tr;pl;sv;id;th;vi,hardcoded_visible_text_candidate,hardcoded_english,both,false,false,false,,,2 UI-sink/context AST hit(s); examples and confidence retained.,visible literals,Not all source strings are considered visible; only classified UI sinks/configuration are included.
GLV4-149,medium,manual_review,import graph routes,all,various,static_ui_sink,HotelSearchBar.tsx,src/components/search/HotelSearchBar.tsx,1312,,"`${idPrefix}-destination-suggestions` | `${idPrefix}-destination-suggestion-${visibleDestinationSuggestions[destinationHighlight].id}` | `${idPrefix}-destination-suggestions` | `${idPrefix}-destination-suggestion-${suggestion.id}` | `placeholder-${iso}` | `${t(
                                    ""hotelResults.selectDateAriaPrefix"",
                                  )} ${day.toLocaleDateString(calendarLocale, {
                                    month: ""long"",
                               | `${t(
                                    ""hotelResults.selectDateAriaPrefix"",
                                  )} ${day.toLocaleDateString(calendarLocale, {
                                    month: ""long"",
                               | `focus-ring flex h-8 w-8 items-center justify-center justify-self-center rounded-full text-sm transition-colors disabled:cursor-not-allowed ${
                                    isPastDate
                                      ? ""text-slat",es-es;fr;de-de;it-it;pt-br;nl;ar;zh-cn;ja;ko;hi;tr;pl;sv;id;th;vi,hardcoded_visible_text_candidate,hardcoded_english,both,false,false,false,,,21 UI-sink/context AST hit(s); examples and confidence retained.,visible literals,Not all source strings are considered visible; only classified UI sinks/configuration are included.
GLV4-150,medium,manual_review,import graph routes,all,various,static_ui_sink,MobileAirportPicker.tsx,src/components/search/MobileAirportPicker.tsx,74,,"`${city}, ${airport.airport}, ${airport.code}` | `${city}, ${airport.airport}, ${airport.code}` | `${inputId}-dialog`",es-es;fr;de-de;it-it;pt-br;nl;ar;zh-cn;ja;ko;hi;tr;pl;sv;id;th;vi,hardcoded_visible_text_candidate,hardcoded_english,both,false,false,false,,,3 UI-sink/context AST hit(s); examples and confidence retained.,visible literals,Not all source strings are considered visible; only classified UI sinks/configuration are included.
GLV4-151,medium,manual_review,import graph routes,all,various,static_ui_sink,MobileCarLocationPicker.tsx,src/components/search/MobileCarLocationPicker.tsx,51,,"`${primaryText}, ${secondaryText}` | `${primaryText}, ${secondaryText}` | `cars-${mode}-location-title`",es-es;fr;de-de;it-it;pt-br;nl;ar;zh-cn;ja;ko;hi;tr;pl;sv;id;th;vi,hardcoded_visible_text_candidate,hardcoded_english,both,false,false,false,,,3 UI-sink/context AST hit(s); examples and confidence retained.,visible literals,Not all source strings are considered visible; only classified UI sinks/configuration are included.
GLV4-152,medium,manual_review,import graph routes,all,various,static_ui_sink,MobileDateRangePicker.tsx,src/components/search/MobileDateRangePicker.tsx,113,,`${weekday}-${index}` | `blank-${iso}`,es-es;fr;de-de;it-it;pt-br;nl;ar;zh-cn;ja;ko;hi;tr;pl;sv;id;th;vi,hardcoded_visible_text_candidate,hardcoded_english,visible,false,false,false,,,2 UI-sink/context AST hit(s); examples and confidence retained.,visible literals,Not all source strings are considered visible; only classified UI sinks/configuration are included.
GLV4-153,medium,confirmed,import graph routes,all,various,static_ui_sink,MobileHotelGuestsRoomsPicker.tsx,src/components/search/MobileHotelGuestsRoomsPicker.tsx,23,,h-[18px] w-[18px] | h-[18px] w-[18px] | mt-4 | mt-7,es-es;fr;de-de;it-it;pt-br;nl;ar;zh-cn;ja;ko;hi;tr;pl;sv;id;th;vi,hardcoded_visible_text,hardcoded_english,visible,false,false,false,,,4 UI-sink/context AST hit(s); examples and confidence retained.,visible literals,Not all source strings are considered visible; only classified UI sinks/configuration are included.
GLV4-154,medium,manual_review,import graph routes,all,various,static_ui_sink,RecentSearches.tsx,src/components/search/RecentSearches.tsx,226,,"`focus-ring rounded-full border p-1.5 transition-colors ${
                    savedIds.has(entry.id)
                      ? ""border-rose-300 bg-rose-50 text-rose-600 hover:bg-rose-100""
                      : ""border-slate-200 bg-white/95 | `h-3.5 w-3.5 ${savedIds.has(entry.id) ? ""fill-current"" : """"}` | Flight | Hotel",es-es;fr;de-de;it-it;pt-br;nl;ar;zh-cn;ja;ko;hi;tr;pl;sv;id;th;vi,hardcoded_visible_text_candidate,hardcoded_english,visible,false,false,false,,,4 UI-sink/context AST hit(s); examples and confidence retained.,visible literals,Not all source strings are considered visible; only classified UI sinks/configuration are included.
GLV4-155,medium,manual_review,import graph routes,all,various,static_ui_sink,SearchTabs.tsx,src/components/search/SearchTabs.tsx,2168,,"text-slate-900 | text-slate-500 | text-slate-900 | text-slate-500 | `${option.code}-${option.airport}-${inputId}` | ` · ${getLocalizedAirportCountryName(option, locale)}` | `desktop-placeholder-${mode}-${iso}` | `${mode}-${iso}`",es-es;fr;de-de;it-it;pt-br;nl;ar;zh-cn;ja;ko;hi;tr;pl;sv;id;th;vi,hardcoded_visible_text_candidate,hardcoded_english,both,false,false,false,,,38 UI-sink/context AST hit(s); examples and confidence retained.,visible literals,Not all source strings are considered visible; only classified UI sinks/configuration are included.
GLV4-156,medium,manual_review,import graph routes,all,various,static_ui_sink,StandaloneFlightSearchForm.tsx,src/components/search/StandaloneFlightSearchForm.tsx,1023,,"`${field}-${option.code}-${option.airport}` | ` · ${getLocalizedAirportCountryName(option, locale)}` | py-2 | py-1.5 | `placeholder-${iso}` | h-11 w-full | `${t(""selectDateAriaPrefix"")} ${accessibleDateFormatter.format(day)}` | `${t(""selectDateAriaPrefix"")} ${accessibleDateFormatter.format(day)}`",es-es;fr;de-de;it-it;pt-br;nl;ar;zh-cn;ja;ko;hi;tr;pl;sv;id;th;vi,hardcoded_visible_text_candidate,hardcoded_english,both,false,false,false,,,14 UI-sink/context AST hit(s); examples and confidence retained.,visible literals,Not all source strings are considered visible; only classified UI sinks/configuration are included.
GLV4-157,medium,manual_review,import graph routes,all,various,static_ui_sink,SupportForm.tsx,src/components/support/SupportForm.tsx,38,,"`${t(""supportFormSuccessPrefix"")} ${data.ticket.id} ${t(""supportFormSuccessSuffix"")}`",es-es;fr;de-de;it-it;pt-br;nl;ar;zh-cn;ja;ko;hi;tr;pl;sv;id;th;vi,hardcoded_visible_text_candidate,hardcoded_english,visible,false,false,false,,,1 UI-sink/context AST hit(s); examples and confidence retained.,visible literals,Not all source strings are considered visible; only classified UI sinks/configuration are included.
GLV4-158,medium,manual_review,import graph routes,all,various,static_ui_sink,Skeleton.tsx,src/components/ui/Skeleton.tsx,91,,Loading car result | Loading car result | `h-4 ${width}`,es-es;fr;de-de;it-it;pt-br;nl;ar;zh-cn;ja;ko;hi;tr;pl;sv;id;th;vi,hardcoded_visible_text_candidate,hardcoded_english,both,false,false,false,,,3 UI-sink/context AST hit(s); examples and confidence retained.,visible literals,Not all source strings are considered visible; only classified UI sinks/configuration are included.
GLV4-159,medium,confirmed,import graph routes,all,various,static_ui_sink,homeDiscovery.ts,src/data/homeDiscovery.ts,31,,Lisbon city break | Istanbul culture mix | Singapore skyline getaway | Athens history hop | Cancun beach escape | Tokyo city pulse | Bali island reset | Cape Town adventure,es-es;fr;de-de;it-it;pt-br;nl;ar;zh-cn;ja;ko;hi;tr;pl;sv;id;th;vi,hardcoded_visible_text,hardcoded_english,visible,false,false,false,,,356 UI-sink/context AST hit(s); examples and confidence retained.,visible literals,Not all source strings are considered visible; only classified UI sinks/configuration are included.
GLV4-160,medium,manual_review,import graph routes,all,various,static_ui_sink,homepageCountryDirectory.ts,src/data/homepageCountryDirectory.ts,63,,`${destination} stays` | `${pickup} car hire`,es-es;fr;de-de;it-it;pt-br;nl;ar;zh-cn;ja;ko;hi;tr;pl;sv;id;th;vi,hardcoded_visible_text_candidate,hardcoded_english,visible,false,false,false,,,2 UI-sink/context AST hit(s); examples and confidence retained.,visible literals,Not all source strings are considered visible; only classified UI sinks/configuration are included.
GLV4-161,medium,confirmed,import graph routes,all,various,static_ui_sink,homepageHeroImage.ts,src/data/images/homepageHeroImage.ts,29,,Traveler with rolling luggage arriving in a modern city,es-es;fr;de-de;it-it;pt-br;nl;ar;zh-cn;ja;ko;hi;tr;pl;sv;id;th;vi,hardcoded_visible_text,hardcoded_english,visible,false,false,false,,,1 UI-sink/context AST hit(s); examples and confidence retained.,visible literals,Not all source strings are considered visible; only classified UI sinks/configuration are included.
GLV4-162,medium,manual_review,import graph routes,all,various,static_ui_sink,imagePurchasePlan.ts,src/data/images/imagePurchasePlan.ts,189,,Global flights brand hero - airport departure confidence | Secondary flight support image - aircraft at terminal gangway | Homepage flight discovery and route inspiration | Market homepage destination modules | Hotels landing destination cards | Hotel result fallback pool | Cars landing discovery and pickup cards | Destination index cards,es-es;fr;de-de;it-it;pt-br;nl;ar;zh-cn;ja;ko;hi;tr;pl;sv;id;th;vi,hardcoded_visible_text_candidate,hardcoded_english,visible,false,false,false,,,20 UI-sink/context AST hit(s); examples and confidence retained.,visible literals,Not all source strings are considered visible; only classified UI sinks/configuration are included.
GLV4-163,medium,confirmed,import graph routes,all,various,static_ui_sink,imageRegistry.ts,src/data/images/imageRegistry.ts,14,,Traveler with rolling luggage arriving in a modern city | Passenger airplane parked at an airport terminal gate at sunset | Hotel bellboy welcoming a guest with luggage in a premium lobby | Passenger airplane connected to an airport terminal gangway during ground support | New York skyline with the Statue of Liberty and One World Trade Center | Miami skyline and waterfront with palm trees | Las Vegas Strip and city skyline at night | Los Angeles skyline and palm-lined road at golden hour,es-es;fr;de-de;it-it;pt-br;nl;ar;zh-cn;ja;ko;hi;tr;pl;sv;id;th;vi,hardcoded_visible_text,hardcoded_english,visible,false,false,false,,,38 UI-sink/context AST hit(s); examples and confidence retained.,visible literals,Not all source strings are considered visible; only classified UI sinks/configuration are included.
GLV4-164,medium,manual_review,import graph routes,all,various,static_ui_sink,imageRegistryValidation.ts,src/data/images/imageRegistryValidation.ts,118,,`Duplicate exact registry URL appears in ${matches.length} entries.` | `Duplicate registry source identity appears in ${matches.length} entries.`,es-es;fr;de-de;it-it;pt-br;nl;ar;zh-cn;ja;ko;hi;tr;pl;sv;id;th;vi,hardcoded_visible_text_candidate,hardcoded_english,visible,false,false,false,,,2 UI-sink/context AST hit(s); examples and confidence retained.,visible literals,Not all source strings are considered visible; only classified UI sinks/configuration are included.
GLV4-165,medium,manual_review,import graph routes,all,various,static_ui_sink,marketAssetBatchTemplate.ts,src/data/images/marketAssetBatchTemplate.ts,76,,`TODO: Write approved ${market} ${usage} alt text ${slotNumber}`,es-es;fr;de-de;it-it;pt-br;nl;ar;zh-cn;ja;ko;hi;tr;pl;sv;id;th;vi,hardcoded_visible_text_candidate,hardcoded_english,visible,false,false,false,,,1 UI-sink/context AST hit(s); examples and confidence retained.,visible literals,Not all source strings are considered visible; only classified UI sinks/configuration are included.
GLV4-166,medium,confirmed,import graph routes,all,various,static_ui_sink,marketAssetHandoffTransferChecklist.ts,src/data/images/marketAssetHandoffTransferChecklist.ts,40,,Copy sourceAssetPath into manifest sourceFilePath. | Copy purchaseOrSourceUrl into manifest sourcePage. | Copy licenseType and licenseNotes into manifest license fields. | Copy approved altText into manifest alt. | Copy real dimensions into manifest dimensions and verify they are not 0 x 0. | Combine desktopCropNotes and mobileCropNotes into manifest cropNotes. | Copy reviewer and approvedAt into manifest reviewer and approvedAt. | Set desktopApproved and mobileApproved to true only after both crops are approved.,es-es;fr;de-de;it-it;pt-br;nl;ar;zh-cn;ja;ko;hi;tr;pl;sv;id;th;vi,hardcoded_visible_text,hardcoded_english,visible,false,false,false,,,8 UI-sink/context AST hit(s); examples and confidence retained.,visible literals,Not all source strings are considered visible; only classified UI sinks/configuration are included.
GLV4-167,medium,confirmed,import graph routes,all,various,static_ui_sink,marketAssetLaunchQueueChecklist.ts,src/data/images/marketAssetLaunchQueueChecklist.ts,58,,"Generate the manifest template. | Replace placeholders with approved production assets, licenses, alt text, dimensions, crop notes, reviewer, and approval dates. | Run the combined manifest review and require ready=true. | Run manifest conflict checks before conversion. | Convert only after review and conflict checks pass. | Preview staged promotion before touching active packs. | Build and complete the staged promotion checklist. | After manual active-pack copy, audit active promotion for the market.",es-es;fr;de-de;it-it;pt-br;nl;ar;zh-cn;ja;ko;hi;tr;pl;sv;id;th;vi,hardcoded_visible_text,hardcoded_english,visible,false,false,false,,,8 UI-sink/context AST hit(s); examples and confidence retained.,visible literals,Not all source strings are considered visible; only classified UI sinks/configuration are included.
GLV4-168,medium,confirmed,import graph routes,all,various,static_ui_sink,priorityMarkets.ts,src/data/images/marketImagePacks/priorityMarkets.ts,5,,US marketplace hero | UK marketplace hero | Canada marketplace hero | Brazil marketplace hero | Mexico marketplace hero | Ghana marketplace hero | Nigeria marketplace hero | Kenya marketplace hero,es-es;fr;de-de;it-it;pt-br;nl;ar;zh-cn;ja;ko;hi;tr;pl;sv;id;th;vi,hardcoded_visible_text,hardcoded_english,visible,false,false,false,,,20 UI-sink/context AST hit(s); examples and confidence retained.,visible literals,Not all source strings are considered visible; only classified UI sinks/configuration are included.
GLV4-169,medium,confirmed,import graph routes,all,various,static_ui_sink,regions.ts,src/data/images/marketImagePacks/regions.ts,5,,North America fallback hero | Latin America fallback hero | West Africa fallback hero | East Africa fallback hero | Southern Africa fallback hero | Middle East fallback hero | South Asia fallback hero | Western Europe fallback hero,es-es;fr;de-de;it-it;pt-br;nl;ar;zh-cn;ja;ko;hi;tr;pl;sv;id;th;vi,hardcoded_visible_text,hardcoded_english,visible,false,false,false,,,10 UI-sink/context AST hit(s); examples and confidence retained.,visible literals,Not all source strings are considered visible; only classified UI sinks/configuration are included.
GLV4-170,medium,confirmed,import graph routes,all,various,static_ui_sink,stagedProductionPromotionChecklist.ts,src/data/images/marketImagePacks/stagedProductionPromotionChecklist.ts,45,,Staged pack audit passed. | Promotion target file identified. | Promotion entries are available for review. | Product/design owner approved public-surface promotion. | Entries copied into the printed target file. | Post-promotion audits passed.,es-es;fr;de-de;it-it;pt-br;nl;ar;zh-cn;ja;ko;hi;tr;pl;sv;id;th;vi,hardcoded_visible_text,hardcoded_english,visible,false,false,false,,,6 UI-sink/context AST hit(s); examples and confidence retained.,visible literals,Not all source strings are considered visible; only classified UI sinks/configuration are included.
GLV4-171,medium,confirmed,import graph routes,all,various,static_ui_sink,marketImageRegistry.ts,src/data/images/marketImageRegistry.ts,22,,Traveler with rolling luggage arriving in a modern city,es-es;fr;de-de;it-it;pt-br;nl;ar;zh-cn;ja;ko;hi;tr;pl;sv;id;th;vi,hardcoded_visible_text,hardcoded_english,visible,false,false,false,,,1 UI-sink/context AST hit(s); examples and confidence retained.,visible literals,Not all source strings are considered visible; only classified UI sinks/configuration are included.
GLV4-172,medium,confirmed,import graph routes,all,various,static_ui_sink,legalDocuments.ts,src/data/legalDocuments.ts,61,,Terms of Service | Overview | Accounts | Acceptable Use | Partner Services | Cookie Policy | How Cookies Are Used | Third-Party Technologies,es-es;fr;de-de;it-it;pt-br;nl;ar;zh-cn;ja;ko;hi;tr;pl;sv;id;th;vi,hardcoded_visible_text,hardcoded_english,visible,false,false,false,,,51 UI-sink/context AST hit(s); examples and confidence retained.,visible literals,Not all source strings are considered visible; only classified UI sinks/configuration are included.
GLV4-173,medium,confirmed,import graph routes,all,various,static_ui_sink,adminNavigation.ts,src/lib/adminNavigation.ts,31,,"Operations | Provider readiness | Website content | System & security | Overview | Operations dashboard and platform health. | Users | Manage customer accounts, roles and status.",es-es;fr;de-de;it-it;pt-br;nl;ar;zh-cn;ja;ko;hi;tr;pl;sv;id;th;vi,hardcoded_visible_text,hardcoded_english,visible,false,false,false,,,30 UI-sink/context AST hit(s); examples and confidence retained.,visible literals,Not all source strings are considered visible; only classified UI sinks/configuration are included.
GLV4-174,medium,confirmed,import graph routes,all,various,static_ui_sink,adminProviderFilters.ts,src/lib/adminProviderFilters.ts,8,,All | Flights | Hotels | Cars,es-es;fr;de-de;it-it;pt-br;nl;ar;zh-cn;ja;ko;hi;tr;pl;sv;id;th;vi,hardcoded_visible_text,hardcoded_english,visible,false,false,false,,,4 UI-sink/context AST hit(s); examples and confidence retained.,visible literals,Not all source strings are considered visible; only classified UI sinks/configuration are included.
GLV4-175,medium,confirmed,import graph routes,all,various,static_ui_sink,auth.ts,src/lib/auth.ts,91,,Email | Password | Login code | Passkey login token,es-es;fr;de-de;it-it;pt-br;nl;ar;zh-cn;ja;ko;hi;tr;pl;sv;id;th;vi,hardcoded_visible_text,hardcoded_english,visible,false,false,false,,,4 UI-sink/context AST hit(s); examples and confidence retained.,visible literals,Not all source strings are considered visible; only classified UI sinks/configuration are included.
GLV4-176,medium,manual_review,import graph routes,all,various,static_ui_sink,formatCurrency.ts,src/lib/currency/formatCurrency.ts,127,,`Converted display estimate. Provider price: ${providerFormatted}. Final provider price may differ.${rateCopy}` | `${formatted}. Display estimate converted from ${providerFormatted}. Final provider price may differ.${rateCopy}`,es-es;fr;de-de;it-it;pt-br;nl;ar;zh-cn;ja;ko;hi;tr;pl;sv;id;th;vi,hardcoded_visible_text_candidate,hardcoded_english,visible,false,false,false,,,2 UI-sink/context AST hit(s); examples and confidence retained.,visible literals,Not all source strings are considered visible; only classified UI sinks/configuration are included.
GLV4-177,medium,manual_review,import graph routes,all,various,static_ui_sink,dealsPackageCardPresentation.ts,src/lib/deals/dealsPackageCardPresentation.ts,159,,`Your selected destination is ${expectedCode}; this flight arrives at ${actualDestination}.`,es-es;fr;de-de;it-it;pt-br;nl;ar;zh-cn;ja;ko;hi;tr;pl;sv;id;th;vi,hardcoded_visible_text_candidate,hardcoded_english,visible,false,false,false,,,1 UI-sink/context AST hit(s); examples and confidence retained.,visible literals,Not all source strings are considered visible; only classified UI sinks/configuration are included.
GLV4-178,medium,manual_review,import graph routes,all,various,static_ui_sink,dealsResultsPresentation.ts,src/lib/deals/dealsResultsPresentation.ts,82,,`${search.flightOriginCode} → ${search.flightDestinationCode}` | `${search.carPickupLocation} → ${search.carReturnToDifferentLocation ? search.carReturnLocation : search.carPickupLocation}`,es-es;fr;de-de;it-it;pt-br;nl;ar;zh-cn;ja;ko;hi;tr;pl;sv;id;th;vi,hardcoded_visible_text_candidate,hardcoded_english,visible,false,false,false,,,2 UI-sink/context AST hit(s); examples and confidence retained.,visible literals,Not all source strings are considered visible; only classified UI sinks/configuration are included.
GLV4-179,medium,manual_review,import graph routes,all,various,static_ui_sink,dealsReviewPresentation.ts,src/lib/deals/dealsReviewPresentation.ts,241,,`${car.modelName} or similar`,es-es;fr;de-de;it-it;pt-br;nl;ar;zh-cn;ja;ko;hi;tr;pl;sv;id;th;vi,hardcoded_visible_text_candidate,hardcoded_english,visible,false,false,false,,,1 UI-sink/context AST hit(s); examples and confidence retained.,visible literals,Not all source strings are considered visible; only classified UI sinks/configuration are included.
GLV4-180,medium,manual_review,import graph routes,all,various,static_ui_sink,dealsReviewPresentationV2.ts,src/lib/deals/dealsReviewPresentationV2.ts,39,,Stay | Location | Check-in | Check-out | Nights | Room information | Return route | Outbound route,es-es;fr;de-de;it-it;pt-br;nl;ar;zh-cn;ja;ko;hi;tr;pl;sv;id;th;vi,hardcoded_visible_text_candidate,hardcoded_english,visible,false,false,false,,,27 UI-sink/context AST hit(s); examples and confidence retained.,visible literals,Not all source strings are considered visible; only classified UI sinks/configuration are included.
GLV4-181,medium,confirmed,import graph routes,all,various,static_ui_sink,flightPriceAlerts.ts,src/lib/price-alerts/flightPriceAlerts.ts,51,,Invalid departure date. | Invalid return date. | Return date is required for round trips. | One-way trips cannot include a return date. | Return date must be after departure date. | At least one adult is required. | Traveler count must match passengers. | Infants cannot exceed adults.,es-es;fr;de-de;it-it;pt-br;nl;ar;zh-cn;ja;ko;hi;tr;pl;sv;id;th;vi,hardcoded_visible_text,hardcoded_english,visible,false,false,false,,,9 UI-sink/context AST hit(s); examples and confidence retained.,visible literals,Not all source strings are considered visible; only classified UI sinks/configuration are included.
GLV4-182,medium,confirmed,import graph routes,all,various,static_ui_sink,saved-searches.ts,src/lib/saved-searches.ts,29,,At least one adult is required. | Return date is required for round trips. | One-way trips cannot include a return date.,es-es;fr;de-de;it-it;pt-br;nl;ar;zh-cn;ja;ko;hi;tr;pl;sv;id;th;vi,hardcoded_visible_text,hardcoded_english,visible,false,false,false,,,3 UI-sink/context AST hit(s); examples and confidence retained.,visible literals,Not all source strings are considered visible; only classified UI sinks/configuration are included.
GLV4-183,medium,confirmed,import graph routes,all,various,static_ui_sink,supportedLocales.ts,src/lib/supportedLocales.ts,30,,English (United States) | Spanish | French | German | Italian | Português (Brasil) | Dutch | Arabic,es-es;fr;de-de;it-it;pt-br;nl;ar;zh-cn;ja;ko;hi;tr;pl;sv;id;th;vi,hardcoded_visible_text,hardcoded_english,visible,false,false,false,,,18 UI-sink/context AST hit(s); examples and confidence retained.,visible literals,Not all source strings are considered visible; only classified UI sinks/configuration are included.
GLV4-184,medium,confirmed,import graph routes,all,various,static_ui_sink,teamAccessRoles.ts,src/lib/teamAccessRoles.ts,18,,Tester | Developer,es-es;fr;de-de;it-it;pt-br;nl;ar;zh-cn;ja;ko;hi;tr;pl;sv;id;th;vi,hardcoded_visible_text,hardcoded_english,visible,false,false,false,,,2 UI-sink/context AST hit(s); examples and confidence retained.,visible literals,Not all source strings are considered visible; only classified UI sinks/configuration are included.
GLV4-185,medium,confirmed,import graph routes,all,various,static_ui_sink,validation.ts,src/lib/validation.ts,73,,Return date is only allowed for round trips. | Choose a return date for round trips. | Return date must be the same as or after departure. | Infants on lap cannot exceed adults. | A maximum of 9 travelers is supported. | Check-out must be after check-in. | Passwords do not match. | Invalid flight price alert.,es-es;fr;de-de;it-it;pt-br;nl;ar;zh-cn;ja;ko;hi;tr;pl;sv;id;th;vi,hardcoded_visible_text,hardcoded_english,visible,false,false,false,,,8 UI-sink/context AST hit(s); examples and confidence retained.,visible literals,Not all source strings are considered visible; only classified UI sinks/configuration are included.
GLV4-186,medium,confirmed,import graph routes,all,various,static_ui_sink,accountDeletionService.ts,src/services/accountDeletionService.ts,48,,Account deletion requested | email_failed | Account deletion cancelled | email_failed,es-es;fr;de-de;it-it;pt-br;nl;ar;zh-cn;ja;ko;hi;tr;pl;sv;id;th;vi,hardcoded_visible_text,hardcoded_english,visible,false,false,false,,,4 UI-sink/context AST hit(s); examples and confidence retained.,visible literals,Not all source strings are considered visible; only classified UI sinks/configuration are included.
GLV4-187,medium,confirmed,import graph routes,all,various,static_ui_sink,accountNotificationService.ts,src/services/accountNotificationService.ts,34,,notification_failed,es-es;fr;de-de;it-it;pt-br;nl;ar;zh-cn;ja;ko;hi;tr;pl;sv;id;th;vi,hardcoded_visible_text,hardcoded_english,visible,false,false,false,,,1 UI-sink/context AST hit(s); examples and confidence retained.,visible literals,Not all source strings are considered visible; only classified UI sinks/configuration are included.
GLV4-188,medium,confirmed,import graph routes,all,various,static_ui_sink,homepageFareSnapshotService.ts,src/services/homepageFareSnapshotService.ts,75,,Dubai | London | Paris | Bali | New York | United States | Canada | Nigeria,es-es;fr;de-de;it-it;pt-br;nl;ar;zh-cn;ja;ko;hi;tr;pl;sv;id;th;vi,hardcoded_visible_text,hardcoded_english,visible,false,false,false,,,27 UI-sink/context AST hit(s); examples and confidence retained.,visible literals,Not all source strings are considered visible; only classified UI sinks/configuration are included.
GLV4-189,medium,manual_review,import graph routes,all,various,static_ui_sink,myTripService.ts,src/services/myTripService.ts,112,,`Manage with ${trip.providerName}`,es-es;fr;de-de;it-it;pt-br;nl;ar;zh-cn;ja;ko;hi;tr;pl;sv;id;th;vi,hardcoded_visible_text_candidate,hardcoded_english,visible,false,false,false,,,1 UI-sink/context AST hit(s); examples and confidence retained.,visible literals,Not all source strings are considered visible; only classified UI sinks/configuration are included.
GLV4-190,medium,confirmed,import graph routes,all,various,static_ui_sink,notificationService.ts,src/services/notificationService.ts,56,,email_failed,es-es;fr;de-de;it-it;pt-br;nl;ar;zh-cn;ja;ko;hi;tr;pl;sv;id;th;vi,hardcoded_visible_text,hardcoded_english,visible,false,false,false,,,1 UI-sink/context AST hit(s); examples and confidence retained.,visible literals,Not all source strings are considered visible; only classified UI sinks/configuration are included.
GLV4-191,medium,manual_review,import graph routes,all,various,static_ui_sink,priceAlertProcessor.ts,src/services/priceAlertProcessor.ts,154,,`Price drop detected for ${route}` | `Price target reached for ${route}` | Unknown price alert processing error,es-es;fr;de-de;it-it;pt-br;nl;ar;zh-cn;ja;ko;hi;tr;pl;sv;id;th;vi,hardcoded_visible_text_candidate,hardcoded_english,visible,false,false,false,,,3 UI-sink/context AST hit(s); examples and confidence retained.,visible literals,Not all source strings are considered visible; only classified UI sinks/configuration are included.
GLV4-192,medium,confirmed,import graph routes,all,various,static_ui_sink,recentSearchesService.ts,src/services/recentSearchesService.ts,89,,Recent search href must be an internal results URL for its type.,es-es;fr;de-de;it-it;pt-br;nl;ar;zh-cn;ja;ko;hi;tr;pl;sv;id;th;vi,hardcoded_visible_text,hardcoded_english,visible,false,false,false,,,1 UI-sink/context AST hit(s); examples and confidence retained.,visible literals,Not all source strings are considered visible; only classified UI sinks/configuration are included.
GLV4-193,medium,confirmed,import graph routes,all,various,static_ui_sink,supportService.ts,src/services/supportService.ts,114,,Kurioticket Support replied | notification_failed,es-es;fr;de-de;it-it;pt-br;nl;ar;zh-cn;ja;ko;hi;tr;pl;sv;id;th;vi,hardcoded_visible_text,hardcoded_english,visible,false,false,false,,,2 UI-sink/context AST hit(s); examples and confidence retained.,visible literals,Not all source strings are considered visible; only classified UI sinks/configuration are included.
GLV4-194,medium,manual_review,import graph routes,all,various,static_ui_sink,providerUtils.ts,src/services/travel/providerUtils.ts,116,,Provider response failed integration validation. | Provider request timed out. | Provider returned an invalid response. | Provider request failed at the network layer. | Provider request failed. | `Provider rejected authentication with HTTP ${error.status}.` | `Provider returned HTTP ${error.status}.` | `Provider returned no available offers with HTTP ${error.status}.`,es-es;fr;de-de;it-it;pt-br;nl;ar;zh-cn;ja;ko;hi;tr;pl;sv;id;th;vi,hardcoded_visible_text_candidate,hardcoded_english,visible,false,false,false,,,10 UI-sink/context AST hit(s); examples and confidence retained.,visible literals,Not all source strings are considered visible; only classified UI sinks/configuration are included.
GLV4-195,medium,confirmed,import graph routes,all,various,static_ui_sink,staticHotelCatalogue.ts,src/services/travel/staticHotelCatalogue.ts,104,,"A landmark hotel on the Strand, well placed for the West End and the River Thames. | A South Bank property near Westminster Bridge and major central London sights. | A boutique property in Montparnasse with convenient access to the Left Bank. | A modern hotel near Gare de Lyon designed for efficient city stays. | A Midtown Manhattan property within reach of Times Square and Hudson Yards. | A compact city hotel near Times Square and the Theater District. | A central Shinjuku hotel with strong rail connections across Tokyo. | A contemporary property connected to the Shibuya district and transport network.",es-es;fr;de-de;it-it;pt-br;nl;ar;zh-cn;ja;ko;hi;tr;pl;sv;id;th;vi,hardcoded_visible_text,hardcoded_english,visible,false,false,false,,,8 UI-sink/context AST hit(s); examples and confidence retained.,visible literals,Not all source strings are considered visible; only classified UI sinks/configuration are included.
GLV4-196,medium,confirmed,import graph routes,all,various,static_ui_sink,travelInspirationCampaign.ts,src/services/travelInspirationCampaign.ts,249,,Travel ideas to compare this month | Unknown travel inspiration send error,es-es;fr;de-de;it-it;pt-br;nl;ar;zh-cn;ja;ko;hi;tr;pl;sv;id;th;vi,hardcoded_visible_text,hardcoded_english,visible,false,false,false,,,2 UI-sink/context AST hit(s); examples and confidence retained.,visible literals,Not all source strings are considered visible; only classified UI sinks/configuration are included.
GLV4-197,medium,confirmed,import graph routes,admin,various,static_fallback,page.tsx,src/app/admin/account-deletions/[id]/page.tsx,93,,No review notes yet.,es-es;fr;de-de;it-it;pt-br;nl;ar;zh-cn;ja;ko;hi;tr;pl;sv;id;th;vi,confirmed_visible_fallback,nullish_or_boolean_fallback,visible,false,false,false,,,"classification=confirmed_visible_fallback; sink=jsx; context={request.reviewNotes || ""No review notes yet.""}",fallback policy,Operational fallbacks are counted in the summary but excluded from UI issue totals.
GLV4-198,medium,confirmed,import graph routes,admin,various,static_fallback,page.tsx,src/app/admin/support/[id]/page.tsx,40,,Guest / unknown,es-es;fr;de-de;it-it;pt-br;nl;ar;zh-cn;ja;ko;hi;tr;pl;sv;id;th;vi,confirmed_visible_fallback,nullish_or_boolean_fallback,visible,false,false,false,,,"classification=confirmed_visible_fallback; sink=jsx; context={ticket.user?.status || ""Guest / unknown""}",fallback policy,Operational fallbacks are counted in the summary but excluded from UI issue totals.
GLV4-199,medium,manual_review,import graph routes,all,various,static_fallback,route.ts,src/app/api/account/email-change/confirm/route.ts,95,,none,es-es;fr;de-de;it-it;pt-br;nl;ar;zh-cn;ja;ko;hi;tr;pl;sv;id;th;vi,manual_review,nullish_or_boolean_fallback,unknown,false,false,false,,,"classification=manual_review; sink=none; context=user.email || ""none""}->${",fallback policy,Operational fallbacks are counted in the summary but excluded from UI issue totals.
GLV4-200,medium,manual_review,import graph routes,all,various,static_fallback,route.ts,src/app/api/account/security/sessions/route.ts,9,,Unknown platform,es-es;fr;de-de;it-it;pt-br;nl;ar;zh-cn;ja;ko;hi;tr;pl;sv;id;th;vi,manual_review,nullish_or_boolean_fallback,unknown,false,false,false,,,"classification=manual_review; sink=none; context=os: item.os || item.platform || ""Unknown platform""",fallback policy,Operational fallbacks are counted in the summary but excluded from UI issue totals.
GLV4-201,medium,manual_review,import graph routes,all,various,static_fallback,route.ts,src/app/api/newsletter/subscribe/route.ts,68,,anonymous,es-es;fr;de-de;it-it;pt-br;nl;ar;zh-cn;ja;ko;hi;tr;pl;sv;id;th;vi,manual_review,nullish_or_boolean_fallback,unknown,false,false,false,,,"classification=manual_review; sink=none; context=return getClientIp(request) || ""anonymous"";",fallback policy,Operational fallbacks are counted in the summary but excluded from UI issue totals.
GLV4-202,medium,manual_review,import graph routes,all,various,static_fallback,route.ts,src/app/api/newsletter/subscribe/route.ts,273,,NOT_FOUND,es-es;fr;de-de;it-it;pt-br;nl;ar;zh-cn;ja;ko;hi;tr;pl;sv;id;th;vi,manual_review,nullish_or_boolean_fallback,unknown,false,false,false,,,"classification=manual_review; sink=none; context=status: subscriber?.status || ""NOT_FOUND""",fallback policy,Operational fallbacks are counted in the summary but excluded from UI issue totals.
GLV4-203,medium,manual_review,import graph routes,all,various,static_fallback,route.ts,src/app/api/newsletter/subscribe/route.ts,330,,homepage,es-es;fr;de-de;it-it;pt-br;nl;ar;zh-cn;ja;ko;hi;tr;pl;sv;id;th;vi,manual_review,nullish_or_boolean_fallback,unknown,false,false,false,,,"classification=manual_review; sink=none; context=source = parsed.data.source || ""homepage""",fallback policy,Operational fallbacks are counted in the summary but excluded from UI issue totals.
GLV4-204,medium,manual_review,import graph routes,all,various,static_fallback,route.ts,src/app/api/redirect/route.ts,86,,unknown,es-es;fr;de-de;it-it;pt-br;nl;ar;zh-cn;ja;ko;hi;tr;pl;sv;id;th;vi,manual_review,nullish_or_boolean_fallback,unknown,false,false,false,,,"classification=manual_review; sink=none; context=sourcePage: body.sourcePage || ""unknown""",fallback policy,Operational fallbacks are counted in the summary but excluded from UI issue totals.
GLV4-205,medium,manual_review,import graph routes,all,various,static_fallback,route.ts,src/app/api/webhooks/resend/route.ts,82,,re_webhook_verification_only,es-es;fr;de-de;it-it;pt-br;nl;ar;zh-cn;ja;ko;hi;tr;pl;sv;id;th;vi,manual_review,nullish_or_boolean_fallback,unknown,false,false,false,,,"classification=manual_review; sink=none; context=new Resend(
    process.env.RESEND_API_KEY || ""re_webhook_verification_only""
  )",fallback policy,Operational fallbacks are counted in the summary but excluded from UI issue totals.
GLV4-206,medium,confirmed,import graph routes,all,various,static_fallback,page.tsx,src/app/cars/page.tsx,1258,,Select when you’ll pick up and return your car.,es-es;fr;de-de;it-it;pt-br;nl;ar;zh-cn;ja;ko;hi;tr;pl;sv;id;th;vi,confirmed_visible_fallback,nullish_or_boolean_fallback,visible,false,false,false,,,"classification=confirmed_visible_fallback; sink=jsx; context={
          t(""carsSearch.mobileTimeIntro"") ||
          ""Select when you’ll pick up and return your car.""
        }",fallback policy,Operational fallbacks are counted in the summary but excluded from UI issue totals.
GLV4-207,medium,confirmed,import graph routes,all,various,static_fallback,page.tsx,src/app/cars/page.tsx,1274,,Driver must be between 18 and 70 years old.,es-es;fr;de-de;it-it;pt-br;nl;ar;zh-cn;ja;ko;hi;tr;pl;sv;id;th;vi,confirmed_visible_fallback,nullish_or_boolean_fallback,visible,false,false,false,,,"classification=confirmed_visible_fallback; sink=jsx; context={
          t(""carsSearch.mobileDriverAgeIntro"") ||
          ""Driver must be between 18 and 70 years old.""
        }",fallback policy,Operational fallbacks are counted in the summary but excluded from UI issue totals.
GLV4-208,medium,manual_review,import graph routes,all,various,static_fallback,BookingPreferencesContent.tsx,src/app/dashboard/preferences/booking/BookingPreferencesContent.tsx,124,,Unable to load travel preferences.,es-es;fr;de-de;it-it;pt-br;nl;ar;zh-cn;ja;ko;hi;tr;pl;sv;id;th;vi,manual_review,nullish_or_boolean_fallback,unknown,false,false,false,,,"classification=manual_review; sink=none; context=new Error(
            data.error ||
              t[""accountDashboard.preferences.booking.status.loadError""] ||
              ""Unable to load travel preferences."",
          )",fallback policy,Operational fallbacks are counted in the summary but excluded from UI issue totals.
GLV4-209,medium,confirmed,import graph routes,all,various,static_fallback,BookingPreferencesContent.tsx,src/app/dashboard/preferences/booking/BookingPreferencesContent.tsx,139,,Unable to load travel preferences.,es-es;fr;de-de;it-it;pt-br;nl;ar;zh-cn;ja;ko;hi;tr;pl;sv;id;th;vi,confirmed_visible_fallback,nullish_or_boolean_fallback,visible,false,false,false,,,"classification=confirmed_visible_fallback; sink=setMessage; context=(t[""accountDashboard.preferences.booking.status.loadError""] ??
                ""Unable to load travel preferences."")",fallback policy,Operational fallbacks are counted in the summary but excluded from UI issue totals.
GLV4-210,medium,manual_review,import graph routes,all,various,static_fallback,BookingPreferencesContent.tsx,src/app/dashboard/preferences/booking/BookingPreferencesContent.tsx,173,,Unable to save travel preferences.,es-es;fr;de-de;it-it;pt-br;nl;ar;zh-cn;ja;ko;hi;tr;pl;sv;id;th;vi,manual_review,nullish_or_boolean_fallback,unknown,false,false,false,,,"classification=manual_review; sink=none; context=new Error(
          data.error ||
            t[""accountDashboard.preferences.booking.status.saveError""] ||
            ""Unable to save travel preferences."",
        )",fallback policy,Operational fallbacks are counted in the summary but excluded from UI issue totals.
GLV4-211,medium,confirmed,import graph routes,all,various,static_fallback,BookingPreferencesContent.tsx,src/app/dashboard/preferences/booking/BookingPreferencesContent.tsx,182,,Travel preferences saved.,es-es;fr;de-de;it-it;pt-br;nl;ar;zh-cn;ja;ko;hi;tr;pl;sv;id;th;vi,confirmed_visible_fallback,nullish_or_boolean_fallback,visible,false,false,false,,,"classification=confirmed_visible_fallback; sink=setMessage; context=setMessage(
        t[""accountDashboard.preferences.booking.status.saved""] ??
          ""Travel preferences saved."",
      )",fallback policy,Operational fallbacks are counted in the summary but excluded from UI issue totals.
GLV4-212,medium,confirmed,import graph routes,all,various,static_fallback,BookingPreferencesContent.tsx,src/app/dashboard/preferences/booking/BookingPreferencesContent.tsx,190,,Unable to save travel preferences.,es-es;fr;de-de;it-it;pt-br;nl;ar;zh-cn;ja;ko;hi;tr;pl;sv;id;th;vi,confirmed_visible_fallback,nullish_or_boolean_fallback,visible,false,false,false,,,"classification=confirmed_visible_fallback; sink=setMessage; context=(t[""accountDashboard.preferences.booking.status.saveError""] ??
              ""Unable to save travel preferences."")",fallback policy,Operational fallbacks are counted in the summary but excluded from UI issue totals.
GLV4-213,medium,confirmed,import graph routes,all,various,static_fallback,BookingPreferencesContent.tsx,src/app/dashboard/preferences/booking/BookingPreferencesContent.tsx,206,,Loading your travel preferences…,es-es;fr;de-de;it-it;pt-br;nl;ar;zh-cn;ja;ko;hi;tr;pl;sv;id;th;vi,confirmed_visible_fallback,nullish_or_boolean_fallback,visible,false,false,false,,,"classification=confirmed_visible_fallback; sink=jsx; context={
                t[""accountDashboard.preferences.booking.status.loading""] ??
                ""Loading your travel preferences…""
              }",fallback policy,Operational fallbacks are counted in the summary but excluded from UI issue totals.
GLV4-214,medium,confirmed,import graph routes,all,various,static_fallback,BookingPreferencesContent.tsx,src/app/dashboard/preferences/booking/BookingPreferencesContent.tsx,216,,Flight defaults,es-es;fr;de-de;it-it;pt-br;nl;ar;zh-cn;ja;ko;hi;tr;pl;sv;id;th;vi,confirmed_visible_fallback,nullish_or_boolean_fallback,visible,false,false,false,,,"classification=confirmed_visible_fallback; sink=jsx; context={
                    t[
                      ""accountDashboard.preferences.booking.sections.flightDefaults.title""
                    ] ?? ""Flight defaults""
                  }",fallback policy,Operational fallbacks are counted in the summary but excluded from UI issue totals.
GLV4-215,medium,confirmed,import graph routes,all,various,static_fallback,BookingPreferencesContent.tsx,src/app/dashboard/preferences/booking/BookingPreferencesContent.tsx,221,,Set the airport and airlines saved in your travel profile defaults.,es-es;fr;de-de;it-it;pt-br;nl;ar;zh-cn;ja;ko;hi;tr;pl;sv;id;th;vi,confirmed_visible_fallback,nullish_or_boolean_fallback,visible,false,false,false,,,"classification=confirmed_visible_fallback; sink=jsx; context={
                    t[
                      ""accountDashboard.preferences.booking.sections.flightDefaults.description""
                    ] ??
                    ""Set the airport and airlines saved in your travel profile defaults.""
   ",fallback policy,Operational fallbacks are counted in the summary but excluded from UI issue totals.
GLV4-216,medium,confirmed,import graph routes,all,various,static_fallback,BookingPreferencesContent.tsx,src/app/dashboard/preferences/booking/BookingPreferencesContent.tsx,268,,Saved.,es-es;fr;de-de;it-it;pt-br;nl;ar;zh-cn;ja;ko;hi;tr;pl;sv;id;th;vi,confirmed_visible_fallback,nullish_or_boolean_fallback,visible,false,false,false,,,"classification=confirmed_visible_fallback; sink=jsx; context=(t[
                        ""accountDashboard.preferences.booking.status.savedShort""
                      ] ?? ""Saved."")",fallback policy,Operational fallbacks are counted in the summary but excluded from UI issue totals.
GLV4-217,medium,confirmed,import graph routes,all,various,static_fallback,BookingPreferencesContent.tsx,src/app/dashboard/preferences/booking/BookingPreferencesContent.tsx,283,,Changes reverted.,es-es;fr;de-de;it-it;pt-br;nl;ar;zh-cn;ja;ko;hi;tr;pl;sv;id;th;vi,confirmed_visible_fallback,nullish_or_boolean_fallback,visible,false,false,false,,,"classification=confirmed_visible_fallback; sink=setMessage; context=setMessage(
                        t[
                          ""accountDashboard.preferences.booking.status.reverted""
                        ] ?? ""Changes reverted."",
                      )",fallback policy,Operational fallbacks are counted in the summary but excluded from UI issue totals.
GLV4-218,medium,confirmed,import graph routes,all,various,static_fallback,BookingPreferencesContent.tsx,src/app/dashboard/preferences/booking/BookingPreferencesContent.tsx,291,,Revert changes,es-es;fr;de-de;it-it;pt-br;nl;ar;zh-cn;ja;ko;hi;tr;pl;sv;id;th;vi,confirmed_visible_fallback,nullish_or_boolean_fallback,visible,false,false,false,,,"classification=confirmed_visible_fallback; sink=jsx; context={t[""accountDashboard.preferences.booking.actions.revert""] ??
                      ""Revert changes""}",fallback policy,Operational fallbacks are counted in the summary but excluded from UI issue totals.
GLV4-219,medium,confirmed,import graph routes,all,various,static_fallback,BookingPreferencesContent.tsx,src/app/dashboard/preferences/booking/BookingPreferencesContent.tsx,302,,Saving…,es-es;fr;de-de;it-it;pt-br;nl;ar;zh-cn;ja;ko;hi;tr;pl;sv;id;th;vi,confirmed_visible_fallback,nullish_or_boolean_fallback,visible,false,false,false,,,"classification=confirmed_visible_fallback; sink=jsx; context=(t[
                          ""accountDashboard.preferences.booking.actions.saving""
                        ] ?? ""Saving…"")",fallback policy,Operational fallbacks are counted in the summary but excluded from UI issue totals.
GLV4-220,medium,manual_review,import graph routes,all,various,static_fallback,EmailPreferencesContent.tsx,src/app/dashboard/preferences/email/EmailPreferencesContent.tsx,154,,Unable to load email preferences.,es-es;fr;de-de;it-it;pt-br;nl;ar;zh-cn;ja;ko;hi;tr;pl;sv;id;th;vi,manual_review,nullish_or_boolean_fallback,unknown,false,false,false,,,"classification=manual_review; sink=none; context=new Error(data.error || ""Unable to load email preferences."")",fallback policy,Operational fallbacks are counted in the summary but excluded from UI issue totals.
GLV4-221,medium,manual_review,import graph routes,all,various,static_fallback,EmailPreferencesContent.tsx,src/app/dashboard/preferences/email/EmailPreferencesContent.tsx,222,,Unable to save email preferences.,es-es;fr;de-de;it-it;pt-br;nl;ar;zh-cn;ja;ko;hi;tr;pl;sv;id;th;vi,manual_review,nullish_or_boolean_fallback,unknown,false,false,false,,,"classification=manual_review; sink=none; context=new Error(data.error || ""Unable to save email preferences."")",fallback policy,Operational fallbacks are counted in the summary but excluded from UI issue totals.
GLV4-222,medium,confirmed,import graph routes,all,various,static_fallback,layout.tsx,src/app/layout.tsx,125,,en-US,es-es;fr;de-de;it-it;pt-br;nl;ar;zh-cn;ja;ko;hi;tr;pl;sv;id;th;vi,confirmed_visible_fallback,nullish_or_boolean_fallback,visible,false,false,false,,,"classification=confirmed_visible_fallback; sink=jsx; context={initialLanguage?.locale ?? ""en-US""}",fallback policy,Operational fallbacks are counted in the summary but excluded from UI issue totals.
GLV4-223,medium,confirmed,import graph routes,all,various,static_fallback,layout.tsx,src/app/layout.tsx,126,,ltr,es-es;fr;de-de;it-it;pt-br;nl;ar;zh-cn;ja;ko;hi;tr;pl;sv;id;th;vi,confirmed_visible_fallback,nullish_or_boolean_fallback,visible,false,false,false,,,"classification=confirmed_visible_fallback; sink=jsx; context={initialLanguage?.direction ?? ""ltr""}",fallback policy,Operational fallbacks are counted in the summary but excluded from UI issue totals.
GLV4-224,medium,manual_review,import graph routes,all,various,static_fallback,page.tsx,src/app/legal/[slug]/page.tsx,21,,Legal Document,es-es;fr;de-de;it-it;pt-br;nl;ar;zh-cn;ja;ko;hi;tr;pl;sv;id;th;vi,manual_review,nullish_or_boolean_fallback,unknown,false,false,false,,,"classification=manual_review; sink=none; context=title: document?.title || ""Legal Document""",fallback policy,Operational fallbacks are counted in the summary but excluded from UI issue totals.
GLV4-225,medium,manual_review,import graph routes,all,various,static_fallback,page.tsx,src/app/page.tsx,664,,none,es-es;fr;de-de;it-it;pt-br;nl;ar;zh-cn;ja;ko;hi;tr;pl;sv;id;th;vi,manual_review,nullish_or_boolean_fallback,unknown,false,false,false,,,"classification=manual_review; sink=none; context=priceState: fareCard?.priceState ?? ""none""",fallback policy,Operational fallbacks are counted in the summary but excluded from UI issue totals.
GLV4-226,medium,manual_review,import graph routes,all,various,static_fallback,page.tsx,src/app/page.tsx,994,,Unable to update saved items right now.,es-es;fr;de-de;it-it;pt-br;nl;ar;zh-cn;ja;ko;hi;tr;pl;sv;id;th;vi,manual_review,nullish_or_boolean_fallback,unknown,false,false,false,,,"classification=manual_review; sink=none; context=setSavedItemError(
          result.error ?? ""Unable to update saved items right now."",
        )",fallback policy,Operational fallbacks are counted in the summary but excluded from UI issue totals.
GLV4-227,medium,manual_review,import graph routes,all,various,static_fallback,page.tsx,src/app/page.tsx,1006,,Unable to save item right now.,es-es;fr;de-de;it-it;pt-br;nl;ar;zh-cn;ja;ko;hi;tr;pl;sv;id;th;vi,manual_review,nullish_or_boolean_fallback,unknown,false,false,false,,,"classification=manual_review; sink=none; context=setSavedItemError(result.error ?? ""Unable to save item right now."")",fallback policy,Operational fallbacks are counted in the summary but excluded from UI issue totals.
GLV4-228,medium,confirmed,import graph routes,all,various,static_fallback,page.tsx,src/app/page.tsx,1332,,Discover destinations from your region,es-es;fr;de-de;it-it;pt-br;nl;ar;zh-cn;ja;ko;hi;tr;pl;sv;id;th;vi,confirmed_visible_fallback,nullish_or_boolean_fallback,visible,false,false,false,,,"classification=confirmed_visible_fallback; sink=jsx; context={t(""homeRegionalRoutesTitle"") ||
                ""Discover destinations from your region""}",fallback policy,Operational fallbacks are counted in the summary but excluded from UI issue totals.
GLV4-229,medium,confirmed,import graph routes,all,various,static_fallback,page.tsx,src/app/page.tsx,1339,,View all route ideas,es-es;fr;de-de;it-it;pt-br;nl;ar;zh-cn;ja;ko;hi;tr;pl;sv;id;th;vi,confirmed_visible_fallback,nullish_or_boolean_fallback,visible,false,false,false,,,"classification=confirmed_visible_fallback; sink=jsx; context={t(""homeRegionalRoutesViewAll"") || ""View all route ideas""}",fallback policy,Operational fallbacks are counted in the summary but excluded from UI issue totals.
GLV4-230,medium,confirmed,import graph routes,admin,various,static_fallback,AdminPageShellHistorical.tsx,src/components/admin/AdminPageShellHistorical.tsx,178,,No email available,es-es;fr;de-de;it-it;pt-br;nl;ar;zh-cn;ja;ko;hi;tr;pl;sv;id;th;vi,confirmed_visible_fallback,nullish_or_boolean_fallback,visible,false,false,false,,,"classification=confirmed_visible_fallback; sink=jsx; context={adminEmail || ""No email available""}",fallback policy,Operational fallbacks are counted in the summary but excluded from UI issue totals.
GLV4-231,medium,confirmed,import graph routes,admin,various,static_fallback,AdminPageShellHistorical.tsx,src/components/admin/AdminPageShellHistorical.tsx,333,,Unavailable,es-es;fr;de-de;it-it;pt-br;nl;ar;zh-cn;ja;ko;hi;tr;pl;sv;id;th;vi,confirmed_visible_fallback,nullish_or_boolean_fallback,visible,false,false,false,,,"classification=confirmed_visible_fallback; sink=jsx; context={lastSuccessfulRequest || ""Unavailable""}",fallback policy,Operational fallbacks are counted in the summary but excluded from UI issue totals.
GLV4-232,medium,confirmed,import graph routes,admin,various,static_fallback,AdminPageShellHistorical.tsx,src/components/admin/AdminPageShellHistorical.tsx,334,,Unavailable,es-es;fr;de-de;it-it;pt-br;nl;ar;zh-cn;ja;ko;hi;tr;pl;sv;id;th;vi,confirmed_visible_fallback,nullish_or_boolean_fallback,visible,false,false,false,,,"classification=confirmed_visible_fallback; sink=jsx; context={lastFailedRequest || ""Unavailable""}",fallback policy,Operational fallbacks are counted in the summary but excluded from UI issue totals.
GLV4-233,medium,confirmed,import graph routes,admin,various,static_fallback,FeatureControlsPanel.tsx,src/components/admin/FeatureControlsPanel.tsx,20,,The control could not be changed.,es-es;fr;de-de;it-it;pt-br;nl;ar;zh-cn;ja;ko;hi;tr;pl;sv;id;th;vi,confirmed_visible_fallback,nullish_or_boolean_fallback,visible,false,false,false,,,"classification=confirmed_visible_fallback; sink=setError; context=setError(body.error || ""The control could not be changed."")",fallback policy,Operational fallbacks are counted in the summary but excluded from UI issue totals.
GLV4-234,medium,confirmed,import graph routes,admin,various,static_fallback,HomepageFaresRefreshCard.tsx,src/components/admin/HomepageFaresRefreshCard.tsx,943,,Not configured,es-es;fr;de-de;it-it;pt-br;nl;ar;zh-cn;ja;ko;hi;tr;pl;sv;id;th;vi,confirmed_visible_fallback,nullish_or_boolean_fallback,visible,false,false,false,,,"classification=confirmed_visible_fallback; sink=jsx; context={statusPayload.nextExpectedCronRefresh ?? ""Not configured""}",fallback policy,Operational fallbacks are counted in the summary but excluded from UI issue totals.
GLV4-235,medium,confirmed,import graph routes,admin,various,static_fallback,PreviewTesterRegistry.tsx,src/components/admin/PreviewTesterRegistry.tsx,21,,Unable to add team member.,es-es;fr;de-de;it-it;pt-br;nl;ar;zh-cn;ja;ko;hi;tr;pl;sv;id;th;vi,confirmed_visible_fallback,nullish_or_boolean_fallback,visible,false,false,false,,,"classification=confirmed_visible_fallback; sink=setError; context=setError(result.error || ""Unable to add team member."")",fallback policy,Operational fallbacks are counted in the summary but excluded from UI issue totals.
GLV4-236,medium,confirmed,import graph routes,admin,various,static_fallback,PreviewTesterRegistry.tsx,src/components/admin/PreviewTesterRegistry.tsx,29,,Unable to update team member.,es-es;fr;de-de;it-it;pt-br;nl;ar;zh-cn;ja;ko;hi;tr;pl;sv;id;th;vi,confirmed_visible_fallback,nullish_or_boolean_fallback,visible,false,false,false,,,"classification=confirmed_visible_fallback; sink=setError; context=setError(result.error || ""Unable to update team member."")",fallback policy,Operational fallbacks are counted in the summary but excluded from UI issue totals.
GLV4-237,medium,confirmed,import graph routes,admin,various,static_fallback,PreviewTesterRegistry.tsx,src/components/admin/PreviewTesterRegistry.tsx,38,,Unable to update team member.,es-es;fr;de-de;it-it;pt-br;nl;ar;zh-cn;ja;ko;hi;tr;pl;sv;id;th;vi,confirmed_visible_fallback,nullish_or_boolean_fallback,visible,false,false,false,,,"classification=confirmed_visible_fallback; sink=setError; context=setError(result.error || ""Unable to update team member."")",fallback policy,Operational fallbacks are counted in the summary but excluded from UI issue totals.
GLV4-238,medium,confirmed,import graph routes,admin,various,static_fallback,ProviderHealthPanel.tsx,src/components/admin/ProviderHealthPanel.tsx,44,,Unable to run provider health check.,es-es;fr;de-de;it-it;pt-br;nl;ar;zh-cn;ja;ko;hi;tr;pl;sv;id;th;vi,confirmed_visible_fallback,nullish_or_boolean_fallback,visible,false,false,false,,,"classification=confirmed_visible_fallback; sink=setError; context=setError(payload.error || ""Unable to run provider health check."")",fallback policy,Operational fallbacks are counted in the summary but excluded from UI issue totals.
GLV4-239,medium,confirmed,import graph routes,admin,various,static_fallback,ProviderHealthPanel.tsx,src/components/admin/ProviderHealthPanel.tsx,125,,Waiting,es-es;fr;de-de;it-it;pt-br;nl;ar;zh-cn;ja;ko;hi;tr;pl;sv;id;th;vi,confirmed_visible_fallback,nullish_or_boolean_fallback,visible,false,false,false,,,"classification=confirmed_visible_fallback; sink=jsx; context={data?.nodeEnv || ""Waiting""}",fallback policy,Operational fallbacks are counted in the summary but excluded from UI issue totals.
GLV4-240,medium,confirmed,import graph routes,admin,various,static_fallback,ProviderRetestButton.tsx,src/components/admin/ProviderRetestButton.tsx,17,,Retest failed.,es-es;fr;de-de;it-it;pt-br;nl;ar;zh-cn;ja;ko;hi;tr;pl;sv;id;th;vi,confirmed_visible_fallback,nullish_or_boolean_fallback,visible,false,false,false,,,"classification=confirmed_visible_fallback; sink=setMessage; context=setMessage(data.error || ""Retest failed."")",fallback policy,Operational fallbacks are counted in the summary but excluded from UI issue totals.
GLV4-241,medium,confirmed,import graph routes,admin,various,static_fallback,UserStatusActions.tsx,src/components/admin/UserStatusActions.tsx,62,,Action failed.,es-es;fr;de-de;it-it;pt-br;nl;ar;zh-cn;ja;ko;hi;tr;pl;sv;id;th;vi,confirmed_visible_fallback,nullish_or_boolean_fallback,visible,false,false,false,,,"classification=confirmed_visible_fallback; sink=setMessage; context=setMessage(data.error || ""Action failed."")",fallback policy,Operational fallbacks are counted in the summary but excluded from UI issue totals.
GLV4-242,medium,confirmed,import graph routes,admin,various,static_fallback,UserStatusActions.tsx,src/components/admin/UserStatusActions.tsx,65,,Updated.,es-es;fr;de-de;it-it;pt-br;nl;ar;zh-cn;ja;ko;hi;tr;pl;sv;id;th;vi,confirmed_visible_fallback,nullish_or_boolean_fallback,visible,false,false,false,,,"classification=confirmed_visible_fallback; sink=setMessage; context=setMessage(data.message || ""Updated."")",fallback policy,Operational fallbacks are counted in the summary but excluded from UI issue totals.
GLV4-243,medium,confirmed,import graph routes,admin,various,static_fallback,UserStatusActions.tsx,src/components/admin/UserStatusActions.tsx,83,,Role update failed.,es-es;fr;de-de;it-it;pt-br;nl;ar;zh-cn;ja;ko;hi;tr;pl;sv;id;th;vi,confirmed_visible_fallback,nullish_or_boolean_fallback,visible,false,false,false,,,"classification=confirmed_visible_fallback; sink=setMessage; context=setMessage(data.error || ""Role update failed."")",fallback policy,Operational fallbacks are counted in the summary but excluded from UI issue totals.
GLV4-244,medium,confirmed,import graph routes,admin,various,static_fallback,UserStatusActions.tsx,src/components/admin/UserStatusActions.tsx,86,,Role updated.,es-es;fr;de-de;it-it;pt-br;nl;ar;zh-cn;ja;ko;hi;tr;pl;sv;id;th;vi,confirmed_visible_fallback,nullish_or_boolean_fallback,visible,false,false,false,,,"classification=confirmed_visible_fallback; sink=setMessage; context=setMessage(data.message || ""Role updated."")",fallback policy,Operational fallbacks are counted in the summary but excluded from UI issue totals.
GLV4-245,medium,confirmed,import graph routes,admin,various,static_fallback,UserStatusActions.tsx,src/components/admin/UserStatusActions.tsx,107,,Permanent delete failed.,es-es;fr;de-de;it-it;pt-br;nl;ar;zh-cn;ja;ko;hi;tr;pl;sv;id;th;vi,confirmed_visible_fallback,nullish_or_boolean_fallback,visible,false,false,false,,,"classification=confirmed_visible_fallback; sink=setMessage; context=setMessage(data.error || ""Permanent delete failed."")",fallback policy,Operational fallbacks are counted in the summary but excluded from UI issue totals.
GLV4-246,medium,confirmed,import graph routes,admin,various,static_fallback,UserStatusActions.tsx,src/components/admin/UserStatusActions.tsx,111,,User permanently deleted.,es-es;fr;de-de;it-it;pt-br;nl;ar;zh-cn;ja;ko;hi;tr;pl;sv;id;th;vi,confirmed_visible_fallback,nullish_or_boolean_fallback,visible,false,false,false,,,"classification=confirmed_visible_fallback; sink=setMessage; context=setMessage(data.message || ""User permanently deleted."")",fallback policy,Operational fallbacks are counted in the summary but excluded from UI issue totals.
GLV4-247,medium,manual_review,import graph routes,all,various,static_fallback,OnboardingSecurityForm.tsx,src/components/auth/OnboardingSecurityForm.tsx,22,,Unable to start passkey setup.,es-es;fr;de-de;it-it;pt-br;nl;ar;zh-cn;ja;ko;hi;tr;pl;sv;id;th;vi,manual_review,nullish_or_boolean_fallback,unknown,false,false,false,,,"classification=manual_review; sink=none; context=new Error(optionsData.error || ""Unable to start passkey setup."")",fallback policy,Operational fallbacks are counted in the summary but excluded from UI issue totals.
GLV4-248,medium,manual_review,import graph routes,all,various,static_fallback,OnboardingSecurityForm.tsx,src/components/auth/OnboardingSecurityForm.tsx,29,,Unable to verify passkey setup.,es-es;fr;de-de;it-it;pt-br;nl;ar;zh-cn;ja;ko;hi;tr;pl;sv;id;th;vi,manual_review,nullish_or_boolean_fallback,unknown,false,false,false,,,"classification=manual_review; sink=none; context=new Error(verifyData.error || ""Unable to verify passkey setup."")",fallback policy,Operational fallbacks are counted in the summary but excluded from UI issue totals.
GLV4-249,medium,manual_review,import graph routes,all,various,static_fallback,SigninForm.tsx,src/components/auth/SigninForm.tsx,117,,/auth/verify-email,es-es;fr;de-de;it-it;pt-br;nl;ar;zh-cn;ja;ko;hi;tr;pl;sv;id;th;vi,manual_review,nullish_or_boolean_fallback,unknown,false,false,false,,,"classification=manual_review; sink=none; context=window.location.href = result.redirectTo || ""/auth/verify-email""",fallback policy,Operational fallbacks are counted in the summary but excluded from UI issue totals.
GLV4-250,medium,confirmed,import graph routes,all,various,static_fallback,DashboardGrid.tsx,src/components/dashboard/DashboardGrid.tsx,1466,,text,es-es;fr;de-de;it-it;pt-br;nl;ar;zh-cn;ja;ko;hi;tr;pl;sv;id;th;vi,confirmed_visible_fallback,nullish_or_boolean_fallback,visible,false,false,false,,,"classification=confirmed_visible_fallback; sink=jsx; context={row.inputType ?? ""text""}",fallback policy,Operational fallbacks are counted in the summary but excluded from UI issue totals.
GLV4-251,medium,manual_review,import graph routes,all,various,static_fallback,DashboardGrid.tsx,src/components/dashboard/DashboardGrid.tsx,1910,,Unable to update email address.,es-es;fr;de-de;it-it;pt-br;nl;ar;zh-cn;ja;ko;hi;tr;pl;sv;id;th;vi,manual_review,nullish_or_boolean_fallback,unknown,false,false,false,,,"classification=manual_review; sink=none; context=new Error(data?.error || ""Unable to update email address."")",fallback policy,Operational fallbacks are counted in the summary but excluded from UI issue totals.
GLV4-252,medium,manual_review,import graph routes,all,various,static_fallback,DashboardGrid.tsx,src/components/dashboard/DashboardGrid.tsx,1978,,Unable to save profile details.,es-es;fr;de-de;it-it;pt-br;nl;ar;zh-cn;ja;ko;hi;tr;pl;sv;id;th;vi,manual_review,nullish_or_boolean_fallback,unknown,false,false,false,,,"classification=manual_review; sink=none; context=new Error(data?.error || ""Unable to save profile details."")",fallback policy,Operational fallbacks are counted in the summary but excluded from UI issue totals.
GLV4-253,medium,manual_review,import graph routes,all,various,static_fallback,DashboardGrid.tsx,src/components/dashboard/DashboardGrid.tsx,2000,,Unable to save profile details.,es-es;fr;de-de;it-it;pt-br;nl;ar;zh-cn;ja;ko;hi;tr;pl;sv;id;th;vi,manual_review,nullish_or_boolean_fallback,unknown,false,false,false,,,"classification=manual_review; sink=none; context=error instanceof Error
          ? error.message
          : t[""accountDashboard.personalDetails.saveError""] ||
              ""Unable to save profile details.""",fallback policy,Operational fallbacks are counted in the summary but excluded from UI issue totals.
GLV4-254,medium,confirmed,import graph routes,all,various,static_fallback,DashboardGrid.tsx,src/components/dashboard/DashboardGrid.tsx,2119,,Manage the information Kurioticket uses for your account.,es-es;fr;de-de;it-it;pt-br;nl;ar;zh-cn;ja;ko;hi;tr;pl;sv;id;th;vi,confirmed_visible_fallback,nullish_or_boolean_fallback,visible,false,false,false,,,"classification=confirmed_visible_fallback; sink=jsx; context={t[""accountDashboard.personalDetails.description""] ||
              ""Manage the information Kurioticket uses for your account.""}",fallback policy,Operational fallbacks are counted in the summary but excluded from UI issue totals.
GLV4-255,medium,confirmed,import graph routes,all,various,static_fallback,DashboardGrid.tsx,src/components/dashboard/DashboardGrid.tsx,2201,,Saving…,es-es;fr;de-de;it-it;pt-br;nl;ar;zh-cn;ja;ko;hi;tr;pl;sv;id;th;vi,confirmed_visible_fallback,nullish_or_boolean_fallback,visible,false,false,false,,,"classification=confirmed_visible_fallback; sink=jsx; context=isSaving
                ? t[""accountDashboard.personalDetails.saving""] || ""Saving…""
                : t[""accountDashboard.personalDetails.saveChanges""]",fallback policy,Operational fallbacks are counted in the summary but excluded from UI issue totals.
GLV4-256,medium,manual_review,import graph routes,all,various,static_fallback,DashboardGrid.tsx,src/components/dashboard/DashboardGrid.tsx,2777,,Unable to start passkey setup.,es-es;fr;de-de;it-it;pt-br;nl;ar;zh-cn;ja;ko;hi;tr;pl;sv;id;th;vi,manual_review,nullish_or_boolean_fallback,unknown,false,false,false,,,"classification=manual_review; sink=none; context=new Error(optionsData.error || ""Unable to start passkey setup."")",fallback policy,Operational fallbacks are counted in the summary but excluded from UI issue totals.
GLV4-257,medium,manual_review,import graph routes,all,various,static_fallback,DashboardGrid.tsx,src/components/dashboard/DashboardGrid.tsx,2811,,Unable to verify passkey setup.,es-es;fr;de-de;it-it;pt-br;nl;ar;zh-cn;ja;ko;hi;tr;pl;sv;id;th;vi,manual_review,nullish_or_boolean_fallback,unknown,false,false,false,,,"classification=manual_review; sink=none; context=new Error(verifyData.error || ""Unable to verify passkey setup."")",fallback policy,Operational fallbacks are counted in the summary but excluded from UI issue totals.
GLV4-258,medium,manual_review,import graph routes,all,various,static_fallback,DashboardGrid.tsx,src/components/dashboard/DashboardGrid.tsx,2840,,Unable to verify that request.,es-es;fr;de-de;it-it;pt-br;nl;ar;zh-cn;ja;ko;hi;tr;pl;sv;id;th;vi,manual_review,nullish_or_boolean_fallback,unknown,false,false,false,,,"classification=manual_review; sink=none; context=new Error(verifyData.error || ""Unable to verify that request."")",fallback policy,Operational fallbacks are counted in the summary but excluded from UI issue totals.
GLV4-259,medium,confirmed,import graph routes,all,various,static_fallback,DashboardGrid.tsx,src/components/dashboard/DashboardGrid.tsx,3179,,Passkey,es-es;fr;de-de;it-it;pt-br;nl;ar;zh-cn;ja;ko;hi;tr;pl;sv;id;th;vi,confirmed_visible_fallback,nullish_or_boolean_fallback,visible,false,false,false,,,"classification=confirmed_visible_fallback; sink=jsx; context={passkey.name || ""Passkey""}",fallback policy,Operational fallbacks are counted in the summary but excluded from UI issue totals.
GLV4-260,medium,confirmed,import graph routes,all,various,static_fallback,DashboardGrid.tsx,src/components/dashboard/DashboardGrid.tsx,3179,,Device or security key,es-es;fr;de-de;it-it;pt-br;nl;ar;zh-cn;ja;ko;hi;tr;pl;sv;id;th;vi,confirmed_visible_fallback,nullish_or_boolean_fallback,visible,false,false,false,,,"classification=confirmed_visible_fallback; sink=jsx; context=passkey.backedUp ? ""Synced passkey"" : passkey.deviceType || ""Device or security key""",fallback policy,Operational fallbacks are counted in the summary but excluded from UI issue totals.
GLV4-261,medium,confirmed,import graph routes,all,various,static_fallback,DashboardGrid.tsx,src/components/dashboard/DashboardGrid.tsx,3218,,not available,es-es;fr;de-de;it-it;pt-br;nl;ar;zh-cn;ja;ko;hi;tr;pl;sv;id;th;vi,confirmed_visible_fallback,nullish_or_boolean_fallback,visible,false,false,false,,,"classification=confirmed_visible_fallback; sink=jsx; context={session.maskedIp || ""not available""}",fallback policy,Operational fallbacks are counted in the summary but excluded from UI issue totals.
GLV4-262,medium,confirmed,import graph routes,all,various,static_fallback,DashboardGrid.tsx,src/components/dashboard/DashboardGrid.tsx,3255,,device,es-es;fr;de-de;it-it;pt-br;nl;ar;zh-cn;ja;ko;hi;tr;pl;sv;id;th;vi,confirmed_visible_fallback,nullish_or_boolean_fallback,visible,false,false,false,,,"classification=confirmed_visible_fallback; sink=jsx; context=session.deviceLabel || ""device""} device record`",fallback policy,Operational fallbacks are counted in the summary but excluded from UI issue totals.
GLV4-263,medium,confirmed,import graph routes,all,various,static_fallback,AppHeader.tsx,src/components/layout/AppHeader.tsx,565,,Flag,es-es;fr;de-de;it-it;pt-br;nl;ar;zh-cn;ja;ko;hi;tr;pl;sv;id;th;vi,confirmed_visible_fallback,nullish_or_boolean_fallback,visible,false,false,false,,,"classification=confirmed_visible_fallback; sink=jsx; context={fallbackText ?? ""Flag""}",fallback policy,Operational fallbacks are counted in the summary but excluded from UI issue totals.
GLV4-264,medium,confirmed,import graph routes,all,various,static_fallback,AppHeader.tsx,src/components/layout/AppHeader.tsx,594,,Flag,es-es;fr;de-de;it-it;pt-br;nl;ar;zh-cn;ja;ko;hi;tr;pl;sv;id;th;vi,confirmed_visible_fallback,nullish_or_boolean_fallback,visible,false,false,false,,,"classification=confirmed_visible_fallback; sink=jsx; context={fallbackText ?? ""Flag""}",fallback policy,Operational fallbacks are counted in the summary but excluded from UI issue totals.
GLV4-265,medium,confirmed,import graph routes,all,various,static_fallback,AppHeader.tsx,src/components/layout/AppHeader.tsx,1209,,Preferences,es-es;fr;de-de;it-it;pt-br;nl;ar;zh-cn;ja;ko;hi;tr;pl;sv;id;th;vi,confirmed_visible_fallback,nullish_or_boolean_fallback,visible,false,false,false,,,"classification=confirmed_visible_fallback; sink=jsx; context={t.mobilePreferencesHeading || ""Preferences""}",fallback policy,Operational fallbacks are counted in the summary but excluded from UI issue totals.
GLV4-266,medium,confirmed,import graph routes,all,various,static_fallback,AppHeader.tsx,src/components/layout/AppHeader.tsx,1269,,Travel,es-es;fr;de-de;it-it;pt-br;nl;ar;zh-cn;ja;ko;hi;tr;pl;sv;id;th;vi,confirmed_visible_fallback,nullish_or_boolean_fallback,visible,false,false,false,,,"classification=confirmed_visible_fallback; sink=jsx; context={t.mobileTravelHeading || ""Travel""}",fallback policy,Operational fallbacks are counted in the summary but excluded from UI issue totals.
GLV4-267,medium,confirmed,import graph routes,all,various,static_fallback,AppHeader.tsx,src/components/layout/AppHeader.tsx,1308,,Explore,es-es;fr;de-de;it-it;pt-br;nl;ar;zh-cn;ja;ko;hi;tr;pl;sv;id;th;vi,confirmed_visible_fallback,nullish_or_boolean_fallback,visible,false,false,false,,,"classification=confirmed_visible_fallback; sink=jsx; context={t.mobileExploreHeading || ""Explore""}",fallback policy,Operational fallbacks are counted in the summary but excluded from UI issue totals.
GLV4-268,medium,confirmed,import graph routes,all,various,static_fallback,AppHeader.tsx,src/components/layout/AppHeader.tsx,1345,,Info & legal,es-es;fr;de-de;it-it;pt-br;nl;ar;zh-cn;ja;ko;hi;tr;pl;sv;id;th;vi,confirmed_visible_fallback,nullish_or_boolean_fallback,visible,false,false,false,,,"classification=confirmed_visible_fallback; sink=jsx; context={t.mobileInfoLegalHeading || ""Info & legal""}",fallback policy,Operational fallbacks are counted in the summary but excluded from UI issue totals.
GLV4-269,medium,manual_review,import graph routes,all,various,static_fallback,LocaleProvider.tsx,src/components/layout/LocaleProvider.tsx,44,,ltr,es-es;fr;de-de;it-it;pt-br;nl;ar;zh-cn;ja;ko;hi;tr;pl;sv;id;th;vi,manual_review,nullish_or_boolean_fallback,unknown,false,false,false,,,"classification=manual_review; sink=none; context=return findLanguageOption(locale)?.direction ?? ""ltr"";",fallback policy,Operational fallbacks are counted in the summary but excluded from UI issue totals.
GLV4-270,medium,manual_review,import graph routes,all,various,static_fallback,LocaleProvider.tsx,src/components/layout/LocaleProvider.tsx,48,,en-US,es-es;fr;de-de;it-it;pt-br;nl;ar;zh-cn;ja;ko;hi;tr;pl;sv;id;th;vi,manual_review,nullish_or_boolean_fallback,unknown,false,false,false,,,"classification=manual_review; sink=none; context=return findLanguageOption(locale)?.locale ?? ""en-US"";",fallback policy,Operational fallbacks are counted in the summary but excluded from UI issue totals.
GLV4-271,medium,confirmed,import graph routes,all,various,static_fallback,StagingDeploymentBadge.tsx,src/components/layout/StagingDeploymentBadge.tsx,18,,unversioned,es-es;fr;de-de;it-it;pt-br;nl;ar;zh-cn;ja;ko;hi;tr;pl;sv;id;th;vi,confirmed_visible_fallback,nullish_or_boolean_fallback,visible,false,false,false,,,"classification=confirmed_visible_fallback; sink=jsx; context={release.applicationVersion ?? ""unversioned""}",fallback policy,Operational fallbacks are counted in the summary but excluded from UI issue totals.
GLV4-272,medium,confirmed,import graph routes,all,various,static_fallback,NewsletterPreferencesClient.tsx,src/components/newsletter/NewsletterPreferencesClient.tsx,41,,NOT_FOUND,es-es;fr;de-de;it-it;pt-br;nl;ar;zh-cn;ja;ko;hi;tr;pl;sv;id;th;vi,confirmed_visible_fallback,nullish_or_boolean_fallback,visible,false,false,false,,,"classification=confirmed_visible_fallback; sink=setStatus; context=setStatus(data.status || ""NOT_FOUND"")",fallback policy,Operational fallbacks are counted in the summary but excluded from UI issue totals.
GLV4-273,medium,manual_review,import graph routes,all,various,static_fallback,CarResultCard.tsx,src/components/results/CarResultCard.tsx,69,,or similar,es-es;fr;de-de;it-it;pt-br;nl;ar;zh-cn;ja;ko;hi;tr;pl;sv;id;th;vi,manual_review,nullish_or_boolean_fallback,unknown,false,false,false,,,"classification=manual_review; sink=none; context=planningLabels?.orSimilar ?? ""or similar""}`",fallback policy,Operational fallbacks are counted in the summary but excluded from UI issue totals.
GLV4-274,medium,confirmed,import graph routes,all,various,static_fallback,CarsResultsClient.tsx,src/components/results/CarsResultsClient.tsx,1618,,No cars match these filters.,es-es;fr;de-de;it-it;pt-br;nl;ar;zh-cn;ja;ko;hi;tr;pl;sv;id;th;vi,confirmed_visible_fallback,nullish_or_boolean_fallback,visible,false,false,false,,,"classification=confirmed_visible_fallback; sink=jsx; context={t(""carsResults.filteredEmpty"") ||
                      ""No cars match these filters.""}",fallback policy,Operational fallbacks are counted in the summary but excluded from UI issue totals.
GLV4-275,medium,confirmed,import graph routes,all,various,static_fallback,CarsResultsClient.tsx,src/components/results/CarsResultsClient.tsx,1627,,Clear filters,es-es;fr;de-de;it-it;pt-br;nl;ar;zh-cn;ja;ko;hi;tr;pl;sv;id;th;vi,confirmed_visible_fallback,nullish_or_boolean_fallback,visible,false,false,false,,,"classification=confirmed_visible_fallback; sink=jsx; context={t(""carsResults.clearFilters"") || ""Clear filters""}",fallback policy,Operational fallbacks are counted in the summary but excluded from UI issue totals.
GLV4-276,medium,confirmed,import graph routes,all,various,static_fallback,DealsResultsClient.tsx,src/components/results/DealsResultsClient.tsx,188,,deals.results.providerUnavailable,es-es;fr;de-de;it-it;pt-br;nl;ar;zh-cn;ja;ko;hi;tr;pl;sv;id;th;vi,confirmed_visible_fallback,nullish_or_boolean_fallback,visible,false,false,false,,,"classification=confirmed_visible_fallback; sink=jsx; context=t(failed.errorKey ?? ""deals.results.providerUnavailable"")",fallback policy,Operational fallbacks are counted in the summary but excluded from UI issue totals.
GLV4-277,medium,manual_review,import graph routes,all,various,static_fallback,DesktopFlightFilters.tsx,src/components/results/DesktopFlightFilters.tsx,101,,en,es-es;fr;de-de;it-it;pt-br;nl;ar;zh-cn;ja;ko;hi;tr;pl;sv;id;th;vi,manual_review,nullish_or_boolean_fallback,unknown,false,false,false,,,"classification=manual_review; sink=none; context=return locale || ""en"";",fallback policy,Operational fallbacks are counted in the summary but excluded from UI issue totals.
GLV4-278,medium,confirmed,import graph routes,all,various,static_fallback,FlightDetailsClient.tsx,src/components/results/FlightDetailsClient.tsx,130,,/flights,es-es;fr;de-de;it-it;pt-br;nl;ar;zh-cn;ja;ko;hi;tr;pl;sv;id;th;vi,confirmed_visible_fallback,nullish_or_boolean_fallback,visible,false,false,false,,,"classification=confirmed_visible_fallback; sink=jsx; context={backHref ?? ""/flights""}",fallback policy,Operational fallbacks are counted in the summary but excluded from UI issue totals.
GLV4-279,medium,confirmed,import graph routes,all,various,static_fallback,FlightDetailsClient.tsx,src/components/results/FlightDetailsClient.tsx,138,,/flights,es-es;fr;de-de;it-it;pt-br;nl;ar;zh-cn;ja;ko;hi;tr;pl;sv;id;th;vi,confirmed_visible_fallback,nullish_or_boolean_fallback,visible,false,false,false,,,"classification=confirmed_visible_fallback; sink=jsx; context={backHref ?? ""/flights""}",fallback policy,Operational fallbacks are counted in the summary but excluded from UI issue totals.
GLV4-280,medium,manual_review,import graph routes,all,various,static_fallback,FlightDetailsClient.tsx,src/components/results/FlightDetailsClient.tsx,859,,to,es-es;fr;de-de;it-it;pt-br;nl;ar;zh-cn;ja;ko;hi;tr;pl;sv;id;th;vi,manual_review,nullish_or_boolean_fallback,unknown,false,false,false,,,"classification=manual_review; sink=none; context=t.flightRouteConnector || ""to""} ${",fallback policy,Operational fallbacks are counted in the summary but excluded from UI issue totals.
GLV4-281,medium,manual_review,import graph routes,all,various,static_fallback,FlightResultsClient.tsx,src/components/results/FlightResultsClient.tsx,938,,cheapest,es-es;fr;de-de;it-it;pt-br;nl;ar;zh-cn;ja;ko;hi;tr;pl;sv;id;th;vi,manual_review,nullish_or_boolean_fallback,unknown,false,false,false,,,"classification=manual_review; sink=none; context=useState<SortMode>(
    (params.get(""sort"") as SortMode) || ""cheapest"",
  )",fallback policy,Operational fallbacks are counted in the summary but excluded from UI issue totals.
GLV4-282,medium,manual_review,import graph routes,all,various,static_fallback,FlightResultsClient.tsx,src/components/results/FlightResultsClient.tsx,993,,round-trip,es-es;fr;de-de;it-it;pt-br;nl;ar;zh-cn;ja;ko;hi;tr;pl;sv;id;th;vi,manual_review,nullish_or_boolean_fallback,unknown,false,false,false,,,"classification=manual_review; sink=none; context=useState(
    initialDateSafeParams.get(""tripType"") || ""round-trip"",
  )",fallback policy,Operational fallbacks are counted in the summary but excluded from UI issue totals.
GLV4-283,medium,manual_review,import graph routes,all,various,static_fallback,FlightResultsClient.tsx,src/components/results/FlightResultsClient.tsx,2261,,Unable to update saved items right now.,es-es;fr;de-de;it-it;pt-br;nl;ar;zh-cn;ja;ko;hi;tr;pl;sv;id;th;vi,manual_review,nullish_or_boolean_fallback,unknown,false,false,false,,,"classification=manual_review; sink=none; context=setSavedItemError(
          result.error ?? ""Unable to update saved items right now."",
        )",fallback policy,Operational fallbacks are counted in the summary but excluded from UI issue totals.
GLV4-284,medium,manual_review,import graph routes,all,various,static_fallback,FlightResultsClient.tsx,src/components/results/FlightResultsClient.tsx,2273,,Unable to save item right now.,es-es;fr;de-de;it-it;pt-br;nl;ar;zh-cn;ja;ko;hi;tr;pl;sv;id;th;vi,manual_review,nullish_or_boolean_fallback,unknown,false,false,false,,,"classification=manual_review; sink=none; context=setSavedItemError(result.error ?? ""Unable to save item right now."")",fallback policy,Operational fallbacks are counted in the summary but excluded from UI issue totals.
GLV4-285,medium,manual_review,import graph routes,all,various,static_fallback,FlightResultsClient.tsx,src/components/results/FlightResultsClient.tsx,2301,,round-trip,es-es;fr;de-de;it-it;pt-br;nl;ar;zh-cn;ja;ko;hi;tr;pl;sv;id;th;vi,manual_review,nullish_or_boolean_fallback,unknown,false,false,false,,,"classification=manual_review; sink=none; context=nextTripType = normalizedSearchValues.get(""tripType"") || ""round-trip""",fallback policy,Operational fallbacks are counted in the summary but excluded from UI issue totals.
GLV4-286,medium,manual_review,import graph routes,all,various,static_fallback,FlightResultsClient.tsx,src/components/results/FlightResultsClient.tsx,2441,,round-trip,es-es;fr;de-de;it-it;pt-br;nl;ar;zh-cn;ja;ko;hi;tr;pl;sv;id;th;vi,manual_review,nullish_or_boolean_fallback,unknown,false,false,false,,,"classification=manual_review; sink=none; context=tripType = searchParams.get(""tripType"") || ""round-trip""",fallback policy,Operational fallbacks are counted in the summary but excluded from UI issue totals.
GLV4-287,medium,manual_review,import graph routes,all,various,static_fallback,FlightResultsClient.tsx,src/components/results/FlightResultsClient.tsx,2483,,economy,es-es;fr;de-de;it-it;pt-br;nl;ar;zh-cn;ja;ko;hi;tr;pl;sv;id;th;vi,manual_review,nullish_or_boolean_fallback,unknown,false,false,false,,,"classification=manual_review; sink=none; context=cabinClass: searchParams.get(""cabinClass"") || ""economy""",fallback policy,Operational fallbacks are counted in the summary but excluded from UI issue totals.
GLV4-288,medium,manual_review,import graph routes,all,various,static_fallback,FlightResultsClient.tsx,src/components/results/FlightResultsClient.tsx,2484,,cheapest,es-es;fr;de-de;it-it;pt-br;nl;ar;zh-cn;ja;ko;hi;tr;pl;sv;id;th;vi,manual_review,nullish_or_boolean_fallback,unknown,false,false,false,,,"classification=manual_review; sink=none; context=sort: (searchParams.get(""sort"") as SortMode) || ""cheapest""",fallback policy,Operational fallbacks are counted in the summary but excluded from UI issue totals.
GLV4-289,medium,manual_review,import graph routes,all,various,static_fallback,FlightResultsClient.tsx,src/components/results/FlightResultsClient.tsx,2692,,Unable to search flights.,es-es;fr;de-de;it-it;pt-br;nl;ar;zh-cn;ja;ko;hi;tr;pl;sv;id;th;vi,manual_review,nullish_or_boolean_fallback,unknown,false,false,false,,,"classification=manual_review; sink=none; context=new Error(
              data.error ||
                dictionary.unableToSearchFlights ||
                enTranslations.unableToSearchFlights ||
                ""Unable to search flights."",
            )",fallback policy,Operational fallbacks are counted in the summary but excluded from UI issue totals.
GLV4-290,medium,confirmed,import graph routes,all,various,static_fallback,FlightResultsClient.tsx,src/components/results/FlightResultsClient.tsx,2719,,Unable to search flights.,es-es;fr;de-de;it-it;pt-br;nl;ar;zh-cn;ja;ko;hi;tr;pl;sv;id;th;vi,confirmed_visible_fallback,nullish_or_boolean_fallback,visible,false,false,false,,,"classification=confirmed_visible_fallback; sink=setError; context=searchError instanceof Error
              ? t(searchError.message) || searchError.message
              : dictionary.unableToSearchFlights ||
                  enTranslations.unableToSearchFlights ||
                  ""Unable to search fli",fallback policy,Operational fallbacks are counted in the summary but excluded from UI issue totals.
GLV4-291,medium,manual_review,import graph routes,all,various,static_fallback,FlightResultsClient.tsx,src/components/results/FlightResultsClient.tsx,8178,,round-trip,es-es;fr;de-de;it-it;pt-br;nl;ar;zh-cn;ja;ko;hi;tr;pl;sv;id;th;vi,manual_review,nullish_or_boolean_fallback,unknown,false,false,false,,,"classification=manual_review; sink=none; context=tripType = nextParams.get(""tripType"") || ""round-trip""",fallback policy,Operational fallbacks are counted in the summary but excluded from UI issue totals.
GLV4-292,medium,manual_review,import graph routes,all,various,static_fallback,HotelCard.tsx,src/components/results/HotelCard.tsx,336,,{{count}} review,es-es;fr;de-de;it-it;pt-br;nl;ar;zh-cn;ja;ko;hi;tr;pl;sv;id;th;vi,manual_review,nullish_or_boolean_fallback,unknown,false,false,false,,,"classification=manual_review; sink=none; context=reviewCount === 1
          ? t(""hotelResults.review.single"") || ""{{count}} review""
          : t(""hotelResults.review.multiple"") || ""{{count}} reviews""",fallback policy,Operational fallbacks are counted in the summary but excluded from UI issue totals.
GLV4-293,medium,manual_review,import graph routes,all,various,static_fallback,HotelCard.tsx,src/components/results/HotelCard.tsx,337,,{{count}} reviews,es-es;fr;de-de;it-it;pt-br;nl;ar;zh-cn;ja;ko;hi;tr;pl;sv;id;th;vi,manual_review,nullish_or_boolean_fallback,unknown,false,false,false,,,"classification=manual_review; sink=none; context=reviewCount === 1
          ? t(""hotelResults.review.single"") || ""{{count}} review""
          : t(""hotelResults.review.multiple"") || ""{{count}} reviews""",fallback policy,Operational fallbacks are counted in the summary but excluded from UI issue totals.
GLV4-294,medium,manual_review,import graph routes,all,various,static_fallback,HotelCard.tsx,src/components/results/HotelCard.tsx,343,,Price unavailable,es-es;fr;de-de;it-it;pt-br;nl;ar;zh-cn;ja;ko;hi;tr;pl;sv;id;th;vi,manual_review,nullish_or_boolean_fallback,unknown,false,false,false,,,"classification=manual_review; sink=none; context=priceUnavailableText =
    t(""hotelResults.priceUnavailable"") || ""Price unavailable""",fallback policy,Operational fallbacks are counted in the summary but excluded from UI issue totals.
GLV4-295,medium,manual_review,import graph routes,all,various,static_fallback,HotelCard.tsx,src/components/results/HotelCard.tsx,345,,No live room rate is available for the selected dates.,es-es;fr;de-de;it-it;pt-br;nl;ar;zh-cn;ja;ko;hi;tr;pl;sv;id;th;vi,manual_review,nullish_or_boolean_fallback,unknown,false,false,false,,,"classification=manual_review; sink=none; context=liveRateUnavailableText =
    t(""hotelResults.liveRateUnavailable"") ||
    ""No live room rate is available for the selected dates.""",fallback policy,Operational fallbacks are counted in the summary but excluded from UI issue totals.
GLV4-296,medium,manual_review,import graph routes,all,various,static_fallback,HotelCard.tsx,src/components/results/HotelCard.tsx,348,,Saving is available once a live room rate is provided.,es-es;fr;de-de;it-it;pt-br;nl;ar;zh-cn;ja;ko;hi;tr;pl;sv;id;th;vi,manual_review,nullish_or_boolean_fallback,unknown,false,false,false,,,"classification=manual_review; sink=none; context=saveRequiresLiveRateText =
    t(""hotelResults.saveRequiresLiveRate"") ||
    ""Saving is available once a live room rate is provided.""",fallback policy,Operational fallbacks are counted in the summary but excluded from UI issue totals.
GLV4-297,medium,manual_review,import graph routes,all,various,static_fallback,HotelCard.tsx,src/components/results/HotelCard.tsx,352,,Includes taxes and fees,es-es;fr;de-de;it-it;pt-br;nl;ar;zh-cn;ja;ko;hi;tr;pl;sv;id;th;vi,manual_review,nullish_or_boolean_fallback,unknown,false,false,false,,,"classification=manual_review; sink=none; context=hotel.taxesAndFeesIncluded === true
      ? t(""hotelResults.taxesFeesIncluded"") || ""Includes taxes and fees""
      : hotel.taxesAndFeesIncluded === false
        ? t(""hotelResults.taxesFeesNotIncluded"") ||
          ""Taxes and fees not incl",fallback policy,Operational fallbacks are counted in the summary but excluded from UI issue totals.
GLV4-298,medium,manual_review,import graph routes,all,various,static_fallback,HotelCard.tsx,src/components/results/HotelCard.tsx,354,,Taxes and fees not included,es-es;fr;de-de;it-it;pt-br;nl;ar;zh-cn;ja;ko;hi;tr;pl;sv;id;th;vi,manual_review,nullish_or_boolean_fallback,unknown,false,false,false,,,"classification=manual_review; sink=none; context=hotel.taxesAndFeesIncluded === false
        ? t(""hotelResults.taxesFeesNotIncluded"") ||
          ""Taxes and fees not included""
        : """"",fallback policy,Operational fallbacks are counted in the summary but excluded from UI issue totals.
GLV4-299,medium,manual_review,import graph routes,all,various,static_fallback,HotelCard.tsx,src/components/results/HotelCard.tsx,360,,Cheapest,es-es;fr;de-de;it-it;pt-br;nl;ar;zh-cn;ja;ko;hi;tr;pl;sv;id;th;vi,manual_review,nullish_or_boolean_fallback,unknown,false,false,false,,,"classification=manual_review; sink=none; context=label: t(""hotelResults.cheapest"") || ""Cheapest""",fallback policy,Operational fallbacks are counted in the summary but excluded from UI issue totals.
GLV4-300,medium,manual_review,import graph routes,all,various,static_fallback,HotelCard.tsx,src/components/results/HotelCard.tsx,365,,Best value,es-es;fr;de-de;it-it;pt-br;nl;ar;zh-cn;ja;ko;hi;tr;pl;sv;id;th;vi,manual_review,nullish_or_boolean_fallback,unknown,false,false,false,,,"classification=manual_review; sink=none; context=label: t(""hotelResults.bestValue"") || ""Best value""",fallback policy,Operational fallbacks are counted in the summary but excluded from UI issue totals.
GLV4-301,medium,manual_review,import graph routes,all,various,static_fallback,HotelCard.tsx,src/components/results/HotelCard.tsx,370,,Top rated,es-es;fr;de-de;it-it;pt-br;nl;ar;zh-cn;ja;ko;hi;tr;pl;sv;id;th;vi,manual_review,nullish_or_boolean_fallback,unknown,false,false,false,,,"classification=manual_review; sink=none; context=label: t(""hotelResults.topRated"") || ""Top rated""",fallback policy,Operational fallbacks are counted in the summary but excluded from UI issue totals.
GLV4-302,medium,manual_review,import graph routes,all,various,static_fallback,HotelCard.tsx,src/components/results/HotelCard.tsx,475,,{{current}} of {{total}} photos,es-es;fr;de-de;it-it;pt-br;nl;ar;zh-cn;ja;ko;hi;tr;pl;sv;id;th;vi,manual_review,nullish_or_boolean_fallback,unknown,false,false,false,,,"classification=manual_review; sink=none; context=(
    t(""hotelResults.photoCounter"") || ""{{current}} of {{total}} photos""
  )",fallback policy,Operational fallbacks are counted in the summary but excluded from UI issue totals.
GLV4-303,medium,confirmed,import graph routes,all,various,static_fallback,HotelCard.tsx,src/components/results/HotelCard.tsx,733,,View hotel,es-es;fr;de-de;it-it;pt-br;nl;ar;zh-cn;ja;ko;hi;tr;pl;sv;id;th;vi,confirmed_visible_fallback,nullish_or_boolean_fallback,visible,false,false,false,,,"classification=confirmed_visible_fallback; sink=jsx; context={actionLabel || t(""hotelResults.viewHotel"") || ""View hotel""}",fallback policy,Operational fallbacks are counted in the summary but excluded from UI issue totals.
GLV4-304,medium,manual_review,import graph routes,all,various,static_fallback,HotelDetailsClient.tsx,src/components/results/HotelDetailsClient.tsx,153,,This hotel quote is no longer available. Please search again for current prices.,es-es;fr;de-de;it-it;pt-br;nl;ar;zh-cn;ja;ko;hi;tr;pl;sv;id;th;vi,manual_review,nullish_or_boolean_fallback,unknown,false,false,false,,,"classification=manual_review; sink=none; context=unavailableFallback =
      enTranslations[""hotelDetails.unavailableBody""] ||
      ""This hotel quote is no longer available. Please search again for current prices.""",fallback policy,Operational fallbacks are counted in the summary but excluded from UI issue totals.
GLV4-305,medium,manual_review,import graph routes,all,various,static_fallback,HotelDetailsClient.tsx,src/components/results/HotelDetailsClient.tsx,333,,Back to Hotels results,es-es;fr;de-de;it-it;pt-br;nl;ar;zh-cn;ja;ko;hi;tr;pl;sv;id;th;vi,manual_review,nullish_or_boolean_fallback,unknown,false,false,false,,,"classification=manual_review; sink=none; context=backToResultsText =
    t(""hotelResults.backToResults"") || ""Back to Hotels results""",fallback policy,Operational fallbacks are counted in the summary but excluded from UI issue totals.
GLV4-306,medium,confirmed,import graph routes,all,various,static_fallback,HotelDetailsClient.tsx,src/components/results/HotelDetailsClient.tsx,374,,Try again,es-es;fr;de-de;it-it;pt-br;nl;ar;zh-cn;ja;ko;hi;tr;pl;sv;id;th;vi,confirmed_visible_fallback,nullish_or_boolean_fallback,visible,false,false,false,,,"classification=confirmed_visible_fallback; sink=jsx; context={t(""retry"") || ""Try again""}",fallback policy,Operational fallbacks are counted in the summary but excluded from UI issue totals.
GLV4-307,medium,manual_review,import graph routes,all,various,static_fallback,HotelDetailsClient.tsx,src/components/results/HotelDetailsClient.tsx,424,,Price unavailable,es-es;fr;de-de;it-it;pt-br;nl;ar;zh-cn;ja;ko;hi;tr;pl;sv;id;th;vi,manual_review,nullish_or_boolean_fallback,unknown,false,false,false,,,"classification=manual_review; sink=none; context=priceUnavailableText =
    t(""hotelResults.priceUnavailable"") || ""Price unavailable""",fallback policy,Operational fallbacks are counted in the summary but excluded from UI issue totals.
GLV4-308,medium,manual_review,import graph routes,all,various,static_fallback,HotelDetailsClient.tsx,src/components/results/HotelDetailsClient.tsx,426,,No live room rate is available for the selected dates.,es-es;fr;de-de;it-it;pt-br;nl;ar;zh-cn;ja;ko;hi;tr;pl;sv;id;th;vi,manual_review,nullish_or_boolean_fallback,unknown,false,false,false,,,"classification=manual_review; sink=none; context=liveRateUnavailableText =
    t(""hotelResults.liveRateUnavailable"") ||
    ""No live room rate is available for the selected dates.""",fallback policy,Operational fallbacks are counted in the summary but excluded from UI issue totals.
GLV4-309,medium,manual_review,import graph routes,all,various,static_fallback,HotelDetailsClient.tsx,src/components/results/HotelDetailsClient.tsx,429,,Saving is available once a live room rate is provided.,es-es;fr;de-de;it-it;pt-br;nl;ar;zh-cn;ja;ko;hi;tr;pl;sv;id;th;vi,manual_review,nullish_or_boolean_fallback,unknown,false,false,false,,,"classification=manual_review; sink=none; context=saveRequiresLiveRateText =
    t(""hotelResults.saveRequiresLiveRate"") ||
    ""Saving is available once a live room rate is provided.""",fallback policy,Operational fallbacks are counted in the summary but excluded from UI issue totals.
GLV4-310,medium,manual_review,import graph routes,all,various,static_fallback,HotelDetailsClient.tsx,src/components/results/HotelDetailsClient.tsx,432,,"This property is available for discovery, but a live booking quote is not available yet.",es-es;fr;de-de;it-it;pt-br;nl;ar;zh-cn;ja;ko;hi;tr;pl;sv;id;th;vi,manual_review,nullish_or_boolean_fallback,unknown,false,false,false,,,"classification=manual_review; sink=none; context=discoveryBookingUnavailableText =
    t(""hotelDetails.discoveryBookingUnavailable"") ||
    ""This property is available for discovery, but a live booking quote is not available yet.""",fallback policy,Operational fallbacks are counted in the summary but excluded from UI issue totals.
GLV4-311,medium,manual_review,import graph routes,all,various,static_fallback,HotelDetailsClient.tsx,src/components/results/HotelDetailsClient.tsx,461,,{{current}} of {{total}} photos,es-es;fr;de-de;it-it;pt-br;nl;ar;zh-cn;ja;ko;hi;tr;pl;sv;id;th;vi,manual_review,nullish_or_boolean_fallback,unknown,false,false,false,,,"classification=manual_review; sink=none; context=(
    t(""hotelResults.photoCounter"") || ""{{current}} of {{total}} photos""
  )",fallback policy,Operational fallbacks are counted in the summary but excluded from UI issue totals.
GLV4-312,medium,manual_review,import graph routes,all,various,static_fallback,HotelDetailsClient.tsx,src/components/results/HotelDetailsClient.tsx,466,,Photo {{current}} of {{total}},es-es;fr;de-de;it-it;pt-br;nl;ar;zh-cn;ja;ko;hi;tr;pl;sv;id;th;vi,manual_review,nullish_or_boolean_fallback,unknown,false,false,false,,,"classification=manual_review; sink=none; context=(
    t(""hotelDetails.photoPositionAnnouncement"") ||
    ""Photo {{current}} of {{total}}""
  )",fallback policy,Operational fallbacks are counted in the summary but excluded from UI issue totals.
GLV4-313,medium,manual_review,import graph routes,all,various,static_fallback,HotelDetailsClient.tsx,src/components/results/HotelDetailsClient.tsx,508,,{{count}} review,es-es;fr;de-de;it-it;pt-br;nl;ar;zh-cn;ja;ko;hi;tr;pl;sv;id;th;vi,manual_review,nullish_or_boolean_fallback,unknown,false,false,false,,,"classification=manual_review; sink=none; context=reviewCount === 1
          ? t(""hotelResults.review.single"") || ""{{count}} review""
          : t(""hotelResults.review.multiple"") || ""{{count}} reviews""",fallback policy,Operational fallbacks are counted in the summary but excluded from UI issue totals.
GLV4-314,medium,manual_review,import graph routes,all,various,static_fallback,HotelDetailsClient.tsx,src/components/results/HotelDetailsClient.tsx,509,,{{count}} reviews,es-es;fr;de-de;it-it;pt-br;nl;ar;zh-cn;ja;ko;hi;tr;pl;sv;id;th;vi,manual_review,nullish_or_boolean_fallback,unknown,false,false,false,,,"classification=manual_review; sink=none; context=reviewCount === 1
          ? t(""hotelResults.review.single"") || ""{{count}} review""
          : t(""hotelResults.review.multiple"") || ""{{count}} reviews""",fallback policy,Operational fallbacks are counted in the summary but excluded from UI issue totals.
GLV4-315,medium,manual_review,import graph routes,all,various,static_fallback,HotelDetailsClient.tsx,src/components/results/HotelDetailsClient.tsx,558,,Continue with this room to cars,es-es;fr;de-de;it-it;pt-br;nl;ar;zh-cn;ja;ko;hi;tr;pl;sv;id;th;vi,manual_review,nullish_or_boolean_fallback,unknown,false,false,false,,,"classification=manual_review; sink=none; context=guidedHotelNextProduct === ""car""
      ? t(""deals.guided.hotelDetails.continueCars"") ||
        ""Continue with this room to cars""
      : t(""deals.guided.hotelDetails.continueReview"") ||
        ""Continue with this room to review""",fallback policy,Operational fallbacks are counted in the summary but excluded from UI issue totals.
GLV4-316,medium,manual_review,import graph routes,all,various,static_fallback,HotelDetailsClient.tsx,src/components/results/HotelDetailsClient.tsx,560,,Continue with this room to review,es-es;fr;de-de;it-it;pt-br;nl;ar;zh-cn;ja;ko;hi;tr;pl;sv;id;th;vi,manual_review,nullish_or_boolean_fallback,unknown,false,false,false,,,"classification=manual_review; sink=none; context=guidedHotelNextProduct === ""car""
      ? t(""deals.guided.hotelDetails.continueCars"") ||
        ""Continue with this room to cars""
      : t(""deals.guided.hotelDetails.continueReview"") ||
        ""Continue with this room to review""",fallback policy,Operational fallbacks are counted in the summary but excluded from UI issue totals.
GLV4-317,medium,manual_review,import graph routes,all,various,static_fallback,HotelDetailsClient.tsx,src/components/results/HotelDetailsClient.tsx,576,,Saved,es-es;fr;de-de;it-it;pt-br;nl;ar;zh-cn;ja;ko;hi;tr;pl;sv;id;th;vi,manual_review,nullish_or_boolean_fallback,unknown,false,false,false,,,"classification=manual_review; sink=none; context=isSaved ? t(""saved"") || ""Saved"" : t(""save"") || ""Save""",fallback policy,Operational fallbacks are counted in the summary but excluded from UI issue totals.
GLV4-318,medium,manual_review,import graph routes,all,various,static_fallback,HotelDetailsClient.tsx,src/components/results/HotelDetailsClient.tsx,576,,Save,es-es;fr;de-de;it-it;pt-br;nl;ar;zh-cn;ja;ko;hi;tr;pl;sv;id;th;vi,manual_review,nullish_or_boolean_fallback,unknown,false,false,false,,,"classification=manual_review; sink=none; context=isSaved ? t(""saved"") || ""Saved"" : t(""save"") || ""Save""",fallback policy,Operational fallbacks are counted in the summary but excluded from UI issue totals.
GLV4-319,medium,manual_review,import graph routes,all,various,static_fallback,HotelDetailsClient.tsx,src/components/results/HotelDetailsClient.tsx,623,,guest,es-es;fr;de-de;it-it;pt-br;nl;ar;zh-cn;ja;ko;hi;tr;pl;sv;id;th;vi,manual_review,nullish_or_boolean_fallback,unknown,false,false,false,,,"classification=manual_review; sink=none; context=guestCount === 1
        ? t(""guestSingular"") || ""guest""
        : t(""guestPlural"") || ""guests""",fallback policy,Operational fallbacks are counted in the summary but excluded from UI issue totals.
GLV4-320,medium,manual_review,import graph routes,all,various,static_fallback,HotelDetailsClient.tsx,src/components/results/HotelDetailsClient.tsx,624,,guests,es-es;fr;de-de;it-it;pt-br;nl;ar;zh-cn;ja;ko;hi;tr;pl;sv;id;th;vi,manual_review,nullish_or_boolean_fallback,unknown,false,false,false,,,"classification=manual_review; sink=none; context=guestCount === 1
        ? t(""guestSingular"") || ""guest""
        : t(""guestPlural"") || ""guests""",fallback policy,Operational fallbacks are counted in the summary but excluded from UI issue totals.
GLV4-321,medium,manual_review,import graph routes,all,various,static_fallback,HotelDetailsClient.tsx,src/components/results/HotelDetailsClient.tsx,628,,room,es-es;fr;de-de;it-it;pt-br;nl;ar;zh-cn;ja;ko;hi;tr;pl;sv;id;th;vi,manual_review,nullish_or_boolean_fallback,unknown,false,false,false,,,"classification=manual_review; sink=none; context=roomCount === 1
        ? t(""roomSingular"") || ""room""
        : t(""roomPlural"") || ""rooms""",fallback policy,Operational fallbacks are counted in the summary but excluded from UI issue totals.
GLV4-322,medium,manual_review,import graph routes,all,various,static_fallback,HotelDetailsClient.tsx,src/components/results/HotelDetailsClient.tsx,629,,rooms,es-es;fr;de-de;it-it;pt-br;nl;ar;zh-cn;ja;ko;hi;tr;pl;sv;id;th;vi,manual_review,nullish_or_boolean_fallback,unknown,false,false,false,,,"classification=manual_review; sink=none; context=roomCount === 1
        ? t(""roomSingular"") || ""room""
        : t(""roomPlural"") || ""rooms""",fallback policy,Operational fallbacks are counted in the summary but excluded from UI issue totals.
GLV4-323,medium,manual_review,import graph routes,all,various,static_fallback,HotelDetailsClient.tsx,src/components/results/HotelDetailsClient.tsx,633,,night,es-es;fr;de-de;it-it;pt-br;nl;ar;zh-cn;ja;ko;hi;tr;pl;sv;id;th;vi,manual_review,nullish_or_boolean_fallback,unknown,false,false,false,,,"classification=manual_review; sink=none; context=nightCount === 1
        ? t(""hotelDetails.nightSingular"") || ""night""
        : t(""hotelDetails.nightPlural"") || ""nights""",fallback policy,Operational fallbacks are counted in the summary but excluded from UI issue totals.
GLV4-324,medium,manual_review,import graph routes,all,various,static_fallback,HotelDetailsClient.tsx,src/components/results/HotelDetailsClient.tsx,634,,nights,es-es;fr;de-de;it-it;pt-br;nl;ar;zh-cn;ja;ko;hi;tr;pl;sv;id;th;vi,manual_review,nullish_or_boolean_fallback,unknown,false,false,false,,,"classification=manual_review; sink=none; context=nightCount === 1
        ? t(""hotelDetails.nightSingular"") || ""night""
        : t(""hotelDetails.nightPlural"") || ""nights""",fallback policy,Operational fallbacks are counted in the summary but excluded from UI issue totals.
GLV4-325,medium,confirmed,import graph routes,all,various,static_fallback,HotelDetailsClient.tsx,src/components/results/HotelDetailsClient.tsx,804,,Previous photo,es-es;fr;de-de;it-it;pt-br;nl;ar;zh-cn;ja;ko;hi;tr;pl;sv;id;th;vi,confirmed_visible_fallback,nullish_or_boolean_fallback,visible,false,false,false,,,"classification=confirmed_visible_fallback; sink=jsx; context={
                  t(""hotelResults.previousPhoto"") || ""Previous photo""
                }",fallback policy,Operational fallbacks are counted in the summary but excluded from UI issue totals.
GLV4-326,medium,confirmed,import graph routes,all,various,static_fallback,HotelDetailsClient.tsx,src/components/results/HotelDetailsClient.tsx,806,,Next photo,es-es;fr;de-de;it-it;pt-br;nl;ar;zh-cn;ja;ko;hi;tr;pl;sv;id;th;vi,confirmed_visible_fallback,nullish_or_boolean_fallback,visible,false,false,false,,,"classification=confirmed_visible_fallback; sink=jsx; context={t(""hotelResults.nextPhoto"") || ""Next photo""}",fallback policy,Operational fallbacks are counted in the summary but excluded from UI issue totals.
GLV4-327,medium,confirmed,import graph routes,all,various,static_fallback,HotelDetailsClient.tsx,src/components/results/HotelDetailsClient.tsx,814,,Show photo {{number}},es-es;fr;de-de;it-it;pt-br;nl;ar;zh-cn;ja;ko;hi;tr;pl;sv;id;th;vi,confirmed_visible_fallback,nullish_or_boolean_fallback,visible,false,false,false,,,"classification=confirmed_visible_fallback; sink=jsx; context={
                  t(""hotelResults.selectPhoto"") || ""Show photo {{number}}""
                }",fallback policy,Operational fallbacks are counted in the summary but excluded from UI issue totals.
GLV4-328,medium,confirmed,import graph routes,all,various,static_fallback,HotelDetailsClient.tsx,src/components/results/HotelDetailsClient.tsx,817,,View all photos,es-es;fr;de-de;it-it;pt-br;nl;ar;zh-cn;ja;ko;hi;tr;pl;sv;id;th;vi,confirmed_visible_fallback,nullish_or_boolean_fallback,visible,false,false,false,,,"classification=confirmed_visible_fallback; sink=jsx; context={
                  t(""hotelDetails.viewAllPhotos"") || ""View all photos""
                }",fallback policy,Operational fallbacks are counted in the summary but excluded from UI issue totals.
GLV4-329,medium,confirmed,import graph routes,all,various,static_fallback,HotelDetailsClient.tsx,src/components/results/HotelDetailsClient.tsx,820,,Open photo {{current}} of {{total}} for {{hotelName}},es-es;fr;de-de;it-it;pt-br;nl;ar;zh-cn;ja;ko;hi;tr;pl;sv;id;th;vi,confirmed_visible_fallback,nullish_or_boolean_fallback,visible,false,false,false,,,"classification=confirmed_visible_fallback; sink=jsx; context={
                  t(""hotelDetails.openPhotoViewer"") ||
                  ""Open photo {{current}} of {{total}} for {{hotelName}}""
                }",fallback policy,Operational fallbacks are counted in the summary but excluded from UI issue totals.
GLV4-330,medium,confirmed,import graph routes,all,various,static_fallback,HotelDetailsClient.tsx,src/components/results/HotelDetailsClient.tsx,824,,Close photo viewer,es-es;fr;de-de;it-it;pt-br;nl;ar;zh-cn;ja;ko;hi;tr;pl;sv;id;th;vi,confirmed_visible_fallback,nullish_or_boolean_fallback,visible,false,false,false,,,"classification=confirmed_visible_fallback; sink=jsx; context={
                  t(""hotelDetails.closePhotoViewer"") || ""Close photo viewer""
                }",fallback policy,Operational fallbacks are counted in the summary but excluded from UI issue totals.
GLV4-331,medium,confirmed,import graph routes,all,various,static_fallback,HotelDetailsClient.tsx,src/components/results/HotelDetailsClient.tsx,827,,Photos for {{hotelName}},es-es;fr;de-de;it-it;pt-br;nl;ar;zh-cn;ja;ko;hi;tr;pl;sv;id;th;vi,confirmed_visible_fallback,nullish_or_boolean_fallback,visible,false,false,false,,,"classification=confirmed_visible_fallback; sink=jsx; context=(
                  t(""hotelDetails.photoViewerTitle"") ||
                  ""Photos for {{hotelName}}""
                )",fallback policy,Operational fallbacks are counted in the summary but excluded from UI issue totals.
GLV4-332,medium,confirmed,import graph routes,all,various,static_fallback,HotelDetailsClient.tsx,src/components/results/HotelDetailsClient.tsx,838,,Room information,es-es;fr;de-de;it-it;pt-br;nl;ar;zh-cn;ja;ko;hi;tr;pl;sv;id;th;vi,confirmed_visible_fallback,nullish_or_boolean_fallback,visible,false,false,false,,,"classification=confirmed_visible_fallback; sink=jsx; context=mode === ""guided""
                    ? t(""deals.guided.hotelDetails.roomInformation"") ||
                      ""Room information""
                    : t(""hotelResults.roomDetails"") || ""Room""",fallback policy,Operational fallbacks are counted in the summary but excluded from UI issue totals.
GLV4-333,medium,confirmed,import graph routes,all,various,static_fallback,HotelDetailsClient.tsx,src/components/results/HotelDetailsClient.tsx,840,,Room,es-es;fr;de-de;it-it;pt-br;nl;ar;zh-cn;ja;ko;hi;tr;pl;sv;id;th;vi,confirmed_visible_fallback,nullish_or_boolean_fallback,visible,false,false,false,,,"classification=confirmed_visible_fallback; sink=jsx; context=mode === ""guided""
                    ? t(""deals.guided.hotelDetails.roomInformation"") ||
                      ""Room information""
                    : t(""hotelResults.roomDetails"") || ""Room""",fallback policy,Operational fallbacks are counted in the summary but excluded from UI issue totals.
GLV4-334,medium,confirmed,import graph routes,all,various,static_fallback,HotelDetailsClient.tsx,src/components/results/HotelDetailsClient.tsx,844,,Cancellation,es-es;fr;de-de;it-it;pt-br;nl;ar;zh-cn;ja;ko;hi;tr;pl;sv;id;th;vi,confirmed_visible_fallback,nullish_or_boolean_fallback,visible,false,false,false,,,"classification=confirmed_visible_fallback; sink=jsx; context={
                  t(""hotelResults.cancellationDetails"") || ""Cancellation""
                }",fallback policy,Operational fallbacks are counted in the summary but excluded from UI issue totals.
GLV4-335,medium,confirmed,import graph routes,all,various,static_fallback,HotelDetailsClient.tsx,src/components/results/HotelDetailsClient.tsx,848,,Amenities,es-es;fr;de-de;it-it;pt-br;nl;ar;zh-cn;ja;ko;hi;tr;pl;sv;id;th;vi,confirmed_visible_fallback,nullish_or_boolean_fallback,visible,false,false,false,,,"classification=confirmed_visible_fallback; sink=jsx; context={
                  t(""hotelResults.amenitiesDetails"") || ""Amenities""
                }",fallback policy,Operational fallbacks are counted in the summary but excluded from UI issue totals.
GLV4-336,medium,confirmed,import graph routes,all,various,static_fallback,HotelDetailsClient.tsx,src/components/results/HotelDetailsClient.tsx,887,,Change dates and guests,es-es;fr;de-de;it-it;pt-br;nl;ar;zh-cn;ja;ko;hi;tr;pl;sv;id;th;vi,confirmed_visible_fallback,nullish_or_boolean_fallback,visible,false,false,false,,,"classification=confirmed_visible_fallback; sink=jsx; context={
                t(""hotelDetails.changeDatesGuests"") || ""Change dates and guests""
              }",fallback policy,Operational fallbacks are counted in the summary but excluded from UI issue totals.
GLV4-337,medium,confirmed,import graph routes,all,various,static_fallback,HotelDetailsClient.tsx,src/components/results/HotelDetailsClient.tsx,896,,Change dates and guests,es-es;fr;de-de;it-it;pt-br;nl;ar;zh-cn;ja;ko;hi;tr;pl;sv;id;th;vi,confirmed_visible_fallback,nullish_or_boolean_fallback,visible,false,false,false,,,"classification=confirmed_visible_fallback; sink=jsx; context=label:
                        t(""hotelDetails.changeDatesGuests"") ||
                        ""Change dates and guests""",fallback policy,Operational fallbacks are counted in the summary but excluded from UI issue totals.
GLV4-338,medium,confirmed,import graph routes,all,various,static_fallback,HotelDetailsClient.tsx,src/components/results/HotelDetailsClient.tsx,904,,Provider price,es-es;fr;de-de;it-it;pt-br;nl;ar;zh-cn;ja;ko;hi;tr;pl;sv;id;th;vi,confirmed_visible_fallback,nullish_or_boolean_fallback,visible,false,false,false,,,"classification=confirmed_visible_fallback; sink=jsx; context=mode === ""guided""
                  ? t(""deals.guided.hotelDetails.sourceEstimate"") ||
                    enTranslations[""deals.guided.hotelDetails.sourceEstimate""]
                  : t(""hotelDetails.providerPrice"") || ""Provider price""",fallback policy,Operational fallbacks are counted in the summary but excluded from UI issue totals.
GLV4-339,medium,manual_review,import graph routes,all,various,static_fallback,HotelResultsClient.tsx,src/components/results/HotelResultsClient.tsx,354,,Tokyo,es-es;fr;de-de;it-it;pt-br;nl;ar;zh-cn;ja;ko;hi;tr;pl;sv;id;th;vi,manual_review,nullish_or_boolean_fallback,unknown,false,false,false,,,"classification=manual_review; sink=none; context=normalizeHotelDestinationSearchValue(
        params.get(""destination"") || ""Tokyo"",
      )",fallback policy,Operational fallbacks are counted in the summary but excluded from UI issue totals.
GLV4-340,medium,manual_review,import graph routes,all,various,static_fallback,HotelResultsClient.tsx,src/components/results/HotelResultsClient.tsx,360,,cheapest,es-es;fr;de-de;it-it;pt-br;nl;ar;zh-cn;ja;ko;hi;tr;pl;sv;id;th;vi,manual_review,nullish_or_boolean_fallback,unknown,false,false,false,,,"classification=manual_review; sink=none; context=sort: params.get(""sort"") || ""cheapest""",fallback policy,Operational fallbacks are counted in the summary but excluded from UI issue totals.
GLV4-341,medium,manual_review,import graph routes,all,various,static_fallback,HotelResultsClient.tsx,src/components/results/HotelResultsClient.tsx,455,,cheapest,es-es;fr;de-de;it-it;pt-br;nl;ar;zh-cn;ja;ko;hi;tr;pl;sv;id;th;vi,manual_review,nullish_or_boolean_fallback,unknown,false,false,false,,,"classification=manual_review; sink=none; context=sort: searchInput.sort || ""cheapest""",fallback policy,Operational fallbacks are counted in the summary but excluded from UI issue totals.
GLV4-342,medium,manual_review,import graph routes,all,various,static_fallback,HotelResultsClient.tsx,src/components/results/HotelResultsClient.tsx,572,,Travel dates,es-es;fr;de-de;it-it;pt-br;nl;ar;zh-cn;ja;ko;hi;tr;pl;sv;id;th;vi,manual_review,nullish_or_boolean_fallback,unknown,false,false,false,,,"classification=manual_review; sink=none; context=return checkIn || checkOut || ""Travel dates"";",fallback policy,Operational fallbacks are counted in the summary but excluded from UI issue totals.
GLV4-343,medium,manual_review,import graph routes,all,various,static_fallback,HotelResultsClient.tsx,src/components/results/HotelResultsClient.tsx,587,,guest,es-es;fr;de-de;it-it;pt-br;nl;ar;zh-cn;ja;ko;hi;tr;pl;sv;id;th;vi,manual_review,nullish_or_boolean_fallback,unknown,false,false,false,,,"classification=manual_review; sink=none; context=guests === 1
        ? t(""guestSingular"") || ""guest""
        : t(""guestPlural"") || ""guests""",fallback policy,Operational fallbacks are counted in the summary but excluded from UI issue totals.
GLV4-344,medium,manual_review,import graph routes,all,various,static_fallback,HotelResultsClient.tsx,src/components/results/HotelResultsClient.tsx,588,,guests,es-es;fr;de-de;it-it;pt-br;nl;ar;zh-cn;ja;ko;hi;tr;pl;sv;id;th;vi,manual_review,nullish_or_boolean_fallback,unknown,false,false,false,,,"classification=manual_review; sink=none; context=guests === 1
        ? t(""guestSingular"") || ""guest""
        : t(""guestPlural"") || ""guests""",fallback policy,Operational fallbacks are counted in the summary but excluded from UI issue totals.
GLV4-345,medium,manual_review,import graph routes,all,various,static_fallback,HotelResultsClient.tsx,src/components/results/HotelResultsClient.tsx,590,,room,es-es;fr;de-de;it-it;pt-br;nl;ar;zh-cn;ja;ko;hi;tr;pl;sv;id;th;vi,manual_review,nullish_or_boolean_fallback,unknown,false,false,false,,,"classification=manual_review; sink=none; context=rooms === 1 ? t(""roomSingular"") || ""room"" : t(""roomPlural"") || ""rooms""",fallback policy,Operational fallbacks are counted in the summary but excluded from UI issue totals.
GLV4-346,medium,manual_review,import graph routes,all,various,static_fallback,HotelResultsClient.tsx,src/components/results/HotelResultsClient.tsx,590,,rooms,es-es;fr;de-de;it-it;pt-br;nl;ar;zh-cn;ja;ko;hi;tr;pl;sv;id;th;vi,manual_review,nullish_or_boolean_fallback,unknown,false,false,false,,,"classification=manual_review; sink=none; context=rooms === 1 ? t(""roomSingular"") || ""room"" : t(""roomPlural"") || ""rooms""",fallback policy,Operational fallbacks are counted in the summary but excluded from UI issue totals.
GLV4-347,medium,confirmed,import graph routes,all,various,static_fallback,HotelResultsClient.tsx,src/components/results/HotelResultsClient.tsx,1936,,Sort by,es-es;fr;de-de;it-it;pt-br;nl;ar;zh-cn;ja;ko;hi;tr;pl;sv;id;th;vi,confirmed_visible_fallback,nullish_or_boolean_fallback,visible,false,false,false,,,"classification=confirmed_visible_fallback; sink=jsx; context=t(""sortBy"") || ""Sort by""}:`",fallback policy,Operational fallbacks are counted in the summary but excluded from UI issue totals.
GLV4-348,medium,confirmed,import graph routes,all,various,static_fallback,HotelResultsClient.tsx,src/components/results/HotelResultsClient.tsx,1975,,Sort by,es-es;fr;de-de;it-it;pt-br;nl;ar;zh-cn;ja;ko;hi;tr;pl;sv;id;th;vi,confirmed_visible_fallback,nullish_or_boolean_fallback,visible,false,false,false,,,"classification=confirmed_visible_fallback; sink=jsx; context={t(""sortBy"") || ""Sort by""}",fallback policy,Operational fallbacks are counted in the summary but excluded from UI issue totals.
GLV4-349,medium,manual_review,import graph routes,all,various,static_fallback,HotelResultsClient.tsx,src/components/results/HotelResultsClient.tsx,2816,,All,es-es;fr;de-de;it-it;pt-br;nl;ar;zh-cn;ja;ko;hi;tr;pl;sv;id;th;vi,manual_review,nullish_or_boolean_fallback,unknown,false,false,false,,,"classification=manual_review; sink=none; context=rating === ALL_HOTEL_STAR_RATINGS
            ? t(""recentSearchesFilterAll"") || ""All""
            : formatHotelRating(rating, t, locale)",fallback policy,Operational fallbacks are counted in the summary but excluded from UI issue totals.
GLV4-350,medium,confirmed,import graph routes,all,various,static_fallback,DealsFlightJourneyV2.tsx,src/components/results/deals/DealsFlightJourneyV2.tsx,1186,,Baggage details unavailable,es-es;fr;de-de;it-it;pt-br;nl;ar;zh-cn;ja;ko;hi;tr;pl;sv;id;th;vi,confirmed_visible_fallback,nullish_or_boolean_fallback,visible,false,false,false,,,"classification=confirmed_visible_fallback; sink=jsx; context={fare.baggageInfo || ""Baggage details unavailable""}",fallback policy,Operational fallbacks are counted in the summary but excluded from UI issue totals.
GLV4-351,medium,confirmed,import graph routes,all,various,static_fallback,DealsFlightJourneyV2.tsx,src/components/results/deals/DealsFlightJourneyV2.tsx,1187,,Refund terms unavailable,es-es;fr;de-de;it-it;pt-br;nl;ar;zh-cn;ja;ko;hi;tr;pl;sv;id;th;vi,confirmed_visible_fallback,nullish_or_boolean_fallback,visible,false,false,false,,,"classification=confirmed_visible_fallback; sink=jsx; context={fare.refundInfo || ""Refund terms unavailable""}",fallback policy,Operational fallbacks are counted in the summary but excluded from UI issue totals.
GLV4-352,medium,confirmed,import graph routes,all,various,static_fallback,DealsFlightJourneyV2.tsx,src/components/results/deals/DealsFlightJourneyV2.tsx,1316,,Baggage details unavailable,es-es;fr;de-de;it-it;pt-br;nl;ar;zh-cn;ja;ko;hi;tr;pl;sv;id;th;vi,confirmed_visible_fallback,nullish_or_boolean_fallback,visible,false,false,false,,,"classification=confirmed_visible_fallback; sink=jsx; context={plan.flightJourney.confirmedOffer.baggageInfo ||
                ""Baggage details unavailable""}",fallback policy,Operational fallbacks are counted in the summary but excluded from UI issue totals.
GLV4-353,medium,confirmed,import graph routes,all,various,static_fallback,DealsFlightJourneyV2.tsx,src/components/results/deals/DealsFlightJourneyV2.tsx,1319,,Refund terms unavailable,es-es;fr;de-de;it-it;pt-br;nl;ar;zh-cn;ja;ko;hi;tr;pl;sv;id;th;vi,confirmed_visible_fallback,nullish_or_boolean_fallback,visible,false,false,false,,,"classification=confirmed_visible_fallback; sink=jsx; context={plan.flightJourney.confirmedOffer.refundInfo ||
                ""Refund terms unavailable""}",fallback policy,Operational fallbacks are counted in the summary but excluded from UI issue totals.
GLV4-354,medium,manual_review,import graph routes,all,various,static_fallback,hotelAmenityPresentation.ts,src/components/results/hotelAmenityPresentation.ts,195,,generic,es-es;fr;de-de;it-it;pt-br;nl;ar;zh-cn;ja;ko;hi;tr;pl;sv;id;th;vi,manual_review,nullish_or_boolean_fallback,unknown,false,false,false,,,"classification=manual_review; sink=none; context=iconKey = exactIconKeys[normalized] ?? ""generic""",fallback policy,Operational fallbacks are counted in the summary but excluded from UI issue totals.
GLV4-355,medium,confirmed,import graph routes,all,various,static_fallback,SavedRecentContent.tsx,src/components/saved/SavedRecentContent.tsx,35,,recent,es-es;fr;de-de;it-it;pt-br;nl;ar;zh-cn;ja;ko;hi;tr;pl;sv;id;th;vi,confirmed_visible_fallback,nullish_or_boolean_fallback,visible,false,false,false,,,"classification=confirmed_visible_fallback; sink=jsx; context=item.type ?? ""recent""}-${",fallback policy,Operational fallbacks are counted in the summary but excluded from UI issue totals.
GLV4-356,medium,confirmed,import graph routes,all,various,static_fallback,SavedRecentContent.tsx,src/components/saved/SavedRecentContent.tsx,35,,Saved search,es-es;fr;de-de;it-it;pt-br;nl;ar;zh-cn;ja;ko;hi;tr;pl;sv;id;th;vi,confirmed_visible_fallback,nullish_or_boolean_fallback,visible,false,false,false,,,"classification=confirmed_visible_fallback; sink=jsx; context={item.label || item.airlineName || item.hotelName || item.destination || ""Saved search""}",fallback policy,Operational fallbacks are counted in the summary but excluded from UI issue totals.
GLV4-357,medium,confirmed,import graph routes,all,various,static_fallback,SavedRecentContent.tsx,src/components/saved/SavedRecentContent.tsx,35,,Recent search,es-es;fr;de-de;it-it;pt-br;nl;ar;zh-cn;ja;ko;hi;tr;pl;sv;id;th;vi,confirmed_visible_fallback,nullish_or_boolean_fallback,visible,false,false,false,,,"classification=confirmed_visible_fallback; sink=jsx; context={item.type || item.subtitle || ""Recent search""}",fallback policy,Operational fallbacks are counted in the summary but excluded from UI issue totals.
GLV4-358,medium,confirmed,import graph routes,all,various,static_fallback,CarsPickerContent.tsx,src/components/search/CarsPickerContent.tsx,68,,Start,es-es;fr;de-de;it-it;pt-br;nl;ar;zh-cn;ja;ko;hi;tr;pl;sv;id;th;vi,confirmed_visible_fallback,nullish_or_boolean_fallback,visible,false,false,false,,,"classification=confirmed_visible_fallback; sink=jsx; context=start: strings.start ?? ""Start""",fallback policy,Operational fallbacks are counted in the summary but excluded from UI issue totals.
GLV4-359,medium,confirmed,import graph routes,all,various,static_fallback,CarsPickerContent.tsx,src/components/search/CarsPickerContent.tsx,69,,End,es-es;fr;de-de;it-it;pt-br;nl;ar;zh-cn;ja;ko;hi;tr;pl;sv;id;th;vi,confirmed_visible_fallback,nullish_or_boolean_fallback,visible,false,false,false,,,"classification=confirmed_visible_fallback; sink=jsx; context=end: strings.end ?? ""End""",fallback policy,Operational fallbacks are counted in the summary but excluded from UI issue totals.
GLV4-360,medium,confirmed,import graph routes,all,various,static_fallback,DealsSearchForm.tsx,src/components/search/DealsSearchForm.tsx,3432,,Swap origin and destination,es-es;fr;de-de;it-it;pt-br;nl;ar;zh-cn;ja;ko;hi;tr;pl;sv;id;th;vi,confirmed_visible_fallback,nullish_or_boolean_fallback,visible,false,false,false,,,"classification=confirmed_visible_fallback; sink=jsx; context={
                t(""swapOriginDestination"") || ""Swap origin and destination""
              }",fallback policy,Operational fallbacks are counted in the summary but excluded from UI issue totals.
GLV4-361,medium,confirmed,import graph routes,all,various,static_fallback,DealsSearchForm.tsx,src/components/search/DealsSearchForm.tsx,3955,,Swap origin and destination,es-es;fr;de-de;it-it;pt-br;nl;ar;zh-cn;ja;ko;hi;tr;pl;sv;id;th;vi,confirmed_visible_fallback,nullish_or_boolean_fallback,visible,false,false,false,,,"classification=confirmed_visible_fallback; sink=jsx; context={
                                t(""swapOriginDestination"") ||
                                ""Swap origin and destination""
                              }",fallback policy,Operational fallbacks are counted in the summary but excluded from UI issue totals.
GLV4-362,medium,confirmed,import graph routes,all,various,static_fallback,DealsSearchForm.tsx,src/components/search/DealsSearchForm.tsx,4871,,Select when you’ll pick up and return your car.,es-es;fr;de-de;it-it;pt-br;nl;ar;zh-cn;ja;ko;hi;tr;pl;sv;id;th;vi,confirmed_visible_fallback,nullish_or_boolean_fallback,visible,false,false,false,,,"classification=confirmed_visible_fallback; sink=jsx; context={t(""carsSearch.mobileTimeIntro"") || ""Select when you’ll pick up and return your car.""}",fallback policy,Operational fallbacks are counted in the summary but excluded from UI issue totals.
GLV4-363,medium,confirmed,import graph routes,all,various,static_fallback,DealsSearchForm.tsx,src/components/search/DealsSearchForm.tsx,4872,,Driver must be between 18 and 70 years old.,es-es;fr;de-de;it-it;pt-br;nl;ar;zh-cn;ja;ko;hi;tr;pl;sv;id;th;vi,confirmed_visible_fallback,nullish_or_boolean_fallback,visible,false,false,false,,,"classification=confirmed_visible_fallback; sink=jsx; context={t(""carsSearch.mobileDriverAgeIntro"") || ""Driver must be between 18 and 70 years old.""}",fallback policy,Operational fallbacks are counted in the summary but excluded from UI issue totals.
GLV4-364,medium,confirmed,import graph routes,all,various,static_fallback,HotelSearchBar.tsx,src/components/search/HotelSearchBar.tsx,1865,,Ages 18+,es-es;fr;de-de;it-it;pt-br;nl;ar;zh-cn;ja;ko;hi;tr;pl;sv;id;th;vi,confirmed_visible_fallback,nullish_or_boolean_fallback,visible,false,false,false,,,"classification=confirmed_visible_fallback; sink=jsx; context=adultDescription: t(""hotelGuests.adultDescription"") || ""Ages 18+""",fallback policy,Operational fallbacks are counted in the summary but excluded from UI issue totals.
GLV4-365,medium,confirmed,import graph routes,all,various,static_fallback,HotelSearchBar.tsx,src/components/search/HotelSearchBar.tsx,1865,,Ages 0–17,es-es;fr;de-de;it-it;pt-br;nl;ar;zh-cn;ja;ko;hi;tr;pl;sv;id;th;vi,confirmed_visible_fallback,nullish_or_boolean_fallback,visible,false,false,false,,,"classification=confirmed_visible_fallback; sink=jsx; context=childDescription: t(""hotelGuests.childDescription"") || ""Ages 0–17""",fallback policy,Operational fallbacks are counted in the summary but excluded from UI issue totals.
GLV4-366,medium,confirmed,import graph routes,all,various,static_fallback,HotelSearchBar.tsx,src/components/search/HotelSearchBar.tsx,1865,,Separate rooms,es-es;fr;de-de;it-it;pt-br;nl;ar;zh-cn;ja;ko;hi;tr;pl;sv;id;th;vi,confirmed_visible_fallback,nullish_or_boolean_fallback,visible,false,false,false,,,"classification=confirmed_visible_fallback; sink=jsx; context=roomDescription: t(""hotelGuests.roomDescription"") || ""Separate rooms""",fallback policy,Operational fallbacks are counted in the summary but excluded from UI issue totals.
GLV4-367,medium,manual_review,import graph routes,all,various,static_fallback,SearchTabs.tsx,src/components/search/SearchTabs.tsx,553,,Select dates,es-es;fr;de-de;it-it;pt-br;nl;ar;zh-cn;ja;ko;hi;tr;pl;sv;id;th;vi,manual_review,nullish_or_boolean_fallback,unknown,false,false,false,,,"classification=manual_review; sink=none; context=selectDates: translate(""carsResults.selectDates"") || ""Select dates""",fallback policy,Operational fallbacks are counted in the summary but excluded from UI issue totals.
GLV4-368,medium,manual_review,import graph routes,all,various,static_fallback,SearchTabs.tsx,src/components/search/SearchTabs.tsx,554,,Start,es-es;fr;de-de;it-it;pt-br;nl;ar;zh-cn;ja;ko;hi;tr;pl;sv;id;th;vi,manual_review,nullish_or_boolean_fallback,unknown,false,false,false,,,"classification=manual_review; sink=none; context=start: translate(""mobileDatePicker.start"") || ""Start""",fallback policy,Operational fallbacks are counted in the summary but excluded from UI issue totals.
GLV4-369,medium,manual_review,import graph routes,all,various,static_fallback,SearchTabs.tsx,src/components/search/SearchTabs.tsx,555,,End,es-es;fr;de-de;it-it;pt-br;nl;ar;zh-cn;ja;ko;hi;tr;pl;sv;id;th;vi,manual_review,nullish_or_boolean_fallback,unknown,false,false,false,,,"classification=manual_review; sink=none; context=end: translate(""mobileDatePicker.end"") || ""End""",fallback policy,Operational fallbacks are counted in the summary but excluded from UI issue totals.
GLV4-370,medium,manual_review,import graph routes,all,various,static_fallback,SearchTabs.tsx,src/components/search/SearchTabs.tsx,556,,Done,es-es;fr;de-de;it-it;pt-br;nl;ar;zh-cn;ja;ko;hi;tr;pl;sv;id;th;vi,manual_review,nullish_or_boolean_fallback,unknown,false,false,false,,,"classification=manual_review; sink=none; context=done: translate(""done"") || ""Done""",fallback policy,Operational fallbacks are counted in the summary but excluded from UI issue totals.
GLV4-371,medium,manual_review,import graph routes,all,various,static_fallback,SearchTabs.tsx,src/components/search/SearchTabs.tsx,557,,Select,es-es;fr;de-de;it-it;pt-br;nl;ar;zh-cn;ja;ko;hi;tr;pl;sv;id;th;vi,manual_review,nullish_or_boolean_fallback,unknown,false,false,false,,,"classification=manual_review; sink=none; context=selectDatePrefix: translate(""selectDateAriaPrefix"") || ""Select""",fallback policy,Operational fallbacks are counted in the summary but excluded from UI issue totals.
GLV4-372,medium,manual_review,import graph routes,all,various,static_fallback,SearchTabs.tsx,src/components/search/SearchTabs.tsx,1356,,guest,es-es;fr;de-de;it-it;pt-br;nl;ar;zh-cn;ja;ko;hi;tr;pl;sv;id;th;vi,manual_review,nullish_or_boolean_fallback,unknown,false,false,false,,,"classification=manual_review; sink=none; context=Number(guests) === 1
          ? translate(""guestSingular"") || ""guest""
          : translate(""guestPlural"") || ""guests""",fallback policy,Operational fallbacks are counted in the summary but excluded from UI issue totals.
GLV4-373,medium,manual_review,import graph routes,all,various,static_fallback,SearchTabs.tsx,src/components/search/SearchTabs.tsx,1357,,guests,es-es;fr;de-de;it-it;pt-br;nl;ar;zh-cn;ja;ko;hi;tr;pl;sv;id;th;vi,manual_review,nullish_or_boolean_fallback,unknown,false,false,false,,,"classification=manual_review; sink=none; context=Number(guests) === 1
          ? translate(""guestSingular"") || ""guest""
          : translate(""guestPlural"") || ""guests""",fallback policy,Operational fallbacks are counted in the summary but excluded from UI issue totals.
GLV4-374,medium,manual_review,import graph routes,all,various,static_fallback,SearchTabs.tsx,src/components/search/SearchTabs.tsx,1360,,room,es-es;fr;de-de;it-it;pt-br;nl;ar;zh-cn;ja;ko;hi;tr;pl;sv;id;th;vi,manual_review,nullish_or_boolean_fallback,unknown,false,false,false,,,"classification=manual_review; sink=none; context=Number(rooms) === 1
          ? translate(""roomSingular"") || ""room""
          : translate(""roomPlural"") || ""rooms""",fallback policy,Operational fallbacks are counted in the summary but excluded from UI issue totals.
GLV4-375,medium,manual_review,import graph routes,all,various,static_fallback,SearchTabs.tsx,src/components/search/SearchTabs.tsx,1361,,rooms,es-es;fr;de-de;it-it;pt-br;nl;ar;zh-cn;ja;ko;hi;tr;pl;sv;id;th;vi,manual_review,nullish_or_boolean_fallback,unknown,false,false,false,,,"classification=manual_review; sink=none; context=Number(rooms) === 1
          ? translate(""roomSingular"") || ""room""
          : translate(""roomPlural"") || ""rooms""",fallback policy,Operational fallbacks are counted in the summary but excluded from UI issue totals.
GLV4-376,medium,manual_review,import graph routes,all,various,static_fallback,SearchTabs.tsx,src/components/search/SearchTabs.tsx,1409,,Travel dates,es-es;fr;de-de;it-it;pt-br;nl;ar;zh-cn;ja;ko;hi;tr;pl;sv;id;th;vi,manual_review,nullish_or_boolean_fallback,unknown,false,false,false,,,"classification=manual_review; sink=none; context=return t.travelDates || ""Travel dates"";",fallback policy,Operational fallbacks are counted in the summary but excluded from UI issue totals.
GLV4-377,medium,manual_review,import graph routes,all,various,static_fallback,SearchTabs.tsx,src/components/search/SearchTabs.tsx,1618,,Round trip,es-es;fr;de-de;it-it;pt-br;nl;ar;zh-cn;ja;ko;hi;tr;pl;sv;id;th;vi,manual_review,nullish_or_boolean_fallback,unknown,false,false,false,,,"classification=manual_review; sink=none; context=(
        t.roundTrip ||
        t.tripRound ||
        ""Round trip""
      )",fallback policy,Operational fallbacks are counted in the summary but excluded from UI issue totals.
GLV4-378,medium,manual_review,import graph routes,all,various,static_fallback,SearchTabs.tsx,src/components/search/SearchTabs.tsx,1626,,One way,es-es;fr;de-de;it-it;pt-br;nl;ar;zh-cn;ja;ko;hi;tr;pl;sv;id;th;vi,manual_review,nullish_or_boolean_fallback,unknown,false,false,false,,,"classification=manual_review; sink=none; context=(
        t.oneWay ||
        t.tripOneWay ||
        ""One way""
      )",fallback policy,Operational fallbacks are counted in the summary but excluded from UI issue totals.
GLV4-379,medium,manual_review,import graph routes,all,various,static_fallback,SearchTabs.tsx,src/components/search/SearchTabs.tsx,1633,,Multi-city,es-es;fr;de-de;it-it;pt-br;nl;ar;zh-cn;ja;ko;hi;tr;pl;sv;id;th;vi,manual_review,nullish_or_boolean_fallback,unknown,false,false,false,,,"classification=manual_review; sink=none; context=(
      t.multiCity ||
      t.tripMulti ||
      ""Multi-city""
    )",fallback policy,Operational fallbacks are counted in the summary but excluded from UI issue totals.
GLV4-380,medium,manual_review,import graph routes,all,various,static_fallback,SearchTabs.tsx,src/components/search/SearchTabs.tsx,1687,,Business,es-es;fr;de-de;it-it;pt-br;nl;ar;zh-cn;ja;ko;hi;tr;pl;sv;id;th;vi,manual_review,nullish_or_boolean_fallback,unknown,false,false,false,,,"classification=manual_review; sink=none; context=normalizedCabinClass === ""business""
      ? t.business || ""Business""
      : normalizedCabinClass === ""first""
        ? t.first || ""First""
        : t.economy || ""Economy""",fallback policy,Operational fallbacks are counted in the summary but excluded from UI issue totals.
GLV4-381,medium,manual_review,import graph routes,all,various,static_fallback,SearchTabs.tsx,src/components/search/SearchTabs.tsx,1689,,First,es-es;fr;de-de;it-it;pt-br;nl;ar;zh-cn;ja;ko;hi;tr;pl;sv;id;th;vi,manual_review,nullish_or_boolean_fallback,unknown,false,false,false,,,"classification=manual_review; sink=none; context=normalizedCabinClass === ""first""
        ? t.first || ""First""
        : t.economy || ""Economy""",fallback policy,Operational fallbacks are counted in the summary but excluded from UI issue totals.
GLV4-382,medium,manual_review,import graph routes,all,various,static_fallback,SearchTabs.tsx,src/components/search/SearchTabs.tsx,1690,,Economy,es-es;fr;de-de;it-it;pt-br;nl;ar;zh-cn;ja;ko;hi;tr;pl;sv;id;th;vi,manual_review,nullish_or_boolean_fallback,unknown,false,false,false,,,"classification=manual_review; sink=none; context=normalizedCabinClass === ""first""
        ? t.first || ""First""
        : t.economy || ""Economy""",fallback policy,Operational fallbacks are counted in the summary but excluded from UI issue totals.
GLV4-383,medium,manual_review,import graph routes,all,various,static_fallback,SearchTabs.tsx,src/components/search/SearchTabs.tsx,1709,,adult,es-es;fr;de-de;it-it;pt-br;nl;ar;zh-cn;ja;ko;hi;tr;pl;sv;id;th;vi,manual_review,nullish_or_boolean_fallback,unknown,false,false,false,,,"classification=manual_review; sink=none; context=formatTravelerPart(adultCount, t.adultSingular || ""adult"", t.adultPlural || ""adults"")",fallback policy,Operational fallbacks are counted in the summary but excluded from UI issue totals.
GLV4-384,medium,manual_review,import graph routes,all,various,static_fallback,SearchTabs.tsx,src/components/search/SearchTabs.tsx,1709,,adults,es-es;fr;de-de;it-it;pt-br;nl;ar;zh-cn;ja;ko;hi;tr;pl;sv;id;th;vi,manual_review,nullish_or_boolean_fallback,unknown,false,false,false,,,"classification=manual_review; sink=none; context=formatTravelerPart(adultCount, t.adultSingular || ""adult"", t.adultPlural || ""adults"")",fallback policy,Operational fallbacks are counted in the summary but excluded from UI issue totals.
GLV4-385,medium,manual_review,import graph routes,all,various,static_fallback,SearchTabs.tsx,src/components/search/SearchTabs.tsx,1712,,child,es-es;fr;de-de;it-it;pt-br;nl;ar;zh-cn;ja;ko;hi;tr;pl;sv;id;th;vi,manual_review,nullish_or_boolean_fallback,unknown,false,false,false,,,"classification=manual_review; sink=none; context=formatTravelerPart(childCount, t.childSingular || ""child"", t.childPlural || ""children"")",fallback policy,Operational fallbacks are counted in the summary but excluded from UI issue totals.
GLV4-386,medium,manual_review,import graph routes,all,various,static_fallback,SearchTabs.tsx,src/components/search/SearchTabs.tsx,1712,,children,es-es;fr;de-de;it-it;pt-br;nl;ar;zh-cn;ja;ko;hi;tr;pl;sv;id;th;vi,manual_review,nullish_or_boolean_fallback,unknown,false,false,false,,,"classification=manual_review; sink=none; context=formatTravelerPart(childCount, t.childSingular || ""child"", t.childPlural || ""children"")",fallback policy,Operational fallbacks are counted in the summary but excluded from UI issue totals.
GLV4-387,medium,manual_review,import graph routes,all,various,static_fallback,SearchTabs.tsx,src/components/search/SearchTabs.tsx,1715,,infant,es-es;fr;de-de;it-it;pt-br;nl;ar;zh-cn;ja;ko;hi;tr;pl;sv;id;th;vi,manual_review,nullish_or_boolean_fallback,unknown,false,false,false,,,"classification=manual_review; sink=none; context=formatTravelerPart(infantCount, t.infantSingular || ""infant"", t.infantPlural || ""infants"")",fallback policy,Operational fallbacks are counted in the summary but excluded from UI issue totals.
GLV4-388,medium,manual_review,import graph routes,all,various,static_fallback,SearchTabs.tsx,src/components/search/SearchTabs.tsx,1715,,infants,es-es;fr;de-de;it-it;pt-br;nl;ar;zh-cn;ja;ko;hi;tr;pl;sv;id;th;vi,manual_review,nullish_or_boolean_fallback,unknown,false,false,false,,,"classification=manual_review; sink=none; context=formatTravelerPart(infantCount, t.infantSingular || ""infant"", t.infantPlural || ""infants"")",fallback policy,Operational fallbacks are counted in the summary but excluded from UI issue totals.
GLV4-389,medium,manual_review,import graph routes,all,various,static_fallback,SearchTabs.tsx,src/components/search/SearchTabs.tsx,1723,,traveler,es-es;fr;de-de;it-it;pt-br;nl;ar;zh-cn;ja;ko;hi;tr;pl;sv;id;th;vi,manual_review,nullish_or_boolean_fallback,unknown,false,false,false,,,"classification=manual_review; sink=none; context=formatTravelerPart(
            travelerCount,
            t.travelerSingular || ""traveler"",
            t.travelerPlural || t.travelers || ""travelers"",
          )",fallback policy,Operational fallbacks are counted in the summary but excluded from UI issue totals.
GLV4-390,medium,manual_review,import graph routes,all,various,static_fallback,SearchTabs.tsx,src/components/search/SearchTabs.tsx,1724,,travelers,es-es;fr;de-de;it-it;pt-br;nl;ar;zh-cn;ja;ko;hi;tr;pl;sv;id;th;vi,manual_review,nullish_or_boolean_fallback,unknown,false,false,false,,,"classification=manual_review; sink=none; context=formatTravelerPart(
            travelerCount,
            t.travelerSingular || ""traveler"",
            t.travelerPlural || t.travelers || ""travelers"",
          )",fallback policy,Operational fallbacks are counted in the summary but excluded from UI issue totals.
GLV4-391,medium,manual_review,import graph routes,all,various,static_fallback,SearchTabs.tsx,src/components/search/SearchTabs.tsx,1942,,round-trip,es-es;fr;de-de;it-it;pt-br;nl;ar;zh-cn;ja;ko;hi;tr;pl;sv;id;th;vi,manual_review,nullish_or_boolean_fallback,unknown,false,false,false,,,"classification=manual_review; sink=none; context=tripType: (params.get(""tripType"") as ""round-trip"" | ""one-way"") ?? ""round-trip""",fallback policy,Operational fallbacks are counted in the summary but excluded from UI issue totals.
GLV4-392,medium,manual_review,import graph routes,all,various,static_fallback,SearchTabs.tsx,src/components/search/SearchTabs.tsx,1951,,economy,es-es;fr;de-de;it-it;pt-br;nl;ar;zh-cn;ja;ko;hi;tr;pl;sv;id;th;vi,manual_review,nullish_or_boolean_fallback,unknown,false,false,false,,,"classification=manual_review; sink=none; context=cabinClass: params.get(""cabinClass"") ?? ""economy""",fallback policy,Operational fallbacks are counted in the summary but excluded from UI issue totals.
GLV4-393,medium,manual_review,import graph routes,all,various,static_fallback,SearchTabs.tsx,src/components/search/SearchTabs.tsx,2134,,Location suggestions,es-es;fr;de-de;it-it;pt-br;nl;ar;zh-cn;ja;ko;hi;tr;pl;sv;id;th;vi,manual_review,nullish_or_boolean_fallback,unknown,false,false,false,,,"classification=manual_review; sink=none; context=locationSuggestions: translate(""carsSearch.locationSuggestions"") || ""Location suggestions""",fallback policy,Operational fallbacks are counted in the summary but excluded from UI issue totals.
GLV4-394,medium,manual_review,import graph routes,all,various,static_fallback,SearchTabs.tsx,src/components/search/SearchTabs.tsx,2135,,Popular locations,es-es;fr;de-de;it-it;pt-br;nl;ar;zh-cn;ja;ko;hi;tr;pl;sv;id;th;vi,manual_review,nullish_or_boolean_fallback,unknown,false,false,false,,,"classification=manual_review; sink=none; context=popularLocations: translate(""carsSearch.popularLocations"") || ""Popular locations""",fallback policy,Operational fallbacks are counted in the summary but excluded from UI issue totals.
GLV4-395,medium,manual_review,import graph routes,all,various,static_fallback,SearchTabs.tsx,src/components/search/SearchTabs.tsx,2136,,Loading suggestions,es-es;fr;de-de;it-it;pt-br;nl;ar;zh-cn;ja;ko;hi;tr;pl;sv;id;th;vi,manual_review,nullish_or_boolean_fallback,unknown,false,false,false,,,"classification=manual_review; sink=none; context=loadingSuggestions: translate(""carsSearch.loadingSuggestions"") || ""Loading suggestions""",fallback policy,Operational fallbacks are counted in the summary but excluded from UI issue totals.
GLV4-396,medium,manual_review,import graph routes,all,various,static_fallback,SearchTabs.tsx,src/components/search/SearchTabs.tsx,2137,,No matching locations,es-es;fr;de-de;it-it;pt-br;nl;ar;zh-cn;ja;ko;hi;tr;pl;sv;id;th;vi,manual_review,nullish_or_boolean_fallback,unknown,false,false,false,,,"classification=manual_review; sink=none; context=noMatchingLocations: translate(""carsSearch.noMatchingLocations"") || ""No matching locations""",fallback policy,Operational fallbacks are counted in the summary but excluded from UI issue totals.
GLV4-397,medium,manual_review,import graph routes,all,various,static_fallback,SearchTabs.tsx,src/components/search/SearchTabs.tsx,2138,,Suggestions unavailable.,es-es;fr;de-de;it-it;pt-br;nl;ar;zh-cn;ja;ko;hi;tr;pl;sv;id;th;vi,manual_review,nullish_or_boolean_fallback,unknown,false,false,false,,,"classification=manual_review; sink=none; context=suggestionsUnavailable: translate(""carsSearch.suggestionsUnavailable"") || ""Suggestions unavailable.""",fallback policy,Operational fallbacks are counted in the summary but excluded from UI issue totals.
GLV4-398,medium,manual_review,import graph routes,all,various,static_fallback,SearchTabs.tsx,src/components/search/SearchTabs.tsx,2139,,You can continue typing.,es-es;fr;de-de;it-it;pt-br;nl;ar;zh-cn;ja;ko;hi;tr;pl;sv;id;th;vi,manual_review,nullish_or_boolean_fallback,unknown,false,false,false,,,"classification=manual_review; sink=none; context=continueTypingManually: translate(""carsSearch.continueTypingManually"") || ""You can continue typing.""",fallback policy,Operational fallbacks are counted in the summary but excluded from UI issue totals.
GLV4-399,medium,manual_review,import graph routes,all,various,static_fallback,SearchTabs.tsx,src/components/search/SearchTabs.tsx,2140,,Use this location,es-es;fr;de-de;it-it;pt-br;nl;ar;zh-cn;ja;ko;hi;tr;pl;sv;id;th;vi,manual_review,nullish_or_boolean_fallback,unknown,false,false,false,,,"classification=manual_review; sink=none; context=useTypedLocation: translate(""carsSearch.useTypedLocation"") || ""Use this location""",fallback policy,Operational fallbacks are counted in the summary but excluded from UI issue totals.
GLV4-400,medium,manual_review,import graph routes,all,various,static_fallback,SearchTabs.tsx,src/components/search/SearchTabs.tsx,2141,,Custom location,es-es;fr;de-de;it-it;pt-br;nl;ar;zh-cn;ja;ko;hi;tr;pl;sv;id;th;vi,manual_review,nullish_or_boolean_fallback,unknown,false,false,false,,,"classification=manual_review; sink=none; context=unverifiedTypedLocation: translate(""carsSearch.unverifiedTypedLocation"") || ""Custom location""",fallback policy,Operational fallbacks are counted in the summary but excluded from UI issue totals.
GLV4-401,medium,manual_review,import graph routes,all,various,static_fallback,SearchTabs.tsx,src/components/search/SearchTabs.tsx,2143,,City,es-es;fr;de-de;it-it;pt-br;nl;ar;zh-cn;ja;ko;hi;tr;pl;sv;id;th;vi,manual_review,nullish_or_boolean_fallback,unknown,false,false,false,,,"classification=manual_review; sink=none; context=city: translate(""carsSearch.type.city"") || ""City""",fallback policy,Operational fallbacks are counted in the summary but excluded from UI issue totals.
GLV4-402,medium,manual_review,import graph routes,all,various,static_fallback,SearchTabs.tsx,src/components/search/SearchTabs.tsx,2144,,Area,es-es;fr;de-de;it-it;pt-br;nl;ar;zh-cn;ja;ko;hi;tr;pl;sv;id;th;vi,manual_review,nullish_or_boolean_fallback,unknown,false,false,false,,,"classification=manual_review; sink=none; context=area: translate(""carsSearch.type.area"") || ""Area""",fallback policy,Operational fallbacks are counted in the summary but excluded from UI issue totals.
GLV4-403,medium,manual_review,import graph routes,all,various,static_fallback,SearchTabs.tsx,src/components/search/SearchTabs.tsx,2145,,Custom location,es-es;fr;de-de;it-it;pt-br;nl;ar;zh-cn;ja;ko;hi;tr;pl;sv;id;th;vi,manual_review,nullish_or_boolean_fallback,unknown,false,false,false,,,"classification=manual_review; sink=none; context=customLocation: translate(""carsSearch.type.customLocation"") || ""Custom location""",fallback policy,Operational fallbacks are counted in the summary but excluded from UI issue totals.
GLV4-404,medium,manual_review,import graph routes,all,various,static_fallback,SearchTabs.tsx,src/components/search/SearchTabs.tsx,2159,,Pickup date,es-es;fr;de-de;it-it;pt-br;nl;ar;zh-cn;ja;ko;hi;tr;pl;sv;id;th;vi,manual_review,nullish_or_boolean_fallback,unknown,false,false,false,,,"classification=manual_review; sink=none; context=carsPickupDateDisplay =
    formatCarsDate(carsValues.pickupDate) ||
    translate(""carsSearch.pickupDateLabel"") ||
    ""Pickup date""",fallback policy,Operational fallbacks are counted in the summary but excluded from UI issue totals.
GLV4-405,medium,manual_review,import graph routes,all,various,static_fallback,SearchTabs.tsx,src/components/search/SearchTabs.tsx,2163,,Return date,es-es;fr;de-de;it-it;pt-br;nl;ar;zh-cn;ja;ko;hi;tr;pl;sv;id;th;vi,manual_review,nullish_or_boolean_fallback,unknown,false,false,false,,,"classification=manual_review; sink=none; context=carsReturnDateDisplay =
    formatCarsDate(carsValues.dropoffDate) ||
    translate(""carsSearch.returnDateLabel"") ||
    ""Return date""",fallback policy,Operational fallbacks are counted in the summary but excluded from UI issue totals.
GLV4-406,medium,manual_review,import graph routes,all,various,static_fallback,SearchTabs.tsx,src/components/search/SearchTabs.tsx,2192,,Check-in — Check-out,es-es;fr;de-de;it-it;pt-br;nl;ar;zh-cn;ja;ko;hi;tr;pl;sv;id;th;vi,manual_review,nullish_or_boolean_fallback,unknown,false,false,false,,,"classification=manual_review; sink=none; context=(
          translateHotelTravelDateText(""hotelSearchDatePlaceholder"") ||
          ""Check-in — Check-out""
        )",fallback policy,Operational fallbacks are counted in the summary but excluded from UI issue totals.
GLV4-407,medium,confirmed,import graph routes,all,various,static_fallback,SearchTabs.tsx,src/components/search/SearchTabs.tsx,2459,,Choose travel dates,es-es;fr;de-de;it-it;pt-br;nl;ar;zh-cn;ja;ko;hi;tr;pl;sv;id;th;vi,confirmed_visible_fallback,nullish_or_boolean_fallback,visible,false,false,false,,,"classification=confirmed_visible_fallback; sink=jsx; context=(translateHotelTravelDateText(""chooseTravelDates"") || ""Choose travel dates"")",fallback policy,Operational fallbacks are counted in the summary but excluded from UI issue totals.
GLV4-408,medium,confirmed,import graph routes,all,various,static_fallback,SearchTabs.tsx,src/components/search/SearchTabs.tsx,2460,,Choose travel dates,es-es;fr;de-de;it-it;pt-br;nl;ar;zh-cn;ja;ko;hi;tr;pl;sv;id;th;vi,confirmed_visible_fallback,nullish_or_boolean_fallback,visible,false,false,false,,,"classification=confirmed_visible_fallback; sink=jsx; context=(translate(""chooseTravelDates"") || ""Choose travel dates"")",fallback policy,Operational fallbacks are counted in the summary but excluded from UI issue totals.
GLV4-409,medium,confirmed,import graph routes,all,various,static_fallback,SearchTabs.tsx,src/components/search/SearchTabs.tsx,2467,,Travel dates,es-es;fr;de-de;it-it;pt-br;nl;ar;zh-cn;ja;ko;hi;tr;pl;sv;id;th;vi,confirmed_visible_fallback,nullish_or_boolean_fallback,visible,false,false,false,,,"classification=confirmed_visible_fallback; sink=jsx; context=(translate(""travelDates"") || ""Travel dates"")",fallback policy,Operational fallbacks are counted in the summary but excluded from UI issue totals.
GLV4-410,medium,confirmed,import graph routes,all,various,static_fallback,SearchTabs.tsx,src/components/search/SearchTabs.tsx,2468,,Travel dates,es-es;fr;de-de;it-it;pt-br;nl;ar;zh-cn;ja;ko;hi;tr;pl;sv;id;th;vi,confirmed_visible_fallback,nullish_or_boolean_fallback,visible,false,false,false,,,"classification=confirmed_visible_fallback; sink=jsx; context=(translateHotelTravelDateText(""hotelSearchTravelDatesLabel"") || ""Travel dates"")",fallback policy,Operational fallbacks are counted in the summary but excluded from UI issue totals.
GLV4-411,medium,confirmed,import graph routes,all,various,static_fallback,SearchTabs.tsx,src/components/search/SearchTabs.tsx,2472,,Choose travel dates,es-es;fr;de-de;it-it;pt-br;nl;ar;zh-cn;ja;ko;hi;tr;pl;sv;id;th;vi,confirmed_visible_fallback,nullish_or_boolean_fallback,visible,false,false,false,,,"classification=confirmed_visible_fallback; sink=jsx; context=(translateHotelTravelDateText(""chooseTravelDates"") || ""Choose travel dates"")",fallback policy,Operational fallbacks are counted in the summary but excluded from UI issue totals.
GLV4-412,medium,confirmed,import graph routes,all,various,static_fallback,SearchTabs.tsx,src/components/search/SearchTabs.tsx,2473,,Choose travel dates,es-es;fr;de-de;it-it;pt-br;nl;ar;zh-cn;ja;ko;hi;tr;pl;sv;id;th;vi,confirmed_visible_fallback,nullish_or_boolean_fallback,visible,false,false,false,,,"classification=confirmed_visible_fallback; sink=jsx; context=(translate(""chooseTravelDates"") || ""Choose travel dates"")",fallback policy,Operational fallbacks are counted in the summary but excluded from UI issue totals.
GLV4-413,medium,confirmed,import graph routes,all,various,static_fallback,SearchTabs.tsx,src/components/search/SearchTabs.tsx,2480,,Previous month,es-es;fr;de-de;it-it;pt-br;nl;ar;zh-cn;ja;ko;hi;tr;pl;sv;id;th;vi,confirmed_visible_fallback,nullish_or_boolean_fallback,visible,false,false,false,,,"classification=confirmed_visible_fallback; sink=jsx; context=(translateHotelTravelDateText(""previousMonth"") || ""Previous month"")",fallback policy,Operational fallbacks are counted in the summary but excluded from UI issue totals.
GLV4-414,medium,confirmed,import graph routes,all,various,static_fallback,SearchTabs.tsx,src/components/search/SearchTabs.tsx,2481,,Previous month,es-es;fr;de-de;it-it;pt-br;nl;ar;zh-cn;ja;ko;hi;tr;pl;sv;id;th;vi,confirmed_visible_fallback,nullish_or_boolean_fallback,visible,false,false,false,,,"classification=confirmed_visible_fallback; sink=jsx; context=(translateFlightCalendarNavText(""previousMonth"") || ""Previous month"")",fallback policy,Operational fallbacks are counted in the summary but excluded from UI issue totals.
GLV4-415,medium,confirmed,import graph routes,all,various,static_fallback,SearchTabs.tsx,src/components/search/SearchTabs.tsx,2486,,Prev,es-es;fr;de-de;it-it;pt-br;nl;ar;zh-cn;ja;ko;hi;tr;pl;sv;id;th;vi,confirmed_visible_fallback,nullish_or_boolean_fallback,visible,false,false,false,,,"classification=confirmed_visible_fallback; sink=jsx; context=(translateHotelTravelDateText(""previousMonthShort"") || ""Prev"")",fallback policy,Operational fallbacks are counted in the summary but excluded from UI issue totals.
GLV4-416,medium,confirmed,import graph routes,all,various,static_fallback,SearchTabs.tsx,src/components/search/SearchTabs.tsx,2487,,Prev,es-es;fr;de-de;it-it;pt-br;nl;ar;zh-cn;ja;ko;hi;tr;pl;sv;id;th;vi,confirmed_visible_fallback,nullish_or_boolean_fallback,visible,false,false,false,,,"classification=confirmed_visible_fallback; sink=jsx; context=(translateFlightCalendarNavText(""previousMonthShort"") || ""Prev"")",fallback policy,Operational fallbacks are counted in the summary but excluded from UI issue totals.
GLV4-417,medium,confirmed,import graph routes,all,various,static_fallback,SearchTabs.tsx,src/components/search/SearchTabs.tsx,2492,,Next month,es-es;fr;de-de;it-it;pt-br;nl;ar;zh-cn;ja;ko;hi;tr;pl;sv;id;th;vi,confirmed_visible_fallback,nullish_or_boolean_fallback,visible,false,false,false,,,"classification=confirmed_visible_fallback; sink=jsx; context=(translateHotelTravelDateText(""nextMonth"") || ""Next month"")",fallback policy,Operational fallbacks are counted in the summary but excluded from UI issue totals.
GLV4-418,medium,confirmed,import graph routes,all,various,static_fallback,SearchTabs.tsx,src/components/search/SearchTabs.tsx,2493,,Next month,es-es;fr;de-de;it-it;pt-br;nl;ar;zh-cn;ja;ko;hi;tr;pl;sv;id;th;vi,confirmed_visible_fallback,nullish_or_boolean_fallback,visible,false,false,false,,,"classification=confirmed_visible_fallback; sink=jsx; context=(translateFlightCalendarNavText(""nextMonth"") || ""Next month"")",fallback policy,Operational fallbacks are counted in the summary but excluded from UI issue totals.
GLV4-419,medium,confirmed,import graph routes,all,various,static_fallback,SearchTabs.tsx,src/components/search/SearchTabs.tsx,2498,,Next,es-es;fr;de-de;it-it;pt-br;nl;ar;zh-cn;ja;ko;hi;tr;pl;sv;id;th;vi,confirmed_visible_fallback,nullish_or_boolean_fallback,visible,false,false,false,,,"classification=confirmed_visible_fallback; sink=jsx; context=(translateHotelTravelDateText(""nextMonthShort"") || ""Next"")",fallback policy,Operational fallbacks are counted in the summary but excluded from UI issue totals.
GLV4-420,medium,confirmed,import graph routes,all,various,static_fallback,SearchTabs.tsx,src/components/search/SearchTabs.tsx,2499,,Next,es-es;fr;de-de;it-it;pt-br;nl;ar;zh-cn;ja;ko;hi;tr;pl;sv;id;th;vi,confirmed_visible_fallback,nullish_or_boolean_fallback,visible,false,false,false,,,"classification=confirmed_visible_fallback; sink=jsx; context=(translateFlightCalendarNavText(""nextMonthShort"") || ""Next"")",fallback policy,Operational fallbacks are counted in the summary but excluded from UI issue totals.
GLV4-421,medium,confirmed,import graph routes,all,various,static_fallback,SearchTabs.tsx,src/components/search/SearchTabs.tsx,2516,,Clear,es-es;fr;de-de;it-it;pt-br;nl;ar;zh-cn;ja;ko;hi;tr;pl;sv;id;th;vi,confirmed_visible_fallback,nullish_or_boolean_fallback,visible,false,false,false,,,"classification=confirmed_visible_fallback; sink=jsx; context=(translateHotelTravelDateText(""clear"") || ""Clear"")",fallback policy,Operational fallbacks are counted in the summary but excluded from UI issue totals.
GLV4-422,medium,confirmed,import graph routes,all,various,static_fallback,SearchTabs.tsx,src/components/search/SearchTabs.tsx,2517,,Clear,es-es;fr;de-de;it-it;pt-br;nl;ar;zh-cn;ja;ko;hi;tr;pl;sv;id;th;vi,confirmed_visible_fallback,nullish_or_boolean_fallback,visible,false,false,false,,,"classification=confirmed_visible_fallback; sink=jsx; context=(translate(""clear"") || ""Clear"")",fallback policy,Operational fallbacks are counted in the summary but excluded from UI issue totals.
GLV4-423,medium,confirmed,import graph routes,all,various,static_fallback,SearchTabs.tsx,src/components/search/SearchTabs.tsx,2524,,Done,es-es;fr;de-de;it-it;pt-br;nl;ar;zh-cn;ja;ko;hi;tr;pl;sv;id;th;vi,confirmed_visible_fallback,nullish_or_boolean_fallback,visible,false,false,false,,,"classification=confirmed_visible_fallback; sink=jsx; context={translate(""done"") || ""Done""}",fallback policy,Operational fallbacks are counted in the summary but excluded from UI issue totals.
GLV4-424,medium,manual_review,import graph routes,all,various,static_fallback,SearchTabs.tsx,src/components/search/SearchTabs.tsx,2532,,Adults,es-es;fr;de-de;it-it;pt-br;nl;ar;zh-cn;ja;ko;hi;tr;pl;sv;id;th;vi,manual_review,nullish_or_boolean_fallback,unknown,false,false,false,,,"classification=manual_review; sink=none; context=label: translate(""adults"") || ""Adults""",fallback policy,Operational fallbacks are counted in the summary but excluded from UI issue totals.
GLV4-425,medium,manual_review,import graph routes,all,various,static_fallback,SearchTabs.tsx,src/components/search/SearchTabs.tsx,2533,,Children,es-es;fr;de-de;it-it;pt-br;nl;ar;zh-cn;ja;ko;hi;tr;pl;sv;id;th;vi,manual_review,nullish_or_boolean_fallback,unknown,false,false,false,,,"classification=manual_review; sink=none; context=label: translate(""children"") || ""Children""",fallback policy,Operational fallbacks are counted in the summary but excluded from UI issue totals.
GLV4-426,medium,manual_review,import graph routes,all,various,static_fallback,SearchTabs.tsx,src/components/search/SearchTabs.tsx,2533,,Ages 2–17,es-es;fr;de-de;it-it;pt-br;nl;ar;zh-cn;ja;ko;hi;tr;pl;sv;id;th;vi,manual_review,nullish_or_boolean_fallback,unknown,false,false,false,,,"classification=manual_review; sink=none; context=subtitle: translate(""childAgeRange"") || ""Ages 2–17""",fallback policy,Operational fallbacks are counted in the summary but excluded from UI issue totals.
GLV4-427,medium,manual_review,import graph routes,all,various,static_fallback,SearchTabs.tsx,src/components/search/SearchTabs.tsx,2534,,Under 2,es-es;fr;de-de;it-it;pt-br;nl;ar;zh-cn;ja;ko;hi;tr;pl;sv;id;th;vi,manual_review,nullish_or_boolean_fallback,unknown,false,false,false,,,"classification=manual_review; sink=none; context=subtitle: translate(""under2"") || ""Under 2""",fallback policy,Operational fallbacks are counted in the summary but excluded from UI issue totals.
GLV4-428,medium,manual_review,import graph routes,all,various,static_fallback,SearchTabs.tsx,src/components/search/SearchTabs.tsx,2537,,Economy,es-es;fr;de-de;it-it;pt-br;nl;ar;zh-cn;ja;ko;hi;tr;pl;sv;id;th;vi,manual_review,nullish_or_boolean_fallback,unknown,false,false,false,,,"classification=manual_review; sink=none; context=[""economy"", translate(""economy"") || ""Economy""]",fallback policy,Operational fallbacks are counted in the summary but excluded from UI issue totals.
GLV4-429,medium,manual_review,import graph routes,all,various,static_fallback,SearchTabs.tsx,src/components/search/SearchTabs.tsx,2538,,Business,es-es;fr;de-de;it-it;pt-br;nl;ar;zh-cn;ja;ko;hi;tr;pl;sv;id;th;vi,manual_review,nullish_or_boolean_fallback,unknown,false,false,false,,,"classification=manual_review; sink=none; context=[""business"", translate(""business"") || ""Business""]",fallback policy,Operational fallbacks are counted in the summary but excluded from UI issue totals.
GLV4-430,medium,manual_review,import graph routes,all,various,static_fallback,SearchTabs.tsx,src/components/search/SearchTabs.tsx,2539,,First,es-es;fr;de-de;it-it;pt-br;nl;ar;zh-cn;ja;ko;hi;tr;pl;sv;id;th;vi,manual_review,nullish_or_boolean_fallback,unknown,false,false,false,,,"classification=manual_review; sink=none; context=[""first"", translate(""first"") || ""First""]",fallback policy,Operational fallbacks are counted in the summary but excluded from UI issue totals.
GLV4-431,medium,confirmed,import graph routes,all,various,static_fallback,SearchTabs.tsx,src/components/search/SearchTabs.tsx,2647,,Cabin class,es-es;fr;de-de;it-it;pt-br;nl;ar;zh-cn;ja;ko;hi;tr;pl;sv;id;th;vi,confirmed_visible_fallback,nullish_or_boolean_fallback,visible,false,false,false,,,"classification=confirmed_visible_fallback; sink=jsx; context={translate(""cabinClass"") || ""Cabin class""}",fallback policy,Operational fallbacks are counted in the summary but excluded from UI issue totals.
GLV4-432,medium,confirmed,import graph routes,all,various,static_fallback,SearchTabs.tsx,src/components/search/SearchTabs.tsx,2679,,Passengers,es-es;fr;de-de;it-it;pt-br;nl;ar;zh-cn;ja;ko;hi;tr;pl;sv;id;th;vi,confirmed_visible_fallback,nullish_or_boolean_fallback,visible,false,false,false,,,"classification=confirmed_visible_fallback; sink=jsx; context={translate(""passengers"") || ""Passengers""}",fallback policy,Operational fallbacks are counted in the summary but excluded from UI issue totals.
GLV4-433,medium,confirmed,import graph routes,all,various,static_fallback,SearchTabs.tsx,src/components/search/SearchTabs.tsx,2697,,Return location,es-es;fr;de-de;it-it;pt-br;nl;ar;zh-cn;ja;ko;hi;tr;pl;sv;id;th;vi,confirmed_visible_fallback,nullish_or_boolean_fallback,visible,false,false,false,,,"classification=confirmed_visible_fallback; sink=jsx; context={translate(""carsSearch.returnLocationLabel"") || ""Return location""}",fallback policy,Operational fallbacks are counted in the summary but excluded from UI issue totals.
GLV4-434,medium,confirmed,import graph routes,all,various,static_fallback,SearchTabs.tsx,src/components/search/SearchTabs.tsx,2699,,"Return city, airport or address",es-es;fr;de-de;it-it;pt-br;nl;ar;zh-cn;ja;ko;hi;tr;pl;sv;id;th;vi,confirmed_visible_fallback,nullish_or_boolean_fallback,visible,false,false,false,,,"classification=confirmed_visible_fallback; sink=jsx; context={carsValues.dropoffLocation || translate(""carsSearch.returnLocationPlaceholder"") || ""Return city, airport or address""}",fallback policy,Operational fallbacks are counted in the summary but excluded from UI issue totals.
GLV4-435,medium,confirmed,import graph routes,all,various,static_fallback,SearchTabs.tsx,src/components/search/SearchTabs.tsx,2705,,"Return city, airport or address",es-es;fr;de-de;it-it;pt-br;nl;ar;zh-cn;ja;ko;hi;tr;pl;sv;id;th;vi,confirmed_visible_fallback,nullish_or_boolean_fallback,visible,false,false,false,,,"classification=confirmed_visible_fallback; sink=jsx; context={translate(""carsSearch.returnLocationPlaceholder"") || ""Return city, airport or address""}",fallback policy,Operational fallbacks are counted in the summary but excluded from UI issue totals.
GLV4-436,medium,confirmed,import graph routes,all,various,static_fallback,SearchTabs.tsx,src/components/search/SearchTabs.tsx,2723,,Search type,es-es;fr;de-de;it-it;pt-br;nl;ar;zh-cn;ja;ko;hi;tr;pl;sv;id;th;vi,confirmed_visible_fallback,nullish_or_boolean_fallback,visible,false,false,false,,,"classification=confirmed_visible_fallback; sink=jsx; context={translate(""searchType"") || ""Search type""}",fallback policy,Operational fallbacks are counted in the summary but excluded from UI issue totals.
GLV4-437,medium,confirmed,import graph routes,all,various,static_fallback,SearchTabs.tsx,src/components/search/SearchTabs.tsx,2728,,Flights,es-es;fr;de-de;it-it;pt-br;nl;ar;zh-cn;ja;ko;hi;tr;pl;sv;id;th;vi,confirmed_visible_fallback,nullish_or_boolean_fallback,visible,false,false,false,,,"classification=confirmed_visible_fallback; sink=jsx; context=[""flights"", Plane, t.flights || ""Flights""]",fallback policy,Operational fallbacks are counted in the summary but excluded from UI issue totals.
GLV4-438,medium,confirmed,import graph routes,all,various,static_fallback,SearchTabs.tsx,src/components/search/SearchTabs.tsx,2729,,Hotels,es-es;fr;de-de;it-it;pt-br;nl;ar;zh-cn;ja;ko;hi;tr;pl;sv;id;th;vi,confirmed_visible_fallback,nullish_or_boolean_fallback,visible,false,false,false,,,"classification=confirmed_visible_fallback; sink=jsx; context=[""hotels"", Building2, t.hotels || ""Hotels""]",fallback policy,Operational fallbacks are counted in the summary but excluded from UI issue totals.
GLV4-439,medium,confirmed,import graph routes,all,various,static_fallback,SearchTabs.tsx,src/components/search/SearchTabs.tsx,2730,,Cars,es-es;fr;de-de;it-it;pt-br;nl;ar;zh-cn;ja;ko;hi;tr;pl;sv;id;th;vi,confirmed_visible_fallback,nullish_or_boolean_fallback,visible,false,false,false,,,"classification=confirmed_visible_fallback; sink=jsx; context=[""cars"", CarFront, t.cars || ""Cars""]",fallback policy,Operational fallbacks are counted in the summary but excluded from UI issue totals.
GLV4-440,medium,confirmed,import graph routes,all,various,static_fallback,SearchTabs.tsx,src/components/search/SearchTabs.tsx,2731,,Packages,es-es;fr;de-de;it-it;pt-br;nl;ar;zh-cn;ja;ko;hi;tr;pl;sv;id;th;vi,confirmed_visible_fallback,nullish_or_boolean_fallback,visible,false,false,false,,,"classification=confirmed_visible_fallback; sink=jsx; context=[""deals"", PackagesIcon, t.deals || ""Packages""]",fallback policy,Operational fallbacks are counted in the summary but excluded from UI issue totals.
GLV4-441,medium,manual_review,import graph routes,all,various,static_fallback,SearchTabs.tsx,src/components/search/SearchTabs.tsx,2766,,Origin,es-es;fr;de-de;it-it;pt-br;nl;ar;zh-cn;ja;ko;hi;tr;pl;sv;id;th;vi,manual_review,nullish_or_boolean_fallback,unknown,false,false,false,,,"classification=manual_review; sink=none; context=mobileOriginLabel = t.origin || t.from || ""Origin""",fallback policy,Operational fallbacks are counted in the summary but excluded from UI issue totals.
GLV4-442,medium,manual_review,import graph routes,all,various,static_fallback,SearchTabs.tsx,src/components/search/SearchTabs.tsx,2767,,Destination,es-es;fr;de-de;it-it;pt-br;nl;ar;zh-cn;ja;ko;hi;tr;pl;sv;id;th;vi,manual_review,nullish_or_boolean_fallback,unknown,false,false,false,,,"classification=manual_review; sink=none; context=mobileDestinationLabel = t.destination || t.to || ""Destination""",fallback policy,Operational fallbacks are counted in the summary but excluded from UI issue totals.
GLV4-443,medium,manual_review,import graph routes,all,various,static_fallback,SearchTabs.tsx,src/components/search/SearchTabs.tsx,2768,,To?,es-es;fr;de-de;it-it;pt-br;nl;ar;zh-cn;ja;ko;hi;tr;pl;sv;id;th;vi,manual_review,nullish_or_boolean_fallback,unknown,false,false,false,,,"classification=manual_review; sink=none; context=mobileDestinationPlaceholder = t.toPlaceholder || ""To?""",fallback policy,Operational fallbacks are counted in the summary but excluded from UI issue totals.
GLV4-444,medium,manual_review,import graph routes,all,various,static_fallback,SearchTabs.tsx,src/components/search/SearchTabs.tsx,2769,,Travel dates,es-es;fr;de-de;it-it;pt-br;nl;ar;zh-cn;ja;ko;hi;tr;pl;sv;id;th;vi,manual_review,nullish_or_boolean_fallback,unknown,false,false,false,,,"classification=manual_review; sink=none; context=mobileTravelDatesLabel = t.travelDates || ""Travel dates""",fallback policy,Operational fallbacks are counted in the summary but excluded from UI issue totals.
GLV4-445,medium,manual_review,import graph routes,all,various,static_fallback,SearchTabs.tsx,src/components/search/SearchTabs.tsx,2772,,Travelers & Cabin Class,es-es;fr;de-de;it-it;pt-br;nl;ar;zh-cn;ja;ko;hi;tr;pl;sv;id;th;vi,manual_review,nullish_or_boolean_fallback,unknown,false,false,false,,,"classification=manual_review; sink=none; context=isEnglishMobileHomepage
      ? ""Travelers & Cabin Class""
      : t.travelersAndCabinClass || t.travelersAndCabin || t.travelers || ""Travelers & Cabin Class""",fallback policy,Operational fallbacks are counted in the summary but excluded from UI issue totals.
GLV4-446,medium,confirmed,import graph routes,all,various,static_fallback,SearchTabs.tsx,src/components/search/SearchTabs.tsx,2783,,Trip type,es-es;fr;de-de;it-it;pt-br;nl;ar;zh-cn;ja;ko;hi;tr;pl;sv;id;th;vi,confirmed_visible_fallback,nullish_or_boolean_fallback,visible,false,false,false,,,"classification=confirmed_visible_fallback; sink=jsx; context={t.tripType || ""Trip type""}",fallback policy,Operational fallbacks are counted in the summary but excluded from UI issue totals.
GLV4-447,medium,confirmed,import graph routes,all,various,static_fallback,SearchTabs.tsx,src/components/search/SearchTabs.tsx,2798,,Multi-city search coming soon,es-es;fr;de-de;it-it;pt-br;nl;ar;zh-cn;ja;ko;hi;tr;pl;sv;id;th;vi,confirmed_visible_fallback,nullish_or_boolean_fallback,visible,false,false,false,,,"classification=confirmed_visible_fallback; sink=jsx; context=(t.multiCityComingSoon || ""Multi-city search coming soon"")",fallback policy,Operational fallbacks are counted in the summary but excluded from UI issue totals.
GLV4-448,medium,confirmed,import graph routes,all,various,static_fallback,SearchTabs.tsx,src/components/search/SearchTabs.tsx,2826,,From?,es-es;fr;de-de;it-it;pt-br;nl;ar;zh-cn;ja;ko;hi;tr;pl;sv;id;th;vi,confirmed_visible_fallback,nullish_or_boolean_fallback,visible,false,false,false,,,"classification=confirmed_visible_fallback; sink=jsx; context=[""origin"", mobileOriginLabel, from, t.fromPlaceholder || ""From?""]",fallback policy,Operational fallbacks are counted in the summary but excluded from UI issue totals.
GLV4-449,medium,confirmed,import graph routes,all,various,static_fallback,SearchTabs.tsx,src/components/search/SearchTabs.tsx,2856,,Swap origin and destination,es-es;fr;de-de;it-it;pt-br;nl;ar;zh-cn;ja;ko;hi;tr;pl;sv;id;th;vi,confirmed_visible_fallback,nullish_or_boolean_fallback,visible,false,false,false,,,"classification=confirmed_visible_fallback; sink=jsx; context={t.swapOriginDestination || ""Swap origin and destination""}",fallback policy,Operational fallbacks are counted in the summary but excluded from UI issue totals.
GLV4-450,medium,confirmed,import graph routes,all,various,static_fallback,SearchTabs.tsx,src/components/search/SearchTabs.tsx,2869,,Choose travel dates,es-es;fr;de-de;it-it;pt-br;nl;ar;zh-cn;ja;ko;hi;tr;pl;sv;id;th;vi,confirmed_visible_fallback,nullish_or_boolean_fallback,visible,false,false,false,,,"classification=confirmed_visible_fallback; sink=jsx; context={translate(""chooseTravelDates"") || ""Choose travel dates""}",fallback policy,Operational fallbacks are counted in the summary but excluded from UI issue totals.
GLV4-451,medium,confirmed,import graph routes,all,various,static_fallback,SearchTabs.tsx,src/components/search/SearchTabs.tsx,2907,,Search flights,es-es;fr;de-de;it-it;pt-br;nl;ar;zh-cn;ja;ko;hi;tr;pl;sv;id;th;vi,confirmed_visible_fallback,nullish_or_boolean_fallback,visible,false,false,false,,,"classification=confirmed_visible_fallback; sink=jsx; context={t.searchFlights || ""Search flights""}",fallback policy,Operational fallbacks are counted in the summary but excluded from UI issue totals.
GLV4-452,medium,confirmed,import graph routes,all,various,static_fallback,SearchTabs.tsx,src/components/search/SearchTabs.tsx,2911,,Searching flights...,es-es;fr;de-de;it-it;pt-br;nl;ar;zh-cn;ja;ko;hi;tr;pl;sv;id;th;vi,confirmed_visible_fallback,nullish_or_boolean_fallback,visible,false,false,false,,,"classification=confirmed_visible_fallback; sink=jsx; context=isFlightSubmitting ? t.searchingFlights || ""Searching flights..."" : t.search || ""Search""",fallback policy,Operational fallbacks are counted in the summary but excluded from UI issue totals.
GLV4-453,medium,confirmed,import graph routes,all,various,static_fallback,SearchTabs.tsx,src/components/search/SearchTabs.tsx,2911,,Search,es-es;fr;de-de;it-it;pt-br;nl;ar;zh-cn;ja;ko;hi;tr;pl;sv;id;th;vi,confirmed_visible_fallback,nullish_or_boolean_fallback,visible,false,false,false,,,"classification=confirmed_visible_fallback; sink=jsx; context=isFlightSubmitting ? t.searchingFlights || ""Searching flights..."" : t.search || ""Search""",fallback policy,Operational fallbacks are counted in the summary but excluded from UI issue totals.
GLV4-454,medium,confirmed,import graph routes,all,various,static_fallback,SearchTabs.tsx,src/components/search/SearchTabs.tsx,2918,,Choose origin,es-es;fr;de-de;it-it;pt-br;nl;ar;zh-cn;ja;ko;hi;tr;pl;sv;id;th;vi,confirmed_visible_fallback,nullish_or_boolean_fallback,visible,false,false,false,,,"classification=confirmed_visible_fallback; sink=jsx; context=title: t.chooseOrigin || ""Choose origin""",fallback policy,Operational fallbacks are counted in the summary but excluded from UI issue totals.
GLV4-455,medium,confirmed,import graph routes,all,various,static_fallback,SearchTabs.tsx,src/components/search/SearchTabs.tsx,2937,,Choose destination,es-es;fr;de-de;it-it;pt-br;nl;ar;zh-cn;ja;ko;hi;tr;pl;sv;id;th;vi,confirmed_visible_fallback,nullish_or_boolean_fallback,visible,false,false,false,,,"classification=confirmed_visible_fallback; sink=jsx; context=title: t.chooseDestination || ""Choose destination""",fallback policy,Operational fallbacks are counted in the summary but excluded from UI issue totals.
GLV4-456,medium,confirmed,import graph routes,all,various,static_fallback,SearchTabs.tsx,src/components/search/SearchTabs.tsx,2950,,Choose travel dates,es-es;fr;de-de;it-it;pt-br;nl;ar;zh-cn;ja;ko;hi;tr;pl;sv;id;th;vi,confirmed_visible_fallback,nullish_or_boolean_fallback,visible,false,false,false,,,"classification=confirmed_visible_fallback; sink=jsx; context={translate(""chooseTravelDates"") || ""Choose travel dates""}",fallback policy,Operational fallbacks are counted in the summary but excluded from UI issue totals.
GLV4-457,medium,confirmed,import graph routes,all,various,static_fallback,SearchTabs.tsx,src/components/search/SearchTabs.tsx,2968,,Travelers & Cabin,es-es;fr;de-de;it-it;pt-br;nl;ar;zh-cn;ja;ko;hi;tr;pl;sv;id;th;vi,confirmed_visible_fallback,nullish_or_boolean_fallback,visible,false,false,false,,,"classification=confirmed_visible_fallback; sink=jsx; context={translate(""mobileTravelerCabin.title"") || ""Travelers & Cabin""}",fallback policy,Operational fallbacks are counted in the summary but excluded from UI issue totals.
GLV4-458,medium,confirmed,import graph routes,all,various,static_fallback,SearchTabs.tsx,src/components/search/SearchTabs.tsx,2974,,Done,es-es;fr;de-de;it-it;pt-br;nl;ar;zh-cn;ja;ko;hi;tr;pl;sv;id;th;vi,confirmed_visible_fallback,nullish_or_boolean_fallback,visible,false,false,false,,,"classification=confirmed_visible_fallback; sink=jsx; context={t.done || ""Done""}",fallback policy,Operational fallbacks are counted in the summary but excluded from UI issue totals.
GLV4-459,medium,confirmed,import graph routes,all,various,static_fallback,SearchTabs.tsx,src/components/search/SearchTabs.tsx,2989,,Travelers,es-es;fr;de-de;it-it;pt-br;nl;ar;zh-cn;ja;ko;hi;tr;pl;sv;id;th;vi,confirmed_visible_fallback,nullish_or_boolean_fallback,visible,false,false,false,,,"classification=confirmed_visible_fallback; sink=jsx; context=travelers: translate(""travelers"") || ""Travelers""",fallback policy,Operational fallbacks are counted in the summary but excluded from UI issue totals.
GLV4-460,medium,confirmed,import graph routes,all,various,static_fallback,SearchTabs.tsx,src/components/search/SearchTabs.tsx,2990,,Adults,es-es;fr;de-de;it-it;pt-br;nl;ar;zh-cn;ja;ko;hi;tr;pl;sv;id;th;vi,confirmed_visible_fallback,nullish_or_boolean_fallback,visible,false,false,false,,,"classification=confirmed_visible_fallback; sink=jsx; context=adults: translate(""adults"") || ""Adults""",fallback policy,Operational fallbacks are counted in the summary but excluded from UI issue totals.
GLV4-461,medium,confirmed,import graph routes,all,various,static_fallback,SearchTabs.tsx,src/components/search/SearchTabs.tsx,2991,,18 years and above,es-es;fr;de-de;it-it;pt-br;nl;ar;zh-cn;ja;ko;hi;tr;pl;sv;id;th;vi,confirmed_visible_fallback,nullish_or_boolean_fallback,visible,false,false,false,,,"classification=confirmed_visible_fallback; sink=jsx; context=adultDescription: translate(""mobileTravelerCabin.adultDescription"") || ""18 years and above""",fallback policy,Operational fallbacks are counted in the summary but excluded from UI issue totals.
GLV4-462,medium,confirmed,import graph routes,all,various,static_fallback,SearchTabs.tsx,src/components/search/SearchTabs.tsx,2992,,Children,es-es;fr;de-de;it-it;pt-br;nl;ar;zh-cn;ja;ko;hi;tr;pl;sv;id;th;vi,confirmed_visible_fallback,nullish_or_boolean_fallback,visible,false,false,false,,,"classification=confirmed_visible_fallback; sink=jsx; context=children: translate(""children"") || ""Children""",fallback policy,Operational fallbacks are counted in the summary but excluded from UI issue totals.
GLV4-463,medium,confirmed,import graph routes,all,various,static_fallback,SearchTabs.tsx,src/components/search/SearchTabs.tsx,2993,,2 to 17 years,es-es;fr;de-de;it-it;pt-br;nl;ar;zh-cn;ja;ko;hi;tr;pl;sv;id;th;vi,confirmed_visible_fallback,nullish_or_boolean_fallback,visible,false,false,false,,,"classification=confirmed_visible_fallback; sink=jsx; context=childDescription: translate(""mobileTravelerCabin.childDescription"") || ""2 to 17 years""",fallback policy,Operational fallbacks are counted in the summary but excluded from UI issue totals.
GLV4-464,medium,confirmed,import graph routes,all,various,static_fallback,SearchTabs.tsx,src/components/search/SearchTabs.tsx,2994,,Infants,es-es;fr;de-de;it-it;pt-br;nl;ar;zh-cn;ja;ko;hi;tr;pl;sv;id;th;vi,confirmed_visible_fallback,nullish_or_boolean_fallback,visible,false,false,false,,,"classification=confirmed_visible_fallback; sink=jsx; context=infants: translate(""infants"") || ""Infants""",fallback policy,Operational fallbacks are counted in the summary but excluded from UI issue totals.
GLV4-465,medium,confirmed,import graph routes,all,various,static_fallback,SearchTabs.tsx,src/components/search/SearchTabs.tsx,2995,,Under 2 years,es-es;fr;de-de;it-it;pt-br;nl;ar;zh-cn;ja;ko;hi;tr;pl;sv;id;th;vi,confirmed_visible_fallback,nullish_or_boolean_fallback,visible,false,false,false,,,"classification=confirmed_visible_fallback; sink=jsx; context=infantDescription: translate(""mobileTravelerCabin.infantDescription"") || ""Under 2 years""",fallback policy,Operational fallbacks are counted in the summary but excluded from UI issue totals.
GLV4-466,medium,confirmed,import graph routes,all,various,static_fallback,SearchTabs.tsx,src/components/search/SearchTabs.tsx,2996,,Cabin class,es-es;fr;de-de;it-it;pt-br;nl;ar;zh-cn;ja;ko;hi;tr;pl;sv;id;th;vi,confirmed_visible_fallback,nullish_or_boolean_fallback,visible,false,false,false,,,"classification=confirmed_visible_fallback; sink=jsx; context=cabinClass: translate(""cabinClass"") || ""Cabin class""",fallback policy,Operational fallbacks are counted in the summary but excluded from UI issue totals.
GLV4-467,medium,confirmed,import graph routes,all,various,static_fallback,SearchTabs.tsx,src/components/search/SearchTabs.tsx,2997,,Economy,es-es;fr;de-de;it-it;pt-br;nl;ar;zh-cn;ja;ko;hi;tr;pl;sv;id;th;vi,confirmed_visible_fallback,nullish_or_boolean_fallback,visible,false,false,false,,,"classification=confirmed_visible_fallback; sink=jsx; context=economy: translate(""economy"") || ""Economy""",fallback policy,Operational fallbacks are counted in the summary but excluded from UI issue totals.
GLV4-468,medium,confirmed,import graph routes,all,various,static_fallback,SearchTabs.tsx,src/components/search/SearchTabs.tsx,2998,,Business,es-es;fr;de-de;it-it;pt-br;nl;ar;zh-cn;ja;ko;hi;tr;pl;sv;id;th;vi,confirmed_visible_fallback,nullish_or_boolean_fallback,visible,false,false,false,,,"classification=confirmed_visible_fallback; sink=jsx; context=business: translate(""business"") || ""Business""",fallback policy,Operational fallbacks are counted in the summary but excluded from UI issue totals.
GLV4-469,medium,confirmed,import graph routes,all,various,static_fallback,SearchTabs.tsx,src/components/search/SearchTabs.tsx,2999,,First,es-es;fr;de-de;it-it;pt-br;nl;ar;zh-cn;ja;ko;hi;tr;pl;sv;id;th;vi,confirmed_visible_fallback,nullish_or_boolean_fallback,visible,false,false,false,,,"classification=confirmed_visible_fallback; sink=jsx; context=first: translate(""first"") || ""First""",fallback policy,Operational fallbacks are counted in the summary but excluded from UI issue totals.
GLV4-470,medium,confirmed,import graph routes,all,various,static_fallback,SearchTabs.tsx,src/components/search/SearchTabs.tsx,3000,,Tip,es-es;fr;de-de;it-it;pt-br;nl;ar;zh-cn;ja;ko;hi;tr;pl;sv;id;th;vi,confirmed_visible_fallback,nullish_or_boolean_fallback,visible,false,false,false,,,"classification=confirmed_visible_fallback; sink=jsx; context=tip: translate(""mobileTravelerCabin.tip"") || ""Tip""",fallback policy,Operational fallbacks are counted in the summary but excluded from UI issue totals.
GLV4-471,medium,confirmed,import graph routes,all,various,static_fallback,SearchTabs.tsx,src/components/search/SearchTabs.tsx,3001,,Baggage allowance may vary by airline. Check details on the provider page.,es-es;fr;de-de;it-it;pt-br;nl;ar;zh-cn;ja;ko;hi;tr;pl;sv;id;th;vi,confirmed_visible_fallback,nullish_or_boolean_fallback,visible,false,false,false,,,"classification=confirmed_visible_fallback; sink=jsx; context=baggageTip: translate(""mobileTravelerCabin.baggageTip"") || ""Baggage allowance may vary by airline. Check details on the provider page.""",fallback policy,Operational fallbacks are counted in the summary but excluded from UI issue totals.
GLV4-472,medium,manual_review,import graph routes,all,various,static_fallback,SearchTabs.tsx,src/components/search/SearchTabs.tsx,3002,,Decrease {{label}},es-es;fr;de-de;it-it;pt-br;nl;ar;zh-cn;ja;ko;hi;tr;pl;sv;id;th;vi,manual_review,nullish_or_boolean_fallback,unknown,false,false,false,,,"classification=manual_review; sink=none; context=(translate(""deals.decreaseCountAria"") || ""Decrease {{label}}"")",fallback policy,Operational fallbacks are counted in the summary but excluded from UI issue totals.
GLV4-473,medium,manual_review,import graph routes,all,various,static_fallback,SearchTabs.tsx,src/components/search/SearchTabs.tsx,3003,,Increase {{label}},es-es;fr;de-de;it-it;pt-br;nl;ar;zh-cn;ja;ko;hi;tr;pl;sv;id;th;vi,manual_review,nullish_or_boolean_fallback,unknown,false,false,false,,,"classification=manual_review; sink=none; context=(translate(""deals.increaseCountAria"") || ""Increase {{label}}"")",fallback policy,Operational fallbacks are counted in the summary but excluded from UI issue totals.
GLV4-474,medium,confirmed,import graph routes,all,various,static_fallback,SearchTabs.tsx,src/components/search/SearchTabs.tsx,3112,,Trip type,es-es;fr;de-de;it-it;pt-br;nl;ar;zh-cn;ja;ko;hi;tr;pl;sv;id;th;vi,confirmed_visible_fallback,nullish_or_boolean_fallback,visible,false,false,false,,,"classification=confirmed_visible_fallback; sink=jsx; context={t.tripType || ""Trip type""}",fallback policy,Operational fallbacks are counted in the summary but excluded from UI issue totals.
GLV4-475,medium,confirmed,import graph routes,all,various,static_fallback,SearchTabs.tsx,src/components/search/SearchTabs.tsx,3228,,Multi-city,es-es;fr;de-de;it-it;pt-br;nl;ar;zh-cn;ja;ko;hi;tr;pl;sv;id;th;vi,confirmed_visible_fallback,nullish_or_boolean_fallback,visible,false,false,false,,,"classification=confirmed_visible_fallback; sink=jsx; context={t.multiCity || ""Multi-city""}",fallback policy,Operational fallbacks are counted in the summary but excluded from UI issue totals.
GLV4-476,medium,confirmed,import graph routes,all,various,static_fallback,SearchTabs.tsx,src/components/search/SearchTabs.tsx,3229,,Use one-way or round-trip search,es-es;fr;de-de;it-it;pt-br;nl;ar;zh-cn;ja;ko;hi;tr;pl;sv;id;th;vi,confirmed_visible_fallback,nullish_or_boolean_fallback,visible,false,false,false,,,"classification=confirmed_visible_fallback; sink=jsx; context={t.useOneWayOrRoundTripSearch || ""Use one-way or round-trip search""}",fallback policy,Operational fallbacks are counted in the summary but excluded from UI issue totals.
GLV4-477,medium,confirmed,import graph routes,all,various,static_fallback,SearchTabs.tsx,src/components/search/SearchTabs.tsx,3248,,Origin,es-es;fr;de-de;it-it;pt-br;nl;ar;zh-cn;ja;ko;hi;tr;pl;sv;id;th;vi,confirmed_visible_fallback,nullish_or_boolean_fallback,visible,false,false,false,,,"classification=confirmed_visible_fallback; sink=jsx; context={t.origin ||
                    ""Origin""}",fallback policy,Operational fallbacks are counted in the summary but excluded from UI issue totals.
GLV4-478,medium,confirmed,import graph routes,all,various,static_fallback,SearchTabs.tsx,src/components/search/SearchTabs.tsx,3265,,From?,es-es;fr;de-de;it-it;pt-br;nl;ar;zh-cn;ja;ko;hi;tr;pl;sv;id;th;vi,confirmed_visible_fallback,nullish_or_boolean_fallback,visible,false,false,false,,,"classification=confirmed_visible_fallback; sink=jsx; context={from.trim() || t.fromPlaceholder || ""From?""}",fallback policy,Operational fallbacks are counted in the summary but excluded from UI issue totals.
GLV4-479,medium,confirmed,import graph routes,all,various,static_fallback,SearchTabs.tsx,src/components/search/SearchTabs.tsx,3306,,From?,es-es;fr;de-de;it-it;pt-br;nl;ar;zh-cn;ja;ko;hi;tr;pl;sv;id;th;vi,confirmed_visible_fallback,nullish_or_boolean_fallback,visible,false,false,false,,,"classification=confirmed_visible_fallback; sink=jsx; context={t.fromPlaceholder || ""From?""}",fallback policy,Operational fallbacks are counted in the summary but excluded from UI issue totals.
GLV4-480,medium,confirmed,import graph routes,all,various,static_fallback,SearchTabs.tsx,src/components/search/SearchTabs.tsx,3314,,Clear origin,es-es;fr;de-de;it-it;pt-br;nl;ar;zh-cn;ja;ko;hi;tr;pl;sv;id;th;vi,confirmed_visible_fallback,nullish_or_boolean_fallback,visible,false,false,false,,,"classification=confirmed_visible_fallback; sink=jsx; context={t.clearOrigin || ""Clear origin""}",fallback policy,Operational fallbacks are counted in the summary but excluded from UI issue totals.
GLV4-481,medium,confirmed,import graph routes,all,various,static_fallback,SearchTabs.tsx,src/components/search/SearchTabs.tsx,3342,,Swap origin and destination,es-es;fr;de-de;it-it;pt-br;nl;ar;zh-cn;ja;ko;hi;tr;pl;sv;id;th;vi,confirmed_visible_fallback,nullish_or_boolean_fallback,visible,false,false,false,,,"classification=confirmed_visible_fallback; sink=jsx; context={t.swapOriginDestination || ""Swap origin and destination""}",fallback policy,Operational fallbacks are counted in the summary but excluded from UI issue totals.
GLV4-482,medium,confirmed,import graph routes,all,various,static_fallback,SearchTabs.tsx,src/components/search/SearchTabs.tsx,3356,,Destination,es-es;fr;de-de;it-it;pt-br;nl;ar;zh-cn;ja;ko;hi;tr;pl;sv;id;th;vi,confirmed_visible_fallback,nullish_or_boolean_fallback,visible,false,false,false,,,"classification=confirmed_visible_fallback; sink=jsx; context={t.destination || ""Destination""}",fallback policy,Operational fallbacks are counted in the summary but excluded from UI issue totals.
GLV4-483,medium,confirmed,import graph routes,all,various,static_fallback,SearchTabs.tsx,src/components/search/SearchTabs.tsx,3372,,To?,es-es;fr;de-de;it-it;pt-br;nl;ar;zh-cn;ja;ko;hi;tr;pl;sv;id;th;vi,confirmed_visible_fallback,nullish_or_boolean_fallback,visible,false,false,false,,,"classification=confirmed_visible_fallback; sink=jsx; context={to.trim() || t.toPlaceholder || ""To?""}",fallback policy,Operational fallbacks are counted in the summary but excluded from UI issue totals.
GLV4-484,medium,confirmed,import graph routes,all,various,static_fallback,SearchTabs.tsx,src/components/search/SearchTabs.tsx,3407,,To?,es-es;fr;de-de;it-it;pt-br;nl;ar;zh-cn;ja;ko;hi;tr;pl;sv;id;th;vi,confirmed_visible_fallback,nullish_or_boolean_fallback,visible,false,false,false,,,"classification=confirmed_visible_fallback; sink=jsx; context={t.toPlaceholder || ""To?""}",fallback policy,Operational fallbacks are counted in the summary but excluded from UI issue totals.
GLV4-485,medium,confirmed,import graph routes,all,various,static_fallback,SearchTabs.tsx,src/components/search/SearchTabs.tsx,3415,,Clear destination,es-es;fr;de-de;it-it;pt-br;nl;ar;zh-cn;ja;ko;hi;tr;pl;sv;id;th;vi,confirmed_visible_fallback,nullish_or_boolean_fallback,visible,false,false,false,,,"classification=confirmed_visible_fallback; sink=jsx; context={t.clearDestination || ""Clear destination""}",fallback policy,Operational fallbacks are counted in the summary but excluded from UI issue totals.
GLV4-486,medium,confirmed,import graph routes,all,various,static_fallback,SearchTabs.tsx,src/components/search/SearchTabs.tsx,3446,,Travel dates,es-es;fr;de-de;it-it;pt-br;nl;ar;zh-cn;ja;ko;hi;tr;pl;sv;id;th;vi,confirmed_visible_fallback,nullish_or_boolean_fallback,visible,false,false,false,,,"classification=confirmed_visible_fallback; sink=jsx; context={t.departureDate ||
                    t.travelDates || ""Travel dates""}",fallback policy,Operational fallbacks are counted in the summary but excluded from UI issue totals.
GLV4-487,medium,confirmed,import graph routes,all,various,static_fallback,SearchTabs.tsx,src/components/search/SearchTabs.tsx,3463,,Choose travel dates,es-es;fr;de-de;it-it;pt-br;nl;ar;zh-cn;ja;ko;hi;tr;pl;sv;id;th;vi,confirmed_visible_fallback,nullish_or_boolean_fallback,visible,false,false,false,,,"classification=confirmed_visible_fallback; sink=jsx; context={translate(""chooseTravelDates"") || ""Choose travel dates""}",fallback policy,Operational fallbacks are counted in the summary but excluded from UI issue totals.
GLV4-488,medium,confirmed,import graph routes,all,various,static_fallback,SearchTabs.tsx,src/components/search/SearchTabs.tsx,3479,,Clear travel dates,es-es;fr;de-de;it-it;pt-br;nl;ar;zh-cn;ja;ko;hi;tr;pl;sv;id;th;vi,confirmed_visible_fallback,nullish_or_boolean_fallback,visible,false,false,false,,,"classification=confirmed_visible_fallback; sink=jsx; context={t.clearTravelDates || ""Clear travel dates""}",fallback policy,Operational fallbacks are counted in the summary but excluded from UI issue totals.
GLV4-489,medium,confirmed,import graph routes,all,various,static_fallback,SearchTabs.tsx,src/components/search/SearchTabs.tsx,3490,,Choose travel dates,es-es;fr;de-de;it-it;pt-br;nl;ar;zh-cn;ja;ko;hi;tr;pl;sv;id;th;vi,confirmed_visible_fallback,nullish_or_boolean_fallback,visible,false,false,false,,,"classification=confirmed_visible_fallback; sink=jsx; context={translate(""chooseTravelDates"") || ""Choose travel dates""}",fallback policy,Operational fallbacks are counted in the summary but excluded from UI issue totals.
GLV4-490,medium,confirmed,import graph routes,all,various,static_fallback,SearchTabs.tsx,src/components/search/SearchTabs.tsx,3565,,Travelers,es-es;fr;de-de;it-it;pt-br;nl;ar;zh-cn;ja;ko;hi;tr;pl;sv;id;th;vi,confirmed_visible_fallback,nullish_or_boolean_fallback,visible,false,false,false,,,"classification=confirmed_visible_fallback; sink=jsx; context={translate(""passengers"") || t.travelers || ""Travelers""}",fallback policy,Operational fallbacks are counted in the summary but excluded from UI issue totals.
GLV4-491,medium,confirmed,import graph routes,all,various,static_fallback,SearchTabs.tsx,src/components/search/SearchTabs.tsx,3578,,Done,es-es;fr;de-de;it-it;pt-br;nl;ar;zh-cn;ja;ko;hi;tr;pl;sv;id;th;vi,confirmed_visible_fallback,nullish_or_boolean_fallback,visible,false,false,false,,,"classification=confirmed_visible_fallback; sink=jsx; context={t.done || ""Done""}",fallback policy,Operational fallbacks are counted in the summary but excluded from UI issue totals.
GLV4-492,medium,confirmed,import graph routes,all,various,static_fallback,SearchTabs.tsx,src/components/search/SearchTabs.tsx,3601,,Passengers,es-es;fr;de-de;it-it;pt-br;nl;ar;zh-cn;ja;ko;hi;tr;pl;sv;id;th;vi,confirmed_visible_fallback,nullish_or_boolean_fallback,visible,false,false,false,,,"classification=confirmed_visible_fallback; sink=jsx; context={translate(""passengers"") || ""Passengers""}",fallback policy,Operational fallbacks are counted in the summary but excluded from UI issue totals.
GLV4-493,medium,confirmed,import graph routes,all,various,static_fallback,SearchTabs.tsx,src/components/search/SearchTabs.tsx,3604,,Travelers,es-es;fr;de-de;it-it;pt-br;nl;ar;zh-cn;ja;ko;hi;tr;pl;sv;id;th;vi,confirmed_visible_fallback,nullish_or_boolean_fallback,visible,false,false,false,,,"classification=confirmed_visible_fallback; sink=jsx; context={translate(""passengers"") || t.travelers || ""Travelers""}",fallback policy,Operational fallbacks are counted in the summary but excluded from UI issue totals.
GLV4-494,medium,confirmed,import graph routes,all,various,static_fallback,SearchTabs.tsx,src/components/search/SearchTabs.tsx,3611,,Cabin class,es-es;fr;de-de;it-it;pt-br;nl;ar;zh-cn;ja;ko;hi;tr;pl;sv;id;th;vi,confirmed_visible_fallback,nullish_or_boolean_fallback,visible,false,false,false,,,"classification=confirmed_visible_fallback; sink=jsx; context={translate(""cabinClass"") || ""Cabin class""}",fallback policy,Operational fallbacks are counted in the summary but excluded from UI issue totals.
GLV4-495,medium,confirmed,import graph routes,all,various,static_fallback,SearchTabs.tsx,src/components/search/SearchTabs.tsx,3617,,Done,es-es;fr;de-de;it-it;pt-br;nl;ar;zh-cn;ja;ko;hi;tr;pl;sv;id;th;vi,confirmed_visible_fallback,nullish_or_boolean_fallback,visible,false,false,false,,,"classification=confirmed_visible_fallback; sink=jsx; context={t.done || ""Done""}",fallback policy,Operational fallbacks are counted in the summary but excluded from UI issue totals.
GLV4-496,medium,confirmed,import graph routes,all,various,static_fallback,SearchTabs.tsx,src/components/search/SearchTabs.tsx,3631,,Search flights,es-es;fr;de-de;it-it;pt-br;nl;ar;zh-cn;ja;ko;hi;tr;pl;sv;id;th;vi,confirmed_visible_fallback,nullish_or_boolean_fallback,visible,false,false,false,,,"classification=confirmed_visible_fallback; sink=jsx; context={t.searchFlights || ""Search flights""}",fallback policy,Operational fallbacks are counted in the summary but excluded from UI issue totals.
GLV4-497,medium,confirmed,import graph routes,all,various,static_fallback,SearchTabs.tsx,src/components/search/SearchTabs.tsx,3635,,Searching flights...,es-es;fr;de-de;it-it;pt-br;nl;ar;zh-cn;ja;ko;hi;tr;pl;sv;id;th;vi,confirmed_visible_fallback,nullish_or_boolean_fallback,visible,false,false,false,,,"classification=confirmed_visible_fallback; sink=jsx; context=isFlightSubmitting
                    ? t.searchingFlights || ""Searching flights...""
                    : t.search || ""Search""",fallback policy,Operational fallbacks are counted in the summary but excluded from UI issue totals.
GLV4-498,medium,confirmed,import graph routes,all,various,static_fallback,SearchTabs.tsx,src/components/search/SearchTabs.tsx,3636,,Search,es-es;fr;de-de;it-it;pt-br;nl;ar;zh-cn;ja;ko;hi;tr;pl;sv;id;th;vi,confirmed_visible_fallback,nullish_or_boolean_fallback,visible,false,false,false,,,"classification=confirmed_visible_fallback; sink=jsx; context=isFlightSubmitting
                    ? t.searchingFlights || ""Searching flights...""
                    : t.search || ""Search""",fallback policy,Operational fallbacks are counted in the summary but excluded from UI issue totals.
GLV4-499,medium,confirmed,import graph routes,all,various,static_fallback,SearchTabs.tsx,src/components/search/SearchTabs.tsx,3659,,Choose origin,es-es;fr;de-de;it-it;pt-br;nl;ar;zh-cn;ja;ko;hi;tr;pl;sv;id;th;vi,confirmed_visible_fallback,nullish_or_boolean_fallback,visible,false,false,false,,,"classification=confirmed_visible_fallback; sink=jsx; context=title: t.chooseOrigin || ""Choose origin""",fallback policy,Operational fallbacks are counted in the summary but excluded from UI issue totals.
GLV4-500,medium,confirmed,import graph routes,all,various,static_fallback,SearchTabs.tsx,src/components/search/SearchTabs.tsx,3677,,Choose destination,es-es;fr;de-de;it-it;pt-br;nl;ar;zh-cn;ja;ko;hi;tr;pl;sv;id;th;vi,confirmed_visible_fallback,nullish_or_boolean_fallback,visible,false,false,false,,,"classification=confirmed_visible_fallback; sink=jsx; context=title: t.chooseDestination || ""Choose destination""",fallback policy,Operational fallbacks are counted in the summary but excluded from UI issue totals.
GLV4-501,medium,confirmed,import graph routes,all,various,static_fallback,SearchTabs.tsx,src/components/search/SearchTabs.tsx,3718,,Destination,es-es;fr;de-de;it-it;pt-br;nl;ar;zh-cn;ja;ko;hi;tr;pl;sv;id;th;vi,confirmed_visible_fallback,nullish_or_boolean_fallback,visible,false,false,false,,,"classification=confirmed_visible_fallback; sink=jsx; context={t.hotelSearchDestinationLabel || t.destination || ""Destination""}",fallback policy,Operational fallbacks are counted in the summary but excluded from UI issue totals.
GLV4-502,medium,confirmed,import graph routes,all,various,static_fallback,SearchTabs.tsx,src/components/search/SearchTabs.tsx,3730,,Choose hotel destination,es-es;fr;de-de;it-it;pt-br;nl;ar;zh-cn;ja;ko;hi;tr;pl;sv;id;th;vi,confirmed_visible_fallback,nullish_or_boolean_fallback,visible,false,false,false,,,"classification=confirmed_visible_fallback; sink=jsx; context={t.chooseHotelDestination || ""Choose hotel destination""}",fallback policy,Operational fallbacks are counted in the summary but excluded from UI issue totals.
GLV4-503,medium,confirmed,import graph routes,all,various,static_fallback,SearchTabs.tsx,src/components/search/SearchTabs.tsx,3743,,City or hotel,es-es;fr;de-de;it-it;pt-br;nl;ar;zh-cn;ja;ko;hi;tr;pl;sv;id;th;vi,confirmed_visible_fallback,nullish_or_boolean_fallback,visible,false,false,false,,,"classification=confirmed_visible_fallback; sink=jsx; context={destination.trim() || t.cityOrHotel || ""City or hotel""}",fallback policy,Operational fallbacks are counted in the summary but excluded from UI issue totals.
GLV4-504,medium,confirmed,import graph routes,all,various,static_fallback,SearchTabs.tsx,src/components/search/SearchTabs.tsx,3749,,City or hotel,es-es;fr;de-de;it-it;pt-br;nl;ar;zh-cn;ja;ko;hi;tr;pl;sv;id;th;vi,confirmed_visible_fallback,nullish_or_boolean_fallback,visible,false,false,false,,,"classification=confirmed_visible_fallback; sink=jsx; context={destination.trim() || t.cityOrHotel || ""City or hotel""}",fallback policy,Operational fallbacks are counted in the summary but excluded from UI issue totals.
GLV4-505,medium,confirmed,import graph routes,all,various,static_fallback,SearchTabs.tsx,src/components/search/SearchTabs.tsx,3775,,City or hotel,es-es;fr;de-de;it-it;pt-br;nl;ar;zh-cn;ja;ko;hi;tr;pl;sv;id;th;vi,confirmed_visible_fallback,nullish_or_boolean_fallback,visible,false,false,false,,,"classification=confirmed_visible_fallback; sink=jsx; context={t.cityOrHotel || ""City or hotel""}",fallback policy,Operational fallbacks are counted in the summary but excluded from UI issue totals.
GLV4-506,medium,confirmed,import graph routes,all,various,static_fallback,SearchTabs.tsx,src/components/search/SearchTabs.tsx,3793,,Travel dates,es-es;fr;de-de;it-it;pt-br;nl;ar;zh-cn;ja;ko;hi;tr;pl;sv;id;th;vi,confirmed_visible_fallback,nullish_or_boolean_fallback,visible,false,false,false,,,"classification=confirmed_visible_fallback; sink=jsx; context={translateHotelTravelDateText(""hotelSearchTravelDatesLabel"") ||
                    translateHotelTravelDateText(""travelDates"") || ""Travel dates""}",fallback policy,Operational fallbacks are counted in the summary but excluded from UI issue totals.
GLV4-507,medium,confirmed,import graph routes,all,various,static_fallback,SearchTabs.tsx,src/components/search/SearchTabs.tsx,3808,,Choose travel dates,es-es;fr;de-de;it-it;pt-br;nl;ar;zh-cn;ja;ko;hi;tr;pl;sv;id;th;vi,confirmed_visible_fallback,nullish_or_boolean_fallback,visible,false,false,false,,,"classification=confirmed_visible_fallback; sink=jsx; context={translateHotelTravelDateText(""chooseTravelDates"") || ""Choose travel dates""}",fallback policy,Operational fallbacks are counted in the summary but excluded from UI issue totals.
GLV4-508,medium,confirmed,import graph routes,all,various,static_fallback,SearchTabs.tsx,src/components/search/SearchTabs.tsx,3850,,Guests,es-es;fr;de-de;it-it;pt-br;nl;ar;zh-cn;ja;ko;hi;tr;pl;sv;id;th;vi,confirmed_visible_fallback,nullish_or_boolean_fallback,visible,false,false,false,,,"classification=confirmed_visible_fallback; sink=jsx; context={translate(""hotelSearchGuestsLabel"") ||
                    translate(""guests"") ||
                    ""Guests""}",fallback policy,Operational fallbacks are counted in the summary but excluded from UI issue totals.
GLV4-509,medium,confirmed,import graph routes,all,various,static_fallback,SearchTabs.tsx,src/components/search/SearchTabs.tsx,3866,,Choose guests and rooms,es-es;fr;de-de;it-it;pt-br;nl;ar;zh-cn;ja;ko;hi;tr;pl;sv;id;th;vi,confirmed_visible_fallback,nullish_or_boolean_fallback,visible,false,false,false,,,"classification=confirmed_visible_fallback; sink=jsx; context={translate(""chooseGuestsAndRooms"") || ""Choose guests and rooms""}",fallback policy,Operational fallbacks are counted in the summary but excluded from UI issue totals.
GLV4-510,medium,confirmed,import graph routes,all,various,static_fallback,SearchTabs.tsx,src/components/search/SearchTabs.tsx,3901,,Guests and rooms,es-es;fr;de-de;it-it;pt-br;nl;ar;zh-cn;ja;ko;hi;tr;pl;sv;id;th;vi,confirmed_visible_fallback,nullish_or_boolean_fallback,visible,false,false,false,,,"classification=confirmed_visible_fallback; sink=jsx; context={translate(""guestsAndRooms"") || ""Guests and rooms""}",fallback policy,Operational fallbacks are counted in the summary but excluded from UI issue totals.
GLV4-511,medium,confirmed,import graph routes,all,various,static_fallback,SearchTabs.tsx,src/components/search/SearchTabs.tsx,3906,,Stay details,es-es;fr;de-de;it-it;pt-br;nl;ar;zh-cn;ja;ko;hi;tr;pl;sv;id;th;vi,confirmed_visible_fallback,nullish_or_boolean_fallback,visible,false,false,false,,,"classification=confirmed_visible_fallback; sink=jsx; context={translate(""stayDetails"") || ""Stay details""}",fallback policy,Operational fallbacks are counted in the summary but excluded from UI issue totals.
GLV4-512,medium,confirmed,import graph routes,all,various,static_fallback,SearchTabs.tsx,src/components/search/SearchTabs.tsx,3909,,Guests and rooms,es-es;fr;de-de;it-it;pt-br;nl;ar;zh-cn;ja;ko;hi;tr;pl;sv;id;th;vi,confirmed_visible_fallback,nullish_or_boolean_fallback,visible,false,false,false,,,"classification=confirmed_visible_fallback; sink=jsx; context={translate(""guestsAndRooms"") || ""Guests and rooms""}",fallback policy,Operational fallbacks are counted in the summary but excluded from UI issue totals.
GLV4-513,medium,confirmed,import graph routes,all,various,static_fallback,SearchTabs.tsx,src/components/search/SearchTabs.tsx,3916,,Adults,es-es;fr;de-de;it-it;pt-br;nl;ar;zh-cn;ja;ko;hi;tr;pl;sv;id;th;vi,confirmed_visible_fallback,nullish_or_boolean_fallback,visible,false,false,false,,,"classification=confirmed_visible_fallback; sink=jsx; context=label: translate(""adults"") || ""Adults""",fallback policy,Operational fallbacks are counted in the summary but excluded from UI issue totals.
GLV4-514,medium,confirmed,import graph routes,all,various,static_fallback,SearchTabs.tsx,src/components/search/SearchTabs.tsx,3917,,Guests 18+,es-es;fr;de-de;it-it;pt-br;nl;ar;zh-cn;ja;ko;hi;tr;pl;sv;id;th;vi,confirmed_visible_fallback,nullish_or_boolean_fallback,visible,false,false,false,,,"classification=confirmed_visible_fallback; sink=jsx; context=helper: translate(""hotelAdultHelper"") || ""Guests 18+""",fallback policy,Operational fallbacks are counted in the summary but excluded from UI issue totals.
GLV4-515,medium,confirmed,import graph routes,all,various,static_fallback,SearchTabs.tsx,src/components/search/SearchTabs.tsx,3932,,Children,es-es;fr;de-de;it-it;pt-br;nl;ar;zh-cn;ja;ko;hi;tr;pl;sv;id;th;vi,confirmed_visible_fallback,nullish_or_boolean_fallback,visible,false,false,false,,,"classification=confirmed_visible_fallback; sink=jsx; context=label: translate(""children"") || ""Children""",fallback policy,Operational fallbacks are counted in the summary but excluded from UI issue totals.
GLV4-516,medium,confirmed,import graph routes,all,various,static_fallback,SearchTabs.tsx,src/components/search/SearchTabs.tsx,3933,,Ages 0–17,es-es;fr;de-de;it-it;pt-br;nl;ar;zh-cn;ja;ko;hi;tr;pl;sv;id;th;vi,confirmed_visible_fallback,nullish_or_boolean_fallback,visible,false,false,false,,,"classification=confirmed_visible_fallback; sink=jsx; context=helper: translate(""hotelChildrenHelper"") || ""Ages 0–17""",fallback policy,Operational fallbacks are counted in the summary but excluded from UI issue totals.
GLV4-517,medium,confirmed,import graph routes,all,various,static_fallback,SearchTabs.tsx,src/components/search/SearchTabs.tsx,3948,,Rooms,es-es;fr;de-de;it-it;pt-br;nl;ar;zh-cn;ja;ko;hi;tr;pl;sv;id;th;vi,confirmed_visible_fallback,nullish_or_boolean_fallback,visible,false,false,false,,,"classification=confirmed_visible_fallback; sink=jsx; context=label: translate(""rooms"") || ""Rooms""",fallback policy,Operational fallbacks are counted in the summary but excluded from UI issue totals.
GLV4-518,medium,confirmed,import graph routes,all,various,static_fallback,SearchTabs.tsx,src/components/search/SearchTabs.tsx,3949,,Up to 6 rooms,es-es;fr;de-de;it-it;pt-br;nl;ar;zh-cn;ja;ko;hi;tr;pl;sv;id;th;vi,confirmed_visible_fallback,nullish_or_boolean_fallback,visible,false,false,false,,,"classification=confirmed_visible_fallback; sink=jsx; context=helper: translate(""hotelRoomsHelper"") || ""Up to 6 rooms""",fallback policy,Operational fallbacks are counted in the summary but excluded from UI issue totals.
GLV4-519,medium,confirmed,import graph routes,all,various,static_fallback,SearchTabs.tsx,src/components/search/SearchTabs.tsx,4017,,Pet-friendly,es-es;fr;de-de;it-it;pt-br;nl;ar;zh-cn;ja;ko;hi;tr;pl;sv;id;th;vi,confirmed_visible_fallback,nullish_or_boolean_fallback,visible,false,false,false,,,"classification=confirmed_visible_fallback; sink=jsx; context={translate(""petFriendly"") || ""Pet-friendly""}",fallback policy,Operational fallbacks are counted in the summary but excluded from UI issue totals.
GLV4-520,medium,confirmed,import graph routes,all,various,static_fallback,SearchTabs.tsx,src/components/search/SearchTabs.tsx,4020,,Only show stays that allow pets,es-es;fr;de-de;it-it;pt-br;nl;ar;zh-cn;ja;ko;hi;tr;pl;sv;id;th;vi,confirmed_visible_fallback,nullish_or_boolean_fallback,visible,false,false,false,,,"classification=confirmed_visible_fallback; sink=jsx; context={translate(""onlyShowPetFriendlyStays"") ||
                                ""Only show stays that allow pets""}",fallback policy,Operational fallbacks are counted in the summary but excluded from UI issue totals.
GLV4-521,medium,confirmed,import graph routes,all,various,static_fallback,SearchTabs.tsx,src/components/search/SearchTabs.tsx,4029,,Toggle pet-friendly stays,es-es;fr;de-de;it-it;pt-br;nl;ar;zh-cn;ja;ko;hi;tr;pl;sv;id;th;vi,confirmed_visible_fallback,nullish_or_boolean_fallback,visible,false,false,false,,,"classification=confirmed_visible_fallback; sink=jsx; context={
                              translate(""togglePetFriendlyStays"") ||
                              ""Toggle pet-friendly stays""
                            }",fallback policy,Operational fallbacks are counted in the summary but excluded from UI issue totals.
GLV4-522,medium,confirmed,import graph routes,all,various,static_fallback,SearchTabs.tsx,src/components/search/SearchTabs.tsx,4065,,Search hotels,es-es;fr;de-de;it-it;pt-br;nl;ar;zh-cn;ja;ko;hi;tr;pl;sv;id;th;vi,confirmed_visible_fallback,nullish_or_boolean_fallback,visible,false,false,false,,,"classification=confirmed_visible_fallback; sink=jsx; context={t.searchHotels || ""Search hotels""}",fallback policy,Operational fallbacks are counted in the summary but excluded from UI issue totals.
GLV4-523,medium,confirmed,import graph routes,all,various,static_fallback,SearchTabs.tsx,src/components/search/SearchTabs.tsx,4070,,Searching hotels...,es-es;fr;de-de;it-it;pt-br;nl;ar;zh-cn;ja;ko;hi;tr;pl;sv;id;th;vi,confirmed_visible_fallback,nullish_or_boolean_fallback,visible,false,false,false,,,"classification=confirmed_visible_fallback; sink=jsx; context=isHotelSubmitting
                    ? t.searchingHotels || ""Searching hotels...""
                    : t.search || ""Search""",fallback policy,Operational fallbacks are counted in the summary but excluded from UI issue totals.
GLV4-524,medium,confirmed,import graph routes,all,various,static_fallback,SearchTabs.tsx,src/components/search/SearchTabs.tsx,4071,,Search,es-es;fr;de-de;it-it;pt-br;nl;ar;zh-cn;ja;ko;hi;tr;pl;sv;id;th;vi,confirmed_visible_fallback,nullish_or_boolean_fallback,visible,false,false,false,,,"classification=confirmed_visible_fallback; sink=jsx; context=isHotelSubmitting
                    ? t.searchingHotels || ""Searching hotels...""
                    : t.search || ""Search""",fallback policy,Operational fallbacks are counted in the summary but excluded from UI issue totals.
GLV4-525,medium,confirmed,import graph routes,all,various,static_fallback,SearchTabs.tsx,src/components/search/SearchTabs.tsx,4090,,Choose travel dates,es-es;fr;de-de;it-it;pt-br;nl;ar;zh-cn;ja;ko;hi;tr;pl;sv;id;th;vi,confirmed_visible_fallback,nullish_or_boolean_fallback,visible,false,false,false,,,"classification=confirmed_visible_fallback; sink=jsx; context={translateHotelTravelDateText(""chooseTravelDates"") || ""Choose travel dates""}",fallback policy,Operational fallbacks are counted in the summary but excluded from UI issue totals.
GLV4-526,medium,confirmed,import graph routes,all,various,static_fallback,SearchTabs.tsx,src/components/search/SearchTabs.tsx,4124,,Done,es-es;fr;de-de;it-it;pt-br;nl;ar;zh-cn;ja;ko;hi;tr;pl;sv;id;th;vi,confirmed_visible_fallback,nullish_or_boolean_fallback,visible,false,false,false,,,"classification=confirmed_visible_fallback; sink=jsx; context={t.done || ""Done""}",fallback policy,Operational fallbacks are counted in the summary but excluded from UI issue totals.
GLV4-527,medium,confirmed,import graph routes,all,various,static_fallback,SearchTabs.tsx,src/components/search/SearchTabs.tsx,4130,,Guests,es-es;fr;de-de;it-it;pt-br;nl;ar;zh-cn;ja;ko;hi;tr;pl;sv;id;th;vi,confirmed_visible_fallback,nullish_or_boolean_fallback,visible,false,false,false,,,"classification=confirmed_visible_fallback; sink=jsx; context=guests: translate(""guests"") || ""Guests""",fallback policy,Operational fallbacks are counted in the summary but excluded from UI issue totals.
GLV4-528,medium,confirmed,import graph routes,all,various,static_fallback,SearchTabs.tsx,src/components/search/SearchTabs.tsx,4130,,Adults,es-es;fr;de-de;it-it;pt-br;nl;ar;zh-cn;ja;ko;hi;tr;pl;sv;id;th;vi,confirmed_visible_fallback,nullish_or_boolean_fallback,visible,false,false,false,,,"classification=confirmed_visible_fallback; sink=jsx; context=adults: translate(""adults"") || ""Adults""",fallback policy,Operational fallbacks are counted in the summary but excluded from UI issue totals.
GLV4-529,medium,confirmed,import graph routes,all,various,static_fallback,SearchTabs.tsx,src/components/search/SearchTabs.tsx,4130,,Ages 18+,es-es;fr;de-de;it-it;pt-br;nl;ar;zh-cn;ja;ko;hi;tr;pl;sv;id;th;vi,confirmed_visible_fallback,nullish_or_boolean_fallback,visible,false,false,false,,,"classification=confirmed_visible_fallback; sink=jsx; context=adultDescription: translate(""hotelGuests.adultDescription"") || ""Ages 18+""",fallback policy,Operational fallbacks are counted in the summary but excluded from UI issue totals.
GLV4-530,medium,confirmed,import graph routes,all,various,static_fallback,SearchTabs.tsx,src/components/search/SearchTabs.tsx,4130,,Children,es-es;fr;de-de;it-it;pt-br;nl;ar;zh-cn;ja;ko;hi;tr;pl;sv;id;th;vi,confirmed_visible_fallback,nullish_or_boolean_fallback,visible,false,false,false,,,"classification=confirmed_visible_fallback; sink=jsx; context=children: translate(""children"") || ""Children""",fallback policy,Operational fallbacks are counted in the summary but excluded from UI issue totals.
GLV4-531,medium,confirmed,import graph routes,all,various,static_fallback,SearchTabs.tsx,src/components/search/SearchTabs.tsx,4130,,Ages 0–17,es-es;fr;de-de;it-it;pt-br;nl;ar;zh-cn;ja;ko;hi;tr;pl;sv;id;th;vi,confirmed_visible_fallback,nullish_or_boolean_fallback,visible,false,false,false,,,"classification=confirmed_visible_fallback; sink=jsx; context=childDescription: translate(""hotelGuests.childDescription"") || ""Ages 0–17""",fallback policy,Operational fallbacks are counted in the summary but excluded from UI issue totals.
GLV4-532,medium,confirmed,import graph routes,all,various,static_fallback,SearchTabs.tsx,src/components/search/SearchTabs.tsx,4130,,Rooms,es-es;fr;de-de;it-it;pt-br;nl;ar;zh-cn;ja;ko;hi;tr;pl;sv;id;th;vi,confirmed_visible_fallback,nullish_or_boolean_fallback,visible,false,false,false,,,"classification=confirmed_visible_fallback; sink=jsx; context=rooms: translate(""rooms"") || ""Rooms""",fallback policy,Operational fallbacks are counted in the summary but excluded from UI issue totals.
GLV4-533,medium,confirmed,import graph routes,all,various,static_fallback,SearchTabs.tsx,src/components/search/SearchTabs.tsx,4130,,Separate rooms,es-es;fr;de-de;it-it;pt-br;nl;ar;zh-cn;ja;ko;hi;tr;pl;sv;id;th;vi,confirmed_visible_fallback,nullish_or_boolean_fallback,visible,false,false,false,,,"classification=confirmed_visible_fallback; sink=jsx; context=roomDescription: translate(""hotelGuests.roomDescription"") || ""Separate rooms""",fallback policy,Operational fallbacks are counted in the summary but excluded from UI issue totals.
GLV4-534,medium,confirmed,import graph routes,all,various,static_fallback,SearchTabs.tsx,src/components/search/SearchTabs.tsx,4130,,Pet-friendly,es-es;fr;de-de;it-it;pt-br;nl;ar;zh-cn;ja;ko;hi;tr;pl;sv;id;th;vi,confirmed_visible_fallback,nullish_or_boolean_fallback,visible,false,false,false,,,"classification=confirmed_visible_fallback; sink=jsx; context=petFriendly: translate(""petFriendly"") || ""Pet-friendly""",fallback policy,Operational fallbacks are counted in the summary but excluded from UI issue totals.
GLV4-535,medium,confirmed,import graph routes,all,various,static_fallback,SearchTabs.tsx,src/components/search/SearchTabs.tsx,4130,,Only show stays that allow pets,es-es;fr;de-de;it-it;pt-br;nl;ar;zh-cn;ja;ko;hi;tr;pl;sv;id;th;vi,confirmed_visible_fallback,nullish_or_boolean_fallback,visible,false,false,false,,,"classification=confirmed_visible_fallback; sink=jsx; context=petDescription: translate(""onlyShowPetFriendlyStays"") || ""Only show stays that allow pets""",fallback policy,Operational fallbacks are counted in the summary but excluded from UI issue totals.
GLV4-536,medium,confirmed,import graph routes,all,various,static_fallback,SearchTabs.tsx,src/components/search/SearchTabs.tsx,4139,,Pickup location,es-es;fr;de-de;it-it;pt-br;nl;ar;zh-cn;ja;ko;hi;tr;pl;sv;id;th;vi,confirmed_visible_fallback,nullish_or_boolean_fallback,visible,false,false,false,,,"classification=confirmed_visible_fallback; sink=jsx; context={translate(""carsSearch.pickupLocationLabel"") || ""Pickup location""}",fallback policy,Operational fallbacks are counted in the summary but excluded from UI issue totals.
GLV4-537,medium,confirmed,import graph routes,all,various,static_fallback,SearchTabs.tsx,src/components/search/SearchTabs.tsx,4143,,"Airport, city or address",es-es;fr;de-de;it-it;pt-br;nl;ar;zh-cn;ja;ko;hi;tr;pl;sv;id;th;vi,confirmed_visible_fallback,nullish_or_boolean_fallback,visible,false,false,false,,,"classification=confirmed_visible_fallback; sink=jsx; context={carsValues.pickupLocation || translate(""carsSearch.pickupLocationPlaceholder"") || ""Airport, city or address""}",fallback policy,Operational fallbacks are counted in the summary but excluded from UI issue totals.
GLV4-538,medium,confirmed,import graph routes,all,various,static_fallback,SearchTabs.tsx,src/components/search/SearchTabs.tsx,4146,,"Airport, city or address",es-es;fr;de-de;it-it;pt-br;nl;ar;zh-cn;ja;ko;hi;tr;pl;sv;id;th;vi,confirmed_visible_fallback,nullish_or_boolean_fallback,visible,false,false,false,,,"classification=confirmed_visible_fallback; sink=jsx; context={translate(""carsSearch.pickupLocationPlaceholder"") || ""Airport, city or address""}",fallback policy,Operational fallbacks are counted in the summary but excluded from UI issue totals.
GLV4-539,medium,confirmed,import graph routes,all,various,static_fallback,SearchTabs.tsx,src/components/search/SearchTabs.tsx,4150,,Rental dates,es-es;fr;de-de;it-it;pt-br;nl;ar;zh-cn;ja;ko;hi;tr;pl;sv;id;th;vi,confirmed_visible_fallback,nullish_or_boolean_fallback,visible,false,false,false,,,"classification=confirmed_visible_fallback; sink=jsx; context={translate(""carsSearch.rentalDatesLabel"") || ""Rental dates""}",fallback policy,Operational fallbacks are counted in the summary but excluded from UI issue totals.
GLV4-540,medium,confirmed,import graph routes,all,various,static_fallback,SearchTabs.tsx,src/components/search/SearchTabs.tsx,4161,,Choose rental dates,es-es;fr;de-de;it-it;pt-br;nl;ar;zh-cn;ja;ko;hi;tr;pl;sv;id;th;vi,confirmed_visible_fallback,nullish_or_boolean_fallback,visible,false,false,false,,,"classification=confirmed_visible_fallback; sink=jsx; context=chooseDates: translate(""carsSearch.chooseRentalDates"") || ""Choose rental dates""",fallback policy,Operational fallbacks are counted in the summary but excluded from UI issue totals.
GLV4-541,medium,confirmed,import graph routes,all,various,static_fallback,SearchTabs.tsx,src/components/search/SearchTabs.tsx,4161,,Previous month,es-es;fr;de-de;it-it;pt-br;nl;ar;zh-cn;ja;ko;hi;tr;pl;sv;id;th;vi,confirmed_visible_fallback,nullish_or_boolean_fallback,visible,false,false,false,,,"classification=confirmed_visible_fallback; sink=jsx; context=previousMonth: translate(""carsSearch.previousMonth"") || ""Previous month""",fallback policy,Operational fallbacks are counted in the summary but excluded from UI issue totals.
GLV4-542,medium,confirmed,import graph routes,all,various,static_fallback,SearchTabs.tsx,src/components/search/SearchTabs.tsx,4161,,Previous,es-es;fr;de-de;it-it;pt-br;nl;ar;zh-cn;ja;ko;hi;tr;pl;sv;id;th;vi,confirmed_visible_fallback,nullish_or_boolean_fallback,visible,false,false,false,,,"classification=confirmed_visible_fallback; sink=jsx; context=previousMonthShort: translate(""carsSearch.previousMonthShort"") || ""Previous""",fallback policy,Operational fallbacks are counted in the summary but excluded from UI issue totals.
GLV4-543,medium,confirmed,import graph routes,all,various,static_fallback,SearchTabs.tsx,src/components/search/SearchTabs.tsx,4161,,Next month,es-es;fr;de-de;it-it;pt-br;nl;ar;zh-cn;ja;ko;hi;tr;pl;sv;id;th;vi,confirmed_visible_fallback,nullish_or_boolean_fallback,visible,false,false,false,,,"classification=confirmed_visible_fallback; sink=jsx; context=nextMonth: translate(""carsSearch.nextMonth"") || ""Next month""",fallback policy,Operational fallbacks are counted in the summary but excluded from UI issue totals.
GLV4-544,medium,confirmed,import graph routes,all,various,static_fallback,SearchTabs.tsx,src/components/search/SearchTabs.tsx,4161,,Next,es-es;fr;de-de;it-it;pt-br;nl;ar;zh-cn;ja;ko;hi;tr;pl;sv;id;th;vi,confirmed_visible_fallback,nullish_or_boolean_fallback,visible,false,false,false,,,"classification=confirmed_visible_fallback; sink=jsx; context=nextMonthShort: translate(""carsSearch.nextMonthShort"") || ""Next""",fallback policy,Operational fallbacks are counted in the summary but excluded from UI issue totals.
GLV4-545,medium,confirmed,import graph routes,all,various,static_fallback,SearchTabs.tsx,src/components/search/SearchTabs.tsx,4161,,Select,es-es;fr;de-de;it-it;pt-br;nl;ar;zh-cn;ja;ko;hi;tr;pl;sv;id;th;vi,confirmed_visible_fallback,nullish_or_boolean_fallback,visible,false,false,false,,,"classification=confirmed_visible_fallback; sink=jsx; context=selectDatePrefix: translate(""carsSearch.selectDateAriaPrefix"") || ""Select""",fallback policy,Operational fallbacks are counted in the summary but excluded from UI issue totals.
GLV4-546,medium,confirmed,import graph routes,all,various,static_fallback,SearchTabs.tsx,src/components/search/SearchTabs.tsx,4161,,Starts a new pickup date,es-es;fr;de-de;it-it;pt-br;nl;ar;zh-cn;ja;ko;hi;tr;pl;sv;id;th;vi,confirmed_visible_fallback,nullish_or_boolean_fallback,visible,false,false,false,,,"classification=confirmed_visible_fallback; sink=jsx; context=startsNewPickupDate: translate(""carsSearch.startsNewPickupDate"") || ""Starts a new pickup date""",fallback policy,Operational fallbacks are counted in the summary but excluded from UI issue totals.
GLV4-547,medium,confirmed,import graph routes,all,various,static_fallback,SearchTabs.tsx,src/components/search/SearchTabs.tsx,4161,,Clear,es-es;fr;de-de;it-it;pt-br;nl;ar;zh-cn;ja;ko;hi;tr;pl;sv;id;th;vi,confirmed_visible_fallback,nullish_or_boolean_fallback,visible,false,false,false,,,"classification=confirmed_visible_fallback; sink=jsx; context=clear: translate(""clear"") || ""Clear""",fallback policy,Operational fallbacks are counted in the summary but excluded from UI issue totals.
GLV4-548,medium,confirmed,import graph routes,all,various,static_fallback,SearchTabs.tsx,src/components/search/SearchTabs.tsx,4161,,Done,es-es;fr;de-de;it-it;pt-br;nl;ar;zh-cn;ja;ko;hi;tr;pl;sv;id;th;vi,confirmed_visible_fallback,nullish_or_boolean_fallback,visible,false,false,false,,,"classification=confirmed_visible_fallback; sink=jsx; context=done: translate(""done"") || ""Done""",fallback policy,Operational fallbacks are counted in the summary but excluded from UI issue totals.
GLV4-549,medium,confirmed,import graph routes,all,various,static_fallback,SearchTabs.tsx,src/components/search/SearchTabs.tsx,4166,,Pickup / return time,es-es;fr;de-de;it-it;pt-br;nl;ar;zh-cn;ja;ko;hi;tr;pl;sv;id;th;vi,confirmed_visible_fallback,nullish_or_boolean_fallback,visible,false,false,false,,,"classification=confirmed_visible_fallback; sink=jsx; context={translate(""carsSearch.pickupReturnTimeLabel"") || ""Pickup / return time""}",fallback policy,Operational fallbacks are counted in the summary but excluded from UI issue totals.
GLV4-550,medium,confirmed,import graph routes,all,various,static_fallback,SearchTabs.tsx,src/components/search/SearchTabs.tsx,4167,,Pickup time,es-es;fr;de-de;it-it;pt-br;nl;ar;zh-cn;ja;ko;hi;tr;pl;sv;id;th;vi,confirmed_visible_fallback,nullish_or_boolean_fallback,visible,false,false,false,,,"classification=confirmed_visible_fallback; sink=jsx; context={translate(""carsSearch.pickupTimeLabel"") || ""Pickup time""}",fallback policy,Operational fallbacks are counted in the summary but excluded from UI issue totals.
GLV4-551,medium,confirmed,import graph routes,all,various,static_fallback,SearchTabs.tsx,src/components/search/SearchTabs.tsx,4167,,Return time,es-es;fr;de-de;it-it;pt-br;nl;ar;zh-cn;ja;ko;hi;tr;pl;sv;id;th;vi,confirmed_visible_fallback,nullish_or_boolean_fallback,visible,false,false,false,,,"classification=confirmed_visible_fallback; sink=jsx; context={translate(""carsSearch.returnTimeLabel"") || ""Return time""}",fallback policy,Operational fallbacks are counted in the summary but excluded from UI issue totals.
GLV4-552,medium,confirmed,import graph routes,all,various,static_fallback,SearchTabs.tsx,src/components/search/SearchTabs.tsx,4169,,Driver age,es-es;fr;de-de;it-it;pt-br;nl;ar;zh-cn;ja;ko;hi;tr;pl;sv;id;th;vi,confirmed_visible_fallback,nullish_or_boolean_fallback,visible,false,false,false,,,"classification=confirmed_visible_fallback; sink=jsx; context={translate(""carsSearch.driverAgeLabel"") || ""Driver age""}",fallback policy,Operational fallbacks are counted in the summary but excluded from UI issue totals.
GLV4-553,medium,confirmed,import graph routes,all,various,static_fallback,SearchTabs.tsx,src/components/search/SearchTabs.tsx,4169,,Any age,es-es;fr;de-de;it-it;pt-br;nl;ar;zh-cn;ja;ko;hi;tr;pl;sv;id;th;vi,confirmed_visible_fallback,nullish_or_boolean_fallback,visible,false,false,false,,,"classification=confirmed_visible_fallback; sink=jsx; context=carsValues.driverAge === defaultDriverAge ? translate(""carsSearch.driverAgeAnyAgeRange"") || ""Any age"" : carsValues.driverAge",fallback policy,Operational fallbacks are counted in the summary but excluded from UI issue totals.
GLV4-554,medium,confirmed,import graph routes,all,various,static_fallback,SearchTabs.tsx,src/components/search/SearchTabs.tsx,4170,,Any age,es-es;fr;de-de;it-it;pt-br;nl;ar;zh-cn;ja;ko;hi;tr;pl;sv;id;th;vi,confirmed_visible_fallback,nullish_or_boolean_fallback,visible,false,false,false,,,"classification=confirmed_visible_fallback; sink=jsx; context={translate(""carsSearch.driverAgeAnyAgeRange"") || ""Any age""}",fallback policy,Operational fallbacks are counted in the summary but excluded from UI issue totals.
GLV4-555,medium,confirmed,import graph routes,all,various,static_fallback,SearchTabs.tsx,src/components/search/SearchTabs.tsx,4173,,Search cars,es-es;fr;de-de;it-it;pt-br;nl;ar;zh-cn;ja;ko;hi;tr;pl;sv;id;th;vi,confirmed_visible_fallback,nullish_or_boolean_fallback,visible,false,false,false,,,"classification=confirmed_visible_fallback; sink=jsx; context={translate(""searchCars"") || ""Search cars""}",fallback policy,Operational fallbacks are counted in the summary but excluded from UI issue totals.
GLV4-556,medium,confirmed,import graph routes,all,various,static_fallback,SearchTabs.tsx,src/components/search/SearchTabs.tsx,4174,,Searching…,es-es;fr;de-de;it-it;pt-br;nl;ar;zh-cn;ja;ko;hi;tr;pl;sv;id;th;vi,confirmed_visible_fallback,nullish_or_boolean_fallback,visible,false,false,false,,,"classification=confirmed_visible_fallback; sink=jsx; context=isCarsSubmitting ? translate(""searching"") || ""Searching…"" : translate(""search"") || ""Search""",fallback policy,Operational fallbacks are counted in the summary but excluded from UI issue totals.
GLV4-557,medium,confirmed,import graph routes,all,various,static_fallback,SearchTabs.tsx,src/components/search/SearchTabs.tsx,4174,,Search,es-es;fr;de-de;it-it;pt-br;nl;ar;zh-cn;ja;ko;hi;tr;pl;sv;id;th;vi,confirmed_visible_fallback,nullish_or_boolean_fallback,visible,false,false,false,,,"classification=confirmed_visible_fallback; sink=jsx; context=isCarsSubmitting ? translate(""searching"") || ""Searching…"" : translate(""search"") || ""Search""",fallback policy,Operational fallbacks are counted in the summary but excluded from UI issue totals.
GLV4-558,medium,confirmed,import graph routes,all,various,static_fallback,SearchTabs.tsx,src/components/search/SearchTabs.tsx,4180,,Different return location,es-es;fr;de-de;it-it;pt-br;nl;ar;zh-cn;ja;ko;hi;tr;pl;sv;id;th;vi,confirmed_visible_fallback,nullish_or_boolean_fallback,visible,false,false,false,,,"classification=confirmed_visible_fallback; sink=jsx; context={translate(""carsSearch.differentReturnLocation"") || ""Different return location""}",fallback policy,Operational fallbacks are counted in the summary but excluded from UI issue totals.
GLV4-559,medium,confirmed,import graph routes,all,various,static_fallback,SearchTabs.tsx,src/components/search/SearchTabs.tsx,4205,,Choose rental dates,es-es;fr;de-de;it-it;pt-br;nl;ar;zh-cn;ja;ko;hi;tr;pl;sv;id;th;vi,confirmed_visible_fallback,nullish_or_boolean_fallback,visible,false,false,false,,,"classification=confirmed_visible_fallback; sink=jsx; context={translate(""carsSearch.chooseRentalDates"") || ""Choose rental dates""}",fallback policy,Operational fallbacks are counted in the summary but excluded from UI issue totals.
GLV4-560,medium,confirmed,import graph routes,all,various,static_fallback,SearchTabs.tsx,src/components/search/SearchTabs.tsx,4214,,Select,es-es;fr;de-de;it-it;pt-br;nl;ar;zh-cn;ja;ko;hi;tr;pl;sv;id;th;vi,confirmed_visible_fallback,nullish_or_boolean_fallback,visible,false,false,false,,,"classification=confirmed_visible_fallback; sink=jsx; context=selectDatePrefix: translate(""carsSearch.selectDateAriaPrefix"") || ""Select""",fallback policy,Operational fallbacks are counted in the summary but excluded from UI issue totals.
GLV4-561,medium,confirmed,import graph routes,all,various,static_fallback,SearchTabs.tsx,src/components/search/SearchTabs.tsx,4222,,Pickup / return time,es-es;fr;de-de;it-it;pt-br;nl;ar;zh-cn;ja;ko;hi;tr;pl;sv;id;th;vi,confirmed_visible_fallback,nullish_or_boolean_fallback,visible,false,false,false,,,"classification=confirmed_visible_fallback; sink=jsx; context={translate(""carsSearch.pickupReturnTimeLabel"") || ""Pickup / return time""}",fallback policy,Operational fallbacks are counted in the summary but excluded from UI issue totals.
GLV4-562,medium,confirmed,import graph routes,all,various,static_fallback,SearchTabs.tsx,src/components/search/SearchTabs.tsx,4222,,Select when you’ll pick up and return your car.,es-es;fr;de-de;it-it;pt-br;nl;ar;zh-cn;ja;ko;hi;tr;pl;sv;id;th;vi,confirmed_visible_fallback,nullish_or_boolean_fallback,visible,false,false,false,,,"classification=confirmed_visible_fallback; sink=jsx; context={translate(""carsSearch.mobileTimeIntro"") || ""Select when you’ll pick up and return your car.""}",fallback policy,Operational fallbacks are counted in the summary but excluded from UI issue totals.
GLV4-563,medium,confirmed,import graph routes,all,various,static_fallback,SearchTabs.tsx,src/components/search/SearchTabs.tsx,4222,,Pickup time,es-es;fr;de-de;it-it;pt-br;nl;ar;zh-cn;ja;ko;hi;tr;pl;sv;id;th;vi,confirmed_visible_fallback,nullish_or_boolean_fallback,visible,false,false,false,,,"classification=confirmed_visible_fallback; sink=jsx; context={translate(""carsSearch.pickupTimeLabel"") || ""Pickup time""}",fallback policy,Operational fallbacks are counted in the summary but excluded from UI issue totals.
GLV4-564,medium,confirmed,import graph routes,all,various,static_fallback,SearchTabs.tsx,src/components/search/SearchTabs.tsx,4222,,Return time,es-es;fr;de-de;it-it;pt-br;nl;ar;zh-cn;ja;ko;hi;tr;pl;sv;id;th;vi,confirmed_visible_fallback,nullish_or_boolean_fallback,visible,false,false,false,,,"classification=confirmed_visible_fallback; sink=jsx; context={translate(""carsSearch.returnTimeLabel"") || ""Return time""}",fallback policy,Operational fallbacks are counted in the summary but excluded from UI issue totals.
GLV4-565,medium,confirmed,import graph routes,all,various,static_fallback,SearchTabs.tsx,src/components/search/SearchTabs.tsx,4222,,Done,es-es;fr;de-de;it-it;pt-br;nl;ar;zh-cn;ja;ko;hi;tr;pl;sv;id;th;vi,confirmed_visible_fallback,nullish_or_boolean_fallback,visible,false,false,false,,,"classification=confirmed_visible_fallback; sink=jsx; context={translate(""done"") || ""Done""}",fallback policy,Operational fallbacks are counted in the summary but excluded from UI issue totals.
GLV4-566,medium,confirmed,import graph routes,all,various,static_fallback,SearchTabs.tsx,src/components/search/SearchTabs.tsx,4223,,Driver age,es-es;fr;de-de;it-it;pt-br;nl;ar;zh-cn;ja;ko;hi;tr;pl;sv;id;th;vi,confirmed_visible_fallback,nullish_or_boolean_fallback,visible,false,false,false,,,"classification=confirmed_visible_fallback; sink=jsx; context={translate(""carsSearch.driverAgeLabel"") || ""Driver age""}",fallback policy,Operational fallbacks are counted in the summary but excluded from UI issue totals.
GLV4-567,medium,confirmed,import graph routes,all,various,static_fallback,SearchTabs.tsx,src/components/search/SearchTabs.tsx,4223,,Driver must be between 18 and 70 years old.,es-es;fr;de-de;it-it;pt-br;nl;ar;zh-cn;ja;ko;hi;tr;pl;sv;id;th;vi,confirmed_visible_fallback,nullish_or_boolean_fallback,visible,false,false,false,,,"classification=confirmed_visible_fallback; sink=jsx; context={translate(""carsSearch.mobileDriverAgeIntro"") || ""Driver must be between 18 and 70 years old.""}",fallback policy,Operational fallbacks are counted in the summary but excluded from UI issue totals.
GLV4-568,medium,confirmed,import graph routes,all,various,static_fallback,SearchTabs.tsx,src/components/search/SearchTabs.tsx,4223,,Any age 18–70,es-es;fr;de-de;it-it;pt-br;nl;ar;zh-cn;ja;ko;hi;tr;pl;sv;id;th;vi,confirmed_visible_fallback,nullish_or_boolean_fallback,visible,false,false,false,,,"classification=confirmed_visible_fallback; sink=jsx; context={translate(""carsSearch.driverAgeAnyAgeRange"") || ""Any age 18–70""}",fallback policy,Operational fallbacks are counted in the summary but excluded from UI issue totals.
GLV4-569,medium,confirmed,import graph routes,all,various,static_fallback,SearchTabs.tsx,src/components/search/SearchTabs.tsx,4223,,Done,es-es;fr;de-de;it-it;pt-br;nl;ar;zh-cn;ja;ko;hi;tr;pl;sv;id;th;vi,confirmed_visible_fallback,nullish_or_boolean_fallback,visible,false,false,false,,,"classification=confirmed_visible_fallback; sink=jsx; context={translate(""done"") || ""Done""}",fallback policy,Operational fallbacks are counted in the summary but excluded from UI issue totals.
GLV4-570,medium,manual_review,import graph routes,all,various,static_fallback,StandaloneFlightSearchForm.tsx,src/components/search/StandaloneFlightSearchForm.tsx,1216,,Adults,es-es;fr;de-de;it-it;pt-br;nl;ar;zh-cn;ja;ko;hi;tr;pl;sv;id;th;vi,manual_review,nullish_or_boolean_fallback,unknown,false,false,false,,,"classification=manual_review; sink=none; context=label: t(""adults"") || ""Adults""",fallback policy,Operational fallbacks are counted in the summary but excluded from UI issue totals.
GLV4-571,medium,manual_review,import graph routes,all,various,static_fallback,StandaloneFlightSearchForm.tsx,src/components/search/StandaloneFlightSearchForm.tsx,1223,,Children,es-es;fr;de-de;it-it;pt-br;nl;ar;zh-cn;ja;ko;hi;tr;pl;sv;id;th;vi,manual_review,nullish_or_boolean_fallback,unknown,false,false,false,,,"classification=manual_review; sink=none; context=label: t(""children"") || ""Children""",fallback policy,Operational fallbacks are counted in the summary but excluded from UI issue totals.
GLV4-572,medium,manual_review,import graph routes,all,various,static_fallback,StandaloneFlightSearchForm.tsx,src/components/search/StandaloneFlightSearchForm.tsx,1224,,Ages 2–17,es-es;fr;de-de;it-it;pt-br;nl;ar;zh-cn;ja;ko;hi;tr;pl;sv;id;th;vi,manual_review,nullish_or_boolean_fallback,unknown,false,false,false,,,"classification=manual_review; sink=none; context=subtitle: t(""childAgeRange"") || ""Ages 2–17""",fallback policy,Operational fallbacks are counted in the summary but excluded from UI issue totals.
GLV4-573,medium,manual_review,import graph routes,all,various,static_fallback,StandaloneFlightSearchForm.tsx,src/components/search/StandaloneFlightSearchForm.tsx,1231,,Under 2,es-es;fr;de-de;it-it;pt-br;nl;ar;zh-cn;ja;ko;hi;tr;pl;sv;id;th;vi,manual_review,nullish_or_boolean_fallback,unknown,false,false,false,,,"classification=manual_review; sink=none; context=subtitle: t(""under2"") || ""Under 2""",fallback policy,Operational fallbacks are counted in the summary but excluded from UI issue totals.
GLV4-574,medium,manual_review,import graph routes,all,various,static_fallback,StandaloneFlightSearchForm.tsx,src/components/search/StandaloneFlightSearchForm.tsx,1237,,Economy,es-es;fr;de-de;it-it;pt-br;nl;ar;zh-cn;ja;ko;hi;tr;pl;sv;id;th;vi,manual_review,nullish_or_boolean_fallback,unknown,false,false,false,,,"classification=manual_review; sink=none; context=[""economy"", t(""economy"") || ""Economy""]",fallback policy,Operational fallbacks are counted in the summary but excluded from UI issue totals.
GLV4-575,medium,manual_review,import graph routes,all,various,static_fallback,StandaloneFlightSearchForm.tsx,src/components/search/StandaloneFlightSearchForm.tsx,1238,,Business,es-es;fr;de-de;it-it;pt-br;nl;ar;zh-cn;ja;ko;hi;tr;pl;sv;id;th;vi,manual_review,nullish_or_boolean_fallback,unknown,false,false,false,,,"classification=manual_review; sink=none; context=[""business"", t(""business"") || ""Business""]",fallback policy,Operational fallbacks are counted in the summary but excluded from UI issue totals.
GLV4-576,medium,manual_review,import graph routes,all,various,static_fallback,StandaloneFlightSearchForm.tsx,src/components/search/StandaloneFlightSearchForm.tsx,1239,,First,es-es;fr;de-de;it-it;pt-br;nl;ar;zh-cn;ja;ko;hi;tr;pl;sv;id;th;vi,manual_review,nullish_or_boolean_fallback,unknown,false,false,false,,,"classification=manual_review; sink=none; context=[""first"", t(""first"") || ""First""]",fallback policy,Operational fallbacks are counted in the summary but excluded from UI issue totals.
GLV4-577,medium,confirmed,import graph routes,all,various,static_fallback,StandaloneFlightSearchForm.tsx,src/components/search/StandaloneFlightSearchForm.tsx,1251,,Passengers,es-es;fr;de-de;it-it;pt-br;nl;ar;zh-cn;ja;ko;hi;tr;pl;sv;id;th;vi,confirmed_visible_fallback,nullish_or_boolean_fallback,visible,false,false,false,,,"classification=confirmed_visible_fallback; sink=jsx; context={t(""passengers"") || ""Passengers""}",fallback policy,Operational fallbacks are counted in the summary but excluded from UI issue totals.
GLV4-578,medium,confirmed,import graph routes,all,various,static_fallback,StandaloneFlightSearchForm.tsx,src/components/search/StandaloneFlightSearchForm.tsx,1255,,Travelers,es-es;fr;de-de;it-it;pt-br;nl;ar;zh-cn;ja;ko;hi;tr;pl;sv;id;th;vi,confirmed_visible_fallback,nullish_or_boolean_fallback,visible,false,false,false,,,"classification=confirmed_visible_fallback; sink=jsx; context={t(""passengers"") || t(""travelers"") || ""Travelers""}",fallback policy,Operational fallbacks are counted in the summary but excluded from UI issue totals.
GLV4-579,medium,confirmed,import graph routes,all,various,static_fallback,StandaloneFlightSearchForm.tsx,src/components/search/StandaloneFlightSearchForm.tsx,1375,,Cabin class,es-es;fr;de-de;it-it;pt-br;nl;ar;zh-cn;ja;ko;hi;tr;pl;sv;id;th;vi,confirmed_visible_fallback,nullish_or_boolean_fallback,visible,false,false,false,,,"classification=confirmed_visible_fallback; sink=jsx; context={t(""cabinClass"") || ""Cabin class""}",fallback policy,Operational fallbacks are counted in the summary but excluded from UI issue totals.
GLV4-580,medium,confirmed,import graph routes,all,various,static_fallback,StandaloneFlightSearchForm.tsx,src/components/search/StandaloneFlightSearchForm.tsx,1422,,Flights,es-es;fr;de-de;it-it;pt-br;nl;ar;zh-cn;ja;ko;hi;tr;pl;sv;id;th;vi,confirmed_visible_fallback,nullish_or_boolean_fallback,visible,false,false,false,,,"classification=confirmed_visible_fallback; sink=jsx; context={t(""flights"") || ""Flights""}",fallback policy,Operational fallbacks are counted in the summary but excluded from UI issue totals.
GLV4-581,medium,confirmed,import graph routes,all,various,static_fallback,StandaloneFlightSearchForm.tsx,src/components/search/StandaloneFlightSearchForm.tsx,1429,,Trip type,es-es;fr;de-de;it-it;pt-br;nl;ar;zh-cn;ja;ko;hi;tr;pl;sv;id;th;vi,confirmed_visible_fallback,nullish_or_boolean_fallback,visible,false,false,false,,,"classification=confirmed_visible_fallback; sink=jsx; context={t(""tripType"") || ""Trip type""}",fallback policy,Operational fallbacks are counted in the summary but excluded from UI issue totals.
GLV4-582,medium,confirmed,import graph routes,all,various,static_fallback,StandaloneFlightSearchForm.tsx,src/components/search/StandaloneFlightSearchForm.tsx,1459,,Multi-city search coming soon,es-es;fr;de-de;it-it;pt-br;nl;ar;zh-cn;ja;ko;hi;tr;pl;sv;id;th;vi,confirmed_visible_fallback,nullish_or_boolean_fallback,visible,false,false,false,,,"classification=confirmed_visible_fallback; sink=jsx; context=value === ""multi-city""
                  ? t(""multiCityComingSoon"") || ""Multi-city search coming soon""
                  : undefined",fallback policy,Operational fallbacks are counted in the summary but excluded from UI issue totals.
GLV4-583,medium,confirmed,import graph routes,all,various,static_fallback,StandaloneFlightSearchForm.tsx,src/components/search/StandaloneFlightSearchForm.tsx,1567,,Swap origin and destination,es-es;fr;de-de;it-it;pt-br;nl;ar;zh-cn;ja;ko;hi;tr;pl;sv;id;th;vi,confirmed_visible_fallback,nullish_or_boolean_fallback,visible,false,false,false,,,"classification=confirmed_visible_fallback; sink=jsx; context={
                  t(""swapOriginDestination"") || ""Swap origin and destination""
                }",fallback policy,Operational fallbacks are counted in the summary but excluded from UI issue totals.
GLV4-584,medium,confirmed,import graph routes,all,various,static_fallback,StandaloneFlightSearchForm.tsx,src/components/search/StandaloneFlightSearchForm.tsx,1802,,Select dates,es-es;fr;de-de;it-it;pt-br;nl;ar;zh-cn;ja;ko;hi;tr;pl;sv;id;th;vi,confirmed_visible_fallback,nullish_or_boolean_fallback,visible,false,false,false,,,"classification=confirmed_visible_fallback; sink=jsx; context=selectDates: t(""carsResults.selectDates"") || ""Select dates""",fallback policy,Operational fallbacks are counted in the summary but excluded from UI issue totals.
GLV4-585,medium,confirmed,import graph routes,all,various,static_fallback,StandaloneFlightSearchForm.tsx,src/components/search/StandaloneFlightSearchForm.tsx,1803,,Start,es-es;fr;de-de;it-it;pt-br;nl;ar;zh-cn;ja;ko;hi;tr;pl;sv;id;th;vi,confirmed_visible_fallback,nullish_or_boolean_fallback,visible,false,false,false,,,"classification=confirmed_visible_fallback; sink=jsx; context=start: t(""mobileDatePicker.start"") || ""Start""",fallback policy,Operational fallbacks are counted in the summary but excluded from UI issue totals.
GLV4-586,medium,confirmed,import graph routes,all,various,static_fallback,StandaloneFlightSearchForm.tsx,src/components/search/StandaloneFlightSearchForm.tsx,1804,,End,es-es;fr;de-de;it-it;pt-br;nl;ar;zh-cn;ja;ko;hi;tr;pl;sv;id;th;vi,confirmed_visible_fallback,nullish_or_boolean_fallback,visible,false,false,false,,,"classification=confirmed_visible_fallback; sink=jsx; context=end: t(""mobileDatePicker.end"") || ""End""",fallback policy,Operational fallbacks are counted in the summary but excluded from UI issue totals.
GLV4-587,medium,confirmed,import graph routes,all,various,static_fallback,StandaloneFlightSearchForm.tsx,src/components/search/StandaloneFlightSearchForm.tsx,1805,,Done,es-es;fr;de-de;it-it;pt-br;nl;ar;zh-cn;ja;ko;hi;tr;pl;sv;id;th;vi,confirmed_visible_fallback,nullish_or_boolean_fallback,visible,false,false,false,,,"classification=confirmed_visible_fallback; sink=jsx; context=done: t(""done"") || ""Done""",fallback policy,Operational fallbacks are counted in the summary but excluded from UI issue totals.
GLV4-588,medium,confirmed,import graph routes,all,various,static_fallback,StandaloneFlightSearchForm.tsx,src/components/search/StandaloneFlightSearchForm.tsx,1806,,Select,es-es;fr;de-de;it-it;pt-br;nl;ar;zh-cn;ja;ko;hi;tr;pl;sv;id;th;vi,confirmed_visible_fallback,nullish_or_boolean_fallback,visible,false,false,false,,,"classification=confirmed_visible_fallback; sink=jsx; context=selectDatePrefix: t(""selectDateAriaPrefix"") || ""Select""",fallback policy,Operational fallbacks are counted in the summary but excluded from UI issue totals.
GLV4-589,medium,confirmed,import graph routes,all,various,static_fallback,StandaloneFlightSearchForm.tsx,src/components/search/StandaloneFlightSearchForm.tsx,1820,,Travelers & Cabin,es-es;fr;de-de;it-it;pt-br;nl;ar;zh-cn;ja;ko;hi;tr;pl;sv;id;th;vi,confirmed_visible_fallback,nullish_or_boolean_fallback,visible,false,false,false,,,"classification=confirmed_visible_fallback; sink=jsx; context={t(""mobileTravelerCabin.title"") || ""Travelers & Cabin""}",fallback policy,Operational fallbacks are counted in the summary but excluded from UI issue totals.
GLV4-590,medium,confirmed,import graph routes,all,various,static_fallback,StandaloneFlightSearchForm.tsx,src/components/search/StandaloneFlightSearchForm.tsx,1848,,Travelers,es-es;fr;de-de;it-it;pt-br;nl;ar;zh-cn;ja;ko;hi;tr;pl;sv;id;th;vi,confirmed_visible_fallback,nullish_or_boolean_fallback,visible,false,false,false,,,"classification=confirmed_visible_fallback; sink=jsx; context=travelers: t(""travelers"") || ""Travelers""",fallback policy,Operational fallbacks are counted in the summary but excluded from UI issue totals.
GLV4-591,medium,confirmed,import graph routes,all,various,static_fallback,StandaloneFlightSearchForm.tsx,src/components/search/StandaloneFlightSearchForm.tsx,1849,,Adults,es-es;fr;de-de;it-it;pt-br;nl;ar;zh-cn;ja;ko;hi;tr;pl;sv;id;th;vi,confirmed_visible_fallback,nullish_or_boolean_fallback,visible,false,false,false,,,"classification=confirmed_visible_fallback; sink=jsx; context=adults: t(""adults"") || ""Adults""",fallback policy,Operational fallbacks are counted in the summary but excluded from UI issue totals.
GLV4-592,medium,confirmed,import graph routes,all,various,static_fallback,StandaloneFlightSearchForm.tsx,src/components/search/StandaloneFlightSearchForm.tsx,1850,,18 years and above,es-es;fr;de-de;it-it;pt-br;nl;ar;zh-cn;ja;ko;hi;tr;pl;sv;id;th;vi,confirmed_visible_fallback,nullish_or_boolean_fallback,visible,false,false,false,,,"classification=confirmed_visible_fallback; sink=jsx; context=adultDescription: t(""mobileTravelerCabin.adultDescription"") || ""18 years and above""",fallback policy,Operational fallbacks are counted in the summary but excluded from UI issue totals.
GLV4-593,medium,confirmed,import graph routes,all,various,static_fallback,StandaloneFlightSearchForm.tsx,src/components/search/StandaloneFlightSearchForm.tsx,1851,,Children,es-es;fr;de-de;it-it;pt-br;nl;ar;zh-cn;ja;ko;hi;tr;pl;sv;id;th;vi,confirmed_visible_fallback,nullish_or_boolean_fallback,visible,false,false,false,,,"classification=confirmed_visible_fallback; sink=jsx; context=children: t(""children"") || ""Children""",fallback policy,Operational fallbacks are counted in the summary but excluded from UI issue totals.
GLV4-594,medium,confirmed,import graph routes,all,various,static_fallback,StandaloneFlightSearchForm.tsx,src/components/search/StandaloneFlightSearchForm.tsx,1852,,2 to 17 years,es-es;fr;de-de;it-it;pt-br;nl;ar;zh-cn;ja;ko;hi;tr;pl;sv;id;th;vi,confirmed_visible_fallback,nullish_or_boolean_fallback,visible,false,false,false,,,"classification=confirmed_visible_fallback; sink=jsx; context=childDescription: t(""mobileTravelerCabin.childDescription"") || ""2 to 17 years""",fallback policy,Operational fallbacks are counted in the summary but excluded from UI issue totals.
GLV4-595,medium,confirmed,import graph routes,all,various,static_fallback,StandaloneFlightSearchForm.tsx,src/components/search/StandaloneFlightSearchForm.tsx,1853,,Infants,es-es;fr;de-de;it-it;pt-br;nl;ar;zh-cn;ja;ko;hi;tr;pl;sv;id;th;vi,confirmed_visible_fallback,nullish_or_boolean_fallback,visible,false,false,false,,,"classification=confirmed_visible_fallback; sink=jsx; context=infants: t(""infants"") || ""Infants""",fallback policy,Operational fallbacks are counted in the summary but excluded from UI issue totals.
GLV4-596,medium,confirmed,import graph routes,all,various,static_fallback,StandaloneFlightSearchForm.tsx,src/components/search/StandaloneFlightSearchForm.tsx,1854,,Under 2 years,es-es;fr;de-de;it-it;pt-br;nl;ar;zh-cn;ja;ko;hi;tr;pl;sv;id;th;vi,confirmed_visible_fallback,nullish_or_boolean_fallback,visible,false,false,false,,,"classification=confirmed_visible_fallback; sink=jsx; context=infantDescription: t(""mobileTravelerCabin.infantDescription"") || ""Under 2 years""",fallback policy,Operational fallbacks are counted in the summary but excluded from UI issue totals.
GLV4-597,medium,confirmed,import graph routes,all,various,static_fallback,StandaloneFlightSearchForm.tsx,src/components/search/StandaloneFlightSearchForm.tsx,1855,,Cabin class,es-es;fr;de-de;it-it;pt-br;nl;ar;zh-cn;ja;ko;hi;tr;pl;sv;id;th;vi,confirmed_visible_fallback,nullish_or_boolean_fallback,visible,false,false,false,,,"classification=confirmed_visible_fallback; sink=jsx; context=cabinClass: t(""cabinClass"") || ""Cabin class""",fallback policy,Operational fallbacks are counted in the summary but excluded from UI issue totals.
GLV4-598,medium,confirmed,import graph routes,all,various,static_fallback,StandaloneFlightSearchForm.tsx,src/components/search/StandaloneFlightSearchForm.tsx,1856,,Economy,es-es;fr;de-de;it-it;pt-br;nl;ar;zh-cn;ja;ko;hi;tr;pl;sv;id;th;vi,confirmed_visible_fallback,nullish_or_boolean_fallback,visible,false,false,false,,,"classification=confirmed_visible_fallback; sink=jsx; context=economy: t(""economy"") || ""Economy""",fallback policy,Operational fallbacks are counted in the summary but excluded from UI issue totals.
GLV4-599,medium,confirmed,import graph routes,all,various,static_fallback,StandaloneFlightSearchForm.tsx,src/components/search/StandaloneFlightSearchForm.tsx,1857,,Business,es-es;fr;de-de;it-it;pt-br;nl;ar;zh-cn;ja;ko;hi;tr;pl;sv;id;th;vi,confirmed_visible_fallback,nullish_or_boolean_fallback,visible,false,false,false,,,"classification=confirmed_visible_fallback; sink=jsx; context=business: t(""business"") || ""Business""",fallback policy,Operational fallbacks are counted in the summary but excluded from UI issue totals.
GLV4-600,medium,confirmed,import graph routes,all,various,static_fallback,StandaloneFlightSearchForm.tsx,src/components/search/StandaloneFlightSearchForm.tsx,1858,,First,es-es;fr;de-de;it-it;pt-br;nl;ar;zh-cn;ja;ko;hi;tr;pl;sv;id;th;vi,confirmed_visible_fallback,nullish_or_boolean_fallback,visible,false,false,false,,,"classification=confirmed_visible_fallback; sink=jsx; context=first: t(""first"") || ""First""",fallback policy,Operational fallbacks are counted in the summary but excluded from UI issue totals.
GLV4-601,medium,confirmed,import graph routes,all,various,static_fallback,StandaloneFlightSearchForm.tsx,src/components/search/StandaloneFlightSearchForm.tsx,1859,,Tip,es-es;fr;de-de;it-it;pt-br;nl;ar;zh-cn;ja;ko;hi;tr;pl;sv;id;th;vi,confirmed_visible_fallback,nullish_or_boolean_fallback,visible,false,false,false,,,"classification=confirmed_visible_fallback; sink=jsx; context=tip: t(""mobileTravelerCabin.tip"") || ""Tip""",fallback policy,Operational fallbacks are counted in the summary but excluded from UI issue totals.
GLV4-602,medium,confirmed,import graph routes,all,various,static_fallback,StandaloneFlightSearchForm.tsx,src/components/search/StandaloneFlightSearchForm.tsx,1860,,Baggage allowance may vary by airline. Check details on the provider page.,es-es;fr;de-de;it-it;pt-br;nl;ar;zh-cn;ja;ko;hi;tr;pl;sv;id;th;vi,confirmed_visible_fallback,nullish_or_boolean_fallback,visible,false,false,false,,,"classification=confirmed_visible_fallback; sink=jsx; context=baggageTip: t(""mobileTravelerCabin.baggageTip"") || ""Baggage allowance may vary by airline. Check details on the provider page.""",fallback policy,Operational fallbacks are counted in the summary but excluded from UI issue totals.
GLV4-603,medium,manual_review,import graph routes,all,various,static_fallback,StandaloneFlightSearchForm.tsx,src/components/search/StandaloneFlightSearchForm.tsx,1861,,Decrease {{label}},es-es;fr;de-de;it-it;pt-br;nl;ar;zh-cn;ja;ko;hi;tr;pl;sv;id;th;vi,manual_review,nullish_or_boolean_fallback,unknown,false,false,false,,,"classification=manual_review; sink=none; context=(t(""deals.decreaseCountAria"") || ""Decrease {{label}}"")",fallback policy,Operational fallbacks are counted in the summary but excluded from UI issue totals.
GLV4-604,medium,manual_review,import graph routes,all,various,static_fallback,StandaloneFlightSearchForm.tsx,src/components/search/StandaloneFlightSearchForm.tsx,1862,,Increase {{label}},es-es;fr;de-de;it-it;pt-br;nl;ar;zh-cn;ja;ko;hi;tr;pl;sv;id;th;vi,manual_review,nullish_or_boolean_fallback,unknown,false,false,false,,,"classification=manual_review; sink=none; context=(t(""deals.increaseCountAria"") || ""Increase {{label}}"")",fallback policy,Operational fallbacks are counted in the summary but excluded from UI issue totals.
GLV4-605,medium,manual_review,import graph routes,all,various,static_fallback,imagePurchasePlan.ts,src/data/images/imagePurchasePlan.ts,182,,shopping-needed,es-es;fr;de-de;it-it;pt-br;nl;ar;zh-cn;ja;ko;hi;tr;pl;sv;id;th;vi,manual_review,nullish_or_boolean_fallback,unknown,false,false,false,,,"classification=manual_review; sink=none; context=approvalStatus: entry.approvalStatus ?? ""shopping-needed""",fallback policy,Operational fallbacks are counted in the summary but excluded from UI issue totals.
GLV4-606,medium,manual_review,import graph routes,all,various,static_fallback,marketAssetBatchTemplate.ts,src/data/images/marketAssetBatchTemplate.ts,34,,YYYY-MM-DD,es-es;fr;de-de;it-it;pt-br;nl;ar;zh-cn;ja;ko;hi;tr;pl;sv;id;th;vi,manual_review,nullish_or_boolean_fallback,unknown,false,false,false,,,"classification=manual_review; sink=none; context=createdAt = options.createdAt ?? ""YYYY-MM-DD""",fallback policy,Operational fallbacks are counted in the summary but excluded from UI issue totals.
GLV4-607,medium,manual_review,import graph routes,all,various,static_fallback,marketAssetBatchTemplate.ts,src/data/images/marketAssetBatchTemplate.ts,36,,Zentric Analytics,es-es;fr;de-de;it-it;pt-br;nl;ar;zh-cn;ja;ko;hi;tr;pl;sv;id;th;vi,manual_review,nullish_or_boolean_fallback,unknown,false,false,false,,,"classification=manual_review; sink=none; context=owner = options.owner ?? ""Zentric Analytics""",fallback policy,Operational fallbacks are counted in the summary but excluded from UI issue totals.
GLV4-608,medium,manual_review,import graph routes,all,various,static_fallback,marketAssetFirstBatchCommandPlan.ts,src/data/images/marketAssetFirstBatchCommandPlan.ts,37,,Design ops,es-es;fr;de-de;it-it;pt-br;nl;ar;zh-cn;ja;ko;hi;tr;pl;sv;id;th;vi,manual_review,nullish_or_boolean_fallback,unknown,false,false,false,,,"classification=manual_review; sink=none; context=owner = options.owner ?? ""Design ops""",fallback policy,Operational fallbacks are counted in the summary but excluded from UI issue totals.
GLV4-609,medium,manual_review,import graph routes,all,various,static_fallback,marketAssetFirstBatchCommandPlan.ts,src/data/images/marketAssetFirstBatchCommandPlan.ts,38,,us-001,es-es;fr;de-de;it-it;pt-br;nl;ar;zh-cn;ja;ko;hi;tr;pl;sv;id;th;vi,manual_review,nullish_or_boolean_fallback,unknown,false,false,false,,,"classification=manual_review; sink=none; context=fileSuffix = options.fileSuffix ?? ""us-001""",fallback policy,Operational fallbacks are counted in the summary but excluded from UI issue totals.
GLV4-610,medium,manual_review,import graph routes,all,various,static_fallback,marketAssetFirstBatchPackageReadiness.ts,src/data/images/marketAssetFirstBatchPackageReadiness.ts,46,,us-001,es-es;fr;de-de;it-it;pt-br;nl;ar;zh-cn;ja;ko;hi;tr;pl;sv;id;th;vi,manual_review,nullish_or_boolean_fallback,unknown,false,false,false,,,"classification=manual_review; sink=none; context=fileSuffix = options.fileSuffix ?? ""us-001""",fallback policy,Operational fallbacks are counted in the summary but excluded from UI issue totals.
GLV4-611,medium,manual_review,import graph routes,all,various,static_fallback,marketAssetLaunchBatchPlan.ts,src/data/images/marketAssetLaunchBatchPlan.ts,34,,YYYY-MM-DD,es-es;fr;de-de;it-it;pt-br;nl;ar;zh-cn;ja;ko;hi;tr;pl;sv;id;th;vi,manual_review,nullish_or_boolean_fallback,unknown,false,false,false,,,"classification=manual_review; sink=none; context=createdAt = options.createdAt ?? ""YYYY-MM-DD""",fallback policy,Operational fallbacks are counted in the summary but excluded from UI issue totals.
GLV4-612,medium,manual_review,import graph routes,all,various,static_fallback,marketAssetLaunchProgressTemplate.ts,src/data/images/marketAssetLaunchProgressTemplate.ts,18,,planned,es-es;fr;de-de;it-it;pt-br;nl;ar;zh-cn;ja;ko;hi;tr;pl;sv;id;th;vi,manual_review,nullish_or_boolean_fallback,unknown,false,false,false,,,"classification=manual_review; sink=none; context=initialStatus = options.initialStatus ?? ""planned""",fallback policy,Operational fallbacks are counted in the summary but excluded from UI issue totals.
GLV4-613,medium,manual_review,import graph routes,all,various,static_fallback,marketAssetPriorityLaunchQueue.ts,src/data/images/marketAssetPriorityLaunchQueue.ts,41,,YYYY-MM-DD,es-es;fr;de-de;it-it;pt-br;nl;ar;zh-cn;ja;ko;hi;tr;pl;sv;id;th;vi,manual_review,nullish_or_boolean_fallback,unknown,false,false,false,,,"classification=manual_review; sink=none; context=createdAt = options.createdAt ?? ""YYYY-MM-DD""",fallback policy,Operational fallbacks are counted in the summary but excluded from UI issue totals.
GLV4-614,medium,manual_review,import graph routes,all,various,static_fallback,activeProductionPromotionAudit.ts,src/data/images/marketImagePacks/activeProductionPromotionAudit.ts,35,,unknown,es-es;fr;de-de;it-it;pt-br;nl;ar;zh-cn;ja;ko;hi;tr;pl;sv;id;th;vi,manual_review,nullish_or_boolean_fallback,unknown,false,false,false,,,"classification=manual_review; sink=none; context=entry.market ?? ""unknown""}:${",fallback policy,Operational fallbacks are counted in the summary but excluded from UI issue totals.
GLV4-615,medium,manual_review,import graph routes,all,various,static_fallback,shared.ts,src/data/images/marketImagePacks/shared.ts,73,,Contract-only market image pack entry. It provides resolver coverage without changing live UI or claiming final production image approval.,es-es;fr;de-de;it-it;pt-br;nl;ar;zh-cn;ja;ko;hi;tr;pl;sv;id;th;vi,manual_review,nullish_or_boolean_fallback,unknown,false,false,false,,,"classification=manual_review; sink=none; context=notes:
      notes ??
      ""Contract-only market image pack entry. It provides resolver coverage without changing live UI or claiming final production image approval.""",fallback policy,Operational fallbacks are counted in the summary but excluded from UI issue totals.
GLV4-616,medium,manual_review,import graph routes,all,various,static_fallback,marketImageResolver.ts,src/data/images/marketImageResolver.ts,54,,local,es-es;fr;de-de;it-it;pt-br;nl;ar;zh-cn;ja;ko;hi;tr;pl;sv;id;th;vi,manual_review,nullish_or_boolean_fallback,unknown,false,false,false,,,"classification=manual_review; sink=none; context=audience = request.audience ?? ""local""",fallback policy,Operational fallbacks are counted in the summary but excluded from UI issue totals.
GLV4-617,medium,manual_review,import graph routes,all,various,static_fallback,admin.ts,src/lib/admin.ts,128,,unknown-admin,es-es;fr;de-de;it-it;pt-br;nl;ar;zh-cn;ja;ko;hi;tr;pl;sv;id;th;vi,manual_review,nullish_or_boolean_fallback,unknown,false,false,false,,,"classification=manual_review; sink=none; context=adminEmail:
            input.adminEmail?.toLowerCase() ||
            ""unknown-admin""",fallback policy,Operational fallbacks are counted in the summary but excluded from UI issue totals.
GLV4-618,medium,manual_review,import graph routes,admin,various,static_fallback,homepageFareRouteGrouping.ts,src/lib/admin/homepageFareRouteGrouping.ts,247,,Global International,es-es;fr;de-de;it-it;pt-br;nl;ar;zh-cn;ja;ko;hi;tr;pl;sv;id;th;vi,manual_review,nullish_or_boolean_fallback,unknown,false,false,false,,,"classification=manual_review; sink=none; context=marketGroup = market?.marketGroup ?? ""Global International""",fallback policy,Operational fallbacks are counted in the summary but excluded from UI issue totals.
GLV4-619,medium,manual_review,import graph routes,admin,various,static_fallback,homepageFareRouteGrouping.ts,src/lib/admin/homepageFareRouteGrouping.ts,248,,country,es-es;fr;de-de;it-it;pt-br;nl;ar;zh-cn;ja;ko;hi;tr;pl;sv;id;th;vi,manual_review,nullish_or_boolean_fallback,unknown,false,false,false,,,"classification=manual_review; sink=none; context=marketVisibility = market?.marketVisibility ?? ""country""",fallback policy,Operational fallbacks are counted in the summary but excluded from UI issue totals.
GLV4-620,medium,manual_review,import graph routes,all,various,static_fallback,auth-rate-limit.ts,src/lib/auth-rate-limit.ts,63,,unknown,es-es;fr;de-de;it-it;pt-br;nl;ar;zh-cn;ja;ko;hi;tr;pl;sv;id;th;vi,manual_review,nullish_or_boolean_fallback,unknown,false,false,false,,,"classification=manual_review; sink=none; context=return forwardedFor || request.headers.get(""x-real-ip"") || ""unknown"";",fallback policy,Operational fallbacks are counted in the summary but excluded from UI issue totals.
GLV4-621,medium,manual_review,import graph routes,all,various,static_fallback,auth.ts,src/lib/auth.ts,574,,ACTIVE,es-es;fr;de-de;it-it;pt-br;nl;ar;zh-cn;ja;ko;hi;tr;pl;sv;id;th;vi,manual_review,nullish_or_boolean_fallback,unknown,false,false,false,,,"classification=manual_review; sink=none; context=token.status =
            authUser.status ||
            ""ACTIVE""",fallback policy,Operational fallbacks are counted in the summary but excluded from UI issue totals.
GLV4-622,medium,manual_review,import graph routes,all,various,static_fallback,auth.ts,src/lib/auth.ts,646,,UNKNOWN,es-es;fr;de-de;it-it;pt-br;nl;ar;zh-cn;ja;ko;hi;tr;pl;sv;id;th;vi,manual_review,nullish_or_boolean_fallback,unknown,false,false,false,,,"classification=manual_review; sink=none; context=authMethod: token.authMethod || ""UNKNOWN""",fallback policy,Operational fallbacks are counted in the summary but excluded from UI issue totals.
GLV4-623,medium,manual_review,import graph routes,all,various,static_fallback,auth.ts,src/lib/auth.ts,646,,PRIMARY,es-es;fr;de-de;it-it;pt-br;nl;ar;zh-cn;ja;ko;hi;tr;pl;sv;id;th;vi,manual_review,nullish_or_boolean_fallback,unknown,false,false,false,,,"classification=manual_review; sink=none; context=assuranceLevel: token.assuranceLevel || ""PRIMARY""",fallback policy,Operational fallbacks are counted in the summary but excluded from UI issue totals.
GLV4-624,medium,manual_review,import graph routes,all,various,static_fallback,auth.ts,src/lib/auth.ts,683,,ACTIVE,es-es;fr;de-de;it-it;pt-br;nl;ar;zh-cn;ja;ko;hi;tr;pl;sv;id;th;vi,manual_review,nullish_or_boolean_fallback,unknown,false,false,false,,,"classification=manual_review; sink=none; context=String(
              token.status ||
                ""ACTIVE""
            )",fallback policy,Operational fallbacks are counted in the summary but excluded from UI issue totals.
GLV4-625,medium,manual_review,import graph routes,all,various,static_fallback,dealsJourneyProgress.ts,src/lib/deals/dealsJourneyProgress.ts,119,,outbound,es-es;fr;de-de;it-it;pt-br;nl;ar;zh-cn;ja;ko;hi;tr;pl;sv;id;th;vi,manual_review,nullish_or_boolean_fallback,unknown,false,false,false,,,"classification=manual_review; sink=none; context=phase = plan.flightJourney?.phase ?? ""outbound""",fallback policy,Operational fallbacks are counted in the summary but excluded from UI issue totals.
GLV4-626,medium,manual_review,import graph routes,all,various,static_fallback,dealsReviewPresentationV2.ts,src/lib/deals/dealsReviewPresentationV2.ts,118,,Baggage details unavailable,es-es;fr;de-de;it-it;pt-br;nl;ar;zh-cn;ja;ko;hi;tr;pl;sv;id;th;vi,manual_review,nullish_or_boolean_fallback,unknown,false,false,false,,,"classification=manual_review; sink=none; context=value: offer.baggageInfo || ""Baggage details unavailable""",fallback policy,Operational fallbacks are counted in the summary but excluded from UI issue totals.
GLV4-627,medium,manual_review,import graph routes,all,various,static_fallback,dealsReviewPresentationV2.ts,src/lib/deals/dealsReviewPresentationV2.ts,122,,Refund terms unavailable,es-es;fr;de-de;it-it;pt-br;nl;ar;zh-cn;ja;ko;hi;tr;pl;sv;id;th;vi,manual_review,nullish_or_boolean_fallback,unknown,false,false,false,,,"classification=manual_review; sink=none; context=value: offer.refundInfo || ""Refund terms unavailable""",fallback policy,Operational fallbacks are counted in the summary but excluded from UI issue totals.
GLV4-628,medium,manual_review,import graph routes,all,various,static_fallback,homeDiscovery.ts,src/lib/i18n/homeDiscovery.ts,46,,{{origin}} to {{destination}},es-es;fr;de-de;it-it;pt-br;nl;ar;zh-cn;ja;ko;hi;tr;pl;sv;id;th;vi,manual_review,nullish_or_boolean_fallback,unknown,false,false,false,,,"classification=manual_review; sink=none; context=template =
    dictionary.flightLandingRouteTemplate ??
    enTranslations.flightLandingRouteTemplate ??
    ""{{origin}} to {{destination}}""",fallback policy,Operational fallbacks are counted in the summary but excluded from UI issue totals.
GLV4-629,medium,manual_review,import graph routes,all,various,static_fallback,language.ts,src/lib/language.ts,118,,en-US,es-es;fr;de-de;it-it;pt-br;nl;ar;zh-cn;ja;ko;hi;tr;pl;sv;id;th;vi,manual_review,nullish_or_boolean_fallback,unknown,false,false,false,,,"classification=manual_review; sink=none; context=document.documentElement.lang = option?.locale ?? ""en-US""",fallback policy,Operational fallbacks are counted in the summary but excluded from UI issue totals.
GLV4-630,medium,manual_review,import graph routes,all,various,static_fallback,language.ts,src/lib/language.ts,119,,ltr,es-es;fr;de-de;it-it;pt-br;nl;ar;zh-cn;ja;ko;hi;tr;pl;sv;id;th;vi,manual_review,nullish_or_boolean_fallback,unknown,false,false,false,,,"classification=manual_review; sink=none; context=document.documentElement.dir = option?.direction ?? ""ltr""",fallback policy,Operational fallbacks are counted in the summary but excluded from UI issue totals.
GLV4-631,medium,manual_review,import graph routes,all,various,static_fallback,rate-limit.ts,src/lib/rate-limit.ts,27,,local,es-es;fr;de-de;it-it;pt-br;nl;ar;zh-cn;ja;ko;hi;tr;pl;sv;id;th;vi,manual_review,nullish_or_boolean_fallback,unknown,false,false,false,,,"classification=manual_review; sink=none; context=return forwarded?.split("","")[0]?.trim() || request.headers.get(""x-real-ip"") || ""local"";",fallback policy,Operational fallbacks are counted in the summary but excluded from UI issue totals.
GLV4-632,medium,manual_review,import graph routes,all,various,static_fallback,emailService.ts,src/services/emailService.ts,54,,notification,es-es;fr;de-de;it-it;pt-br;nl;ar;zh-cn;ja;ko;hi;tr;pl;sv;id;th;vi,manual_review,nullish_or_boolean_fallback,unknown,false,false,false,,,"classification=manual_review; sink=none; context=template = input.template || ""notification""",fallback policy,Operational fallbacks are counted in the summary but excluded from UI issue totals.
GLV4-633,medium,manual_review,import graph routes,all,various,static_fallback,emailService.ts,src/services/emailService.ts,130,,notification,es-es;fr;de-de;it-it;pt-br;nl;ar;zh-cn;ja;ko;hi;tr;pl;sv;id;th;vi,manual_review,nullish_or_boolean_fallback,unknown,false,false,false,,,"classification=manual_review; sink=none; context=template: input.template || ""notification""",fallback policy,Operational fallbacks are counted in the summary but excluded from UI issue totals.
GLV4-634,medium,manual_review,import graph routes,all,various,static_fallback,emailService.ts,src/services/emailService.ts,139,,notification,es-es;fr;de-de;it-it;pt-br;nl;ar;zh-cn;ja;ko;hi;tr;pl;sv;id;th;vi,manual_review,nullish_or_boolean_fallback,unknown,false,false,false,,,"classification=manual_review; sink=none; context=template: input.template || ""notification""",fallback policy,Operational fallbacks are counted in the summary but excluded from UI issue totals.
GLV4-635,medium,manual_review,import graph routes,all,various,static_fallback,emailVerificationService.ts,src/services/emailVerificationService.ts,68,,email-verification,es-es;fr;de-de;it-it;pt-br;nl;ar;zh-cn;ja;ko;hi;tr;pl;sv;id;th;vi,manual_review,nullish_or_boolean_fallback,unknown,false,false,false,,,"classification=manual_review; sink=none; context=action: input.action || ""email-verification""",fallback policy,Operational fallbacks are counted in the summary but excluded from UI issue totals.
GLV4-636,medium,manual_review,import graph routes,all,various,static_fallback,emailVerificationService.ts,src/services/emailVerificationService.ts,83,,email-verification,es-es;fr;de-de;it-it;pt-br;nl;ar;zh-cn;ja;ko;hi;tr;pl;sv;id;th;vi,manual_review,nullish_or_boolean_fallback,unknown,false,false,false,,,"classification=manual_review; sink=none; context=action: input.action || ""email-verification""",fallback policy,Operational fallbacks are counted in the summary but excluded from UI issue totals.
GLV4-637,medium,manual_review,import graph routes,all,various,static_fallback,homepageFareSnapshotService.ts,src/services/homepageFareSnapshotService.ts,861,,underfilled,es-es;fr;de-de;it-it;pt-br;nl;ar;zh-cn;ja;ko;hi;tr;pl;sv;id;th;vi,manual_review,nullish_or_boolean_fallback,unknown,false,false,false,,,"classification=manual_review; sink=none; context=reason: counts.underfillCauseByMarket[market] ?? ""underfilled""",fallback policy,Operational fallbacks are counted in the summary but excluded from UI issue totals.
GLV4-638,medium,manual_review,import graph routes,all,various,static_fallback,homepageFareSnapshotService.ts,src/services/homepageFareSnapshotService.ts,1879,,provider_failed,es-es;fr;de-de;it-it;pt-br;nl;ar;zh-cn;ja;ko;hi;tr;pl;sv;id;th;vi,manual_review,nullish_or_boolean_fallback,unknown,false,false,false,,,"classification=manual_review; sink=none; context=reason: terminalResult?.reason || ""provider_failed""",fallback policy,Operational fallbacks are counted in the summary but excluded from UI issue totals.
GLV4-639,medium,manual_review,import graph routes,all,various,static_fallback,homepageFareSnapshotService.ts,src/services/homepageFareSnapshotService.ts,3619,,GLOBAL,es-es;fr;de-de;it-it;pt-br;nl;ar;zh-cn;ja;ko;hi;tr;pl;sv;id;th;vi,manual_review,nullish_or_boolean_fallback,unknown,false,false,false,,,"classification=manual_review; sink=none; context=market: route.market ?? ""GLOBAL""",fallback policy,Operational fallbacks are counted in the summary but excluded from UI issue totals.
GLV4-640,medium,manual_review,import graph routes,all,various,static_fallback,myTripService.ts,src/services/myTripService.ts,69,,PARTNER_CONFIRMATION,es-es;fr;de-de;it-it;pt-br;nl;ar;zh-cn;ja;ko;hi;tr;pl;sv;id;th;vi,manual_review,nullish_or_boolean_fallback,unknown,false,false,false,,,"classification=manual_review; sink=none; context=source: input.source ?? ""PARTNER_CONFIRMATION""",fallback policy,Operational fallbacks are counted in the summary but excluded from UI issue totals.
GLV4-641,medium,manual_review,import graph routes,all,various,static_fallback,notificationService.ts,src/services/notificationService.ts,83,,SYSTEM,es-es;fr;de-de;it-it;pt-br;nl;ar;zh-cn;ja;ko;hi;tr;pl;sv;id;th;vi,manual_review,nullish_or_boolean_fallback,unknown,false,false,false,,,"classification=manual_review; sink=none; context=type: input.type ?? ""SYSTEM""",fallback policy,Operational fallbacks are counted in the summary but excluded from UI issue totals.
GLV4-642,medium,manual_review,import graph routes,all,various,static_fallback,priceAlertProcessor.ts,src/services/priceAlertProcessor.ts,223,,none,es-es;fr;de-de;it-it;pt-br;nl;ar;zh-cn;ja;ko;hi;tr;pl;sv;id;th;vi,manual_review,nullish_or_boolean_fallback,unknown,false,false,false,,,"classification=manual_review; sink=none; context=alert.targetPrice?.toString() ?? ""none""}:${",fallback policy,Operational fallbacks are counted in the summary but excluded from UI issue totals.
GLV4-643,medium,manual_review,import graph routes,all,various,static_fallback,priceTrackingService.ts,src/services/priceTrackingService.ts,138,,TARGET,es-es;fr;de-de;it-it;pt-br;nl;ar;zh-cn;ja;ko;hi;tr;pl;sv;id;th;vi,manual_review,nullish_or_boolean_fallback,unknown,false,false,false,,,"classification=manual_review; sink=none; context=mode = input.mode ?? ""TARGET""",fallback policy,Operational fallbacks are counted in the summary but excluded from UI issue totals.
GLV4-644,low,manual_review,import graph routes,admin,various,static_rtl_candidate,page.tsx,src/app/admin/page.tsx,113,,,ar,rtl_manual_review,none,both,false,false,true,,,"L113: physical direction or directional transform/icon may assume LTR; className=""text-slate-300 transition group-hover:translate-x-0.5 group-hover:text-indigo-700"" size={16}",rtl logical layout,1 candidate(s) in this production source; safe numeric/time/airport/price contexts filtered.
GLV4-645,low,manual_review,import graph routes,all,various,static_rtl_candidate,page.tsx,src/app/cars/page.tsx,305,,,ar,rtl_manual_review,none,both,false,false,true,,,"L305: physical direction or directional transform/icon may assume LTR; className=""pointer-events-none absolute start-1/2 top-10 -z-10 h-64 w-[min(50rem,88vw)] -translate-x-1/2 rounded-full bg-white/55 blur-3xl"" | L306: physical direction or directional transform/icon may assume LTR; className=""pointer-events-none absolute -right-28 bottom-28 -z-10 h-80 w-80 rounded-full bg-slate-200/14 blur-3xl"" | L415: physical direction or directional transform/icon may assume LTR; className=""pointer-events-none absolute -right-10 -top-12 h-28 w-28 rounded-full bg-slate-200/30 blur-3xl"" | L507: physical direction or directional transform/icon may assume LTR; className=""mt-0.5 inline-flex h-6 w-6 shrink-0 items-center justify-center rounded-full border border-slate-200 bg-white text-sm leading-none text-slate-500 shadow-sm transition group-open:rotate-45 group-open:border-[#004BB8]/25 group-open:text-[#004BB8]""
    | L1071: physical direction or directional transform/icon may assume LTR; driverAgeOpen ? ""rotate-180"" : """"}` | L1340: physical direction or directional transform/icon may assume LTR; className=""h-4 w-4 transition-transform group-hover:translate-x-0.5""
              aria-hidden=""true"" | L1498: physical direction or directional transform/icon may assume LTR; isOpen ? ""rotate-180"" : """"}` | L1605: physical direction or directional transform/icon may assume LTR; isOpen ? ""rotate-180"" : """"}`",rtl logical layout,8 candidate(s) in this production source; safe numeric/time/airport/price contexts filtered.
GLV4-646,low,manual_review,import graph routes,all,various,static_rtl_candidate,PriceAlertsContent.tsx,src/app/dashboard/alerts/PriceAlertsContent.tsx,58,,,ar,rtl_manual_review,none,both,false,false,true,,,"L58: physical direction or directional transform/icon may assume LTR; className=""absolute start-7 top-7 h-8 w-1.5 -rotate-45 rounded-full bg-[#5CB6B2]"" | L59: physical direction or directional transform/icon may assume LTR; className=""absolute start-14 top-4 h-8 w-1.5 -rotate-12 rounded-full bg-[#5CB6B2]"" | L160: physical direction or directional transform/icon may assume LTR; isSortOpen ? ""rotate-180"" : """"}`",rtl logical layout,3 candidate(s) in this production source; safe numeric/time/airport/price contexts filtered.
GLV4-647,low,manual_review,import graph routes,all,various,static_rtl_candidate,CustomizationPreferencesContent.tsx,src/app/dashboard/preferences/customization/CustomizationPreferencesContent.tsx,84,,,ar,rtl_manual_review,none,both,false,false,true,,,"L84: physical direction or directional transform/icon may assume LTR; {
            checked
              ? ""inline-block h-5 w-5 translate-x-6 rounded-full bg-slate-50 shadow-sm transition""
              : ""inline-block h-5 w-5 translate-x-1 rounded-full bg-slate-50 shadow-sm transition""
          } | L85: physical direction or directional transform/icon may assume LTR; {
            checked
              ? ""inline-block h-5 w-5 translate-x-6 rounded-full bg-slate-50 shadow-sm transition""
              : ""inline-block h-5 w-5 translate-x-1 rounded-full bg-slate-50 shadow-sm transition""
          }",rtl logical layout,2 candidate(s) in this production source; safe numeric/time/airport/price contexts filtered.
GLV4-648,low,manual_review,import graph routes,all,various,static_rtl_candidate,EmailPreferencesContent.tsx,src/app/dashboard/preferences/email/EmailPreferencesContent.tsx,98,,,ar,rtl_manual_review,none,both,false,false,true,,,"L98: physical direction or directional transform/icon may assume LTR; {
            checked
              ? ""inline-block h-5 w-5 translate-x-6 rounded-full bg-slate-50 shadow-sm transition""
              : ""inline-block h-5 w-5 translate-x-1 rounded-full bg-slate-50 shadow-sm transition""
          } | L99: physical direction or directional transform/icon may assume LTR; {
            checked
              ? ""inline-block h-5 w-5 translate-x-6 rounded-full bg-slate-50 shadow-sm transition""
              : ""inline-block h-5 w-5 translate-x-1 rounded-full bg-slate-50 shadow-sm transition""
          }",rtl logical layout,2 candidate(s) in this production source; safe numeric/time/airport/price contexts filtered.
GLV4-649,low,manual_review,import graph routes,all,various,static_rtl_candidate,DestinationCard.tsx,src/app/destinations/DestinationCard.tsx,58,,,ar,rtl_manual_review,none,both,false,false,true,,,"L58: physical direction or directional transform/icon may assume LTR; className=""absolute -right-12 -top-12 h-28 w-28 rounded-full bg-white/24 blur-2xl transition duration-500 group-hover:scale-110""",rtl logical layout,1 candidate(s) in this production source; safe numeric/time/airport/price contexts filtered.
GLV4-650,low,manual_review,import graph routes,all,various,static_rtl_candidate,page.tsx,src/app/destinations/page.tsx,564,,,ar,rtl_manual_review,none,both,false,false,true,,,"L564: physical direction or directional transform/icon may assume LTR; className=""absolute -left-20 top-12 -z-10 h-56 w-56 rounded-full bg-[#5CB6B2]/20 blur-3xl"" | L565: physical direction or directional transform/icon may assume LTR; className=""absolute -right-16 bottom-2 -z-10 h-64 w-64 rounded-full bg-[#5CB6B2]/16 blur-3xl"" | L568: physical direction or directional transform/icon may assume LTR; aria-hidden=""true""
            className=""absolute right-0 top-6 -z-10 hidden h-56 w-[42rem] text-white/25 sm:block""
            fill=""none""
            viewBox=""0 0 672 224"" | L583: physical direction or directional transform/icon may assume LTR; aria-hidden=""true""
            className=""absolute bottom-4 left-1/2 -z-10 h-32 w-[34rem] -translate-x-1/2 text-white/10""
            fill=""none""
            viewBox=""0 0 544 128""",rtl logical layout,4 candidate(s) in this production source; safe numeric/time/airport/price contexts filtered.
GLV4-651,low,manual_review,import graph routes,all,various,static_rtl_candidate,FaqContent.tsx,src/app/faq/FaqContent.tsx,53,,,ar,rtl_manual_review,none,both,false,false,true,,,"L53: physical direction or directional transform/icon may assume LTR; aria-hidden=""true""
                  className=""mt-0.5 text-base leading-none text-slate-500 transition-transform duration-200 group-open:rotate-45""",rtl logical layout,1 candidate(s) in this production source; safe numeric/time/airport/price contexts filtered.
GLV4-652,low,manual_review,import graph routes,all,various,static_rtl_candidate,page.tsx,src/app/hotels/page.tsx,398,,,ar,rtl_manual_review,none,both,false,false,true,,,"L398: physical direction or directional transform/icon may assume LTR; className=""absolute inset-y-0 left-0 w-[58%] bg-gradient-to-r from-slate-950/56 via-slate-950/20 to-transparent"" | L399: physical direction or directional transform/icon may assume LTR; className=""absolute left-0 top-0 h-[66%] w-[62%] bg-[radial-gradient(ellipse_at_22%_26%,rgba(15,23,42,0.42),rgba(15,23,42,0.18)_42%,transparent_72%)]"" | L547: physical direction or directional transform/icon may assume LTR; className=""pointer-events-none absolute -right-10 -top-12 h-28 w-28 rounded-full bg-slate-200/30 blur-3xl"" | L553: physical direction or directional transform/icon may assume LTR; className=""pointer-events-none absolute left-1.5 top-1.5 h-1.5 w-1.5 rounded-full bg-white shadow-[0_0_0_1px_rgba(129,140,248,0.18)] sm:left-2 sm:top-2 sm:h-2 sm:w-2""",rtl logical layout,4 candidate(s) in this production source; safe numeric/time/airport/price contexts filtered.
GLV4-653,low,manual_review,import graph routes,all,various,static_rtl_candidate,LegalPageContent.tsx,src/app/legal/LegalPageContent.tsx,176,,,ar,rtl_manual_review,none,both,false,false,true,,,"L176: physical direction or directional transform/icon may assume LTR; className=""mt-2 text-muted transition group-hover:translate-x-1 group-hover:text-teal-dark""
                        size={18}",rtl logical layout,1 candidate(s) in this production source; safe numeric/time/airport/price contexts filtered.
GLV4-654,low,manual_review,import graph routes,all,various,static_rtl_candidate,MoreServiceInfoContent.tsx,src/app/more-service-info/MoreServiceInfoContent.tsx,230,,,ar,rtl_manual_review,none,both,false,false,true,,,"L230: physical direction or directional transform/icon may assume LTR; aria-hidden=""true""
                    className=""mt-0.5 text-base leading-none text-muted transition-transform duration-200 group-open:rotate-45""",rtl logical layout,1 candidate(s) in this production source; safe numeric/time/airport/price contexts filtered.
GLV4-655,low,manual_review,import graph routes,all,various,static_rtl_candidate,page.tsx,src/app/page.tsx,1030,,,ar,rtl_manual_review,none,both,false,false,true,,,"L1030: physical direction or directional transform/icon may assume LTR; className=""pointer-events-none absolute inset-y-0 left-0 w-[88%] bg-gradient-to-r from-slate-950/62 via-slate-950/22 to-transparent rtl:left-auto rtl:right-0 rtl:bg-gradient-to-l sm:w-[72%] lg:w-[62%]"" | L1090: physical direction or directional transform/icon may assume LTR; type=""button""
                  aria-label={t(""homePreviousDestinations"")}
                  onClick={() => scrollDestinationsRail(""left"")}
                  className=""focus-ring absolute -left-2 top-1/2 z-10 hidden h-11 w-11 -translate-y-1/2 items-center jus | L1101: physical direction or directional transform/icon may assume LTR; type=""button""
                  aria-label={t(""homeNextDestinations"")}
                  onClick={() => scrollDestinationsRail(""right"")}
                  className=""focus-ring absolute -right-2 top-1/2 z-10 hidden h-11 w-11 -translate-y-1/2 items-center justi | L1177: physical direction or directional transform/icon may assume LTR; className=""flex w-max gap-3 pr-10"" | L1275: physical direction or directional transform/icon may assume LTR; className=""mt-3 divide-y divide-slate-200/70 md:grid md:grid-cols-3 md:gap-6 md:divide-y-0 md:[&>article+article]:border-l md:[&>article+article]:border-slate-200/70 md:[&>article+article]:pl-6 md:rtl:[&>article+article]:border-l-0 md:rtl:[&>article+article]:b | L1418: physical direction or directional transform/icon may assume LTR; columnIndex % 2 === 1 ? ""sm:border-l sm:border-slate-100"" : """"} ${ | L1418: physical direction or directional transform/icon may assume LTR; columnIndex > 0 ? ""lg:border-l lg:border-slate-100"" : """"}` | L1439: physical direction or directional transform/icon may assume LTR; className=""min-w-0 flex-1 pr-8""",rtl logical layout,17 candidate(s) in this production source; safe numeric/time/airport/price contexts filtered.
GLV4-656,low,manual_review,import graph routes,all,various,static_rtl_candidate,ServiceGuaranteeContent.tsx,src/app/service-guarantee/ServiceGuaranteeContent.tsx,89,,,ar,rtl_manual_review,none,both,false,false,true,,,"L89: physical direction or directional transform/icon may assume LTR; aria-hidden=""true""
                      className=""mt-0.5 text-base leading-none text-muted transition-transform duration-200 group-open:rotate-45""",rtl logical layout,1 candidate(s) in this production source; safe numeric/time/airport/price contexts filtered.
GLV4-657,low,manual_review,import graph routes,all,various,static_rtl_candidate,SupportContent.tsx,src/app/support/SupportContent.tsx,138,,,ar,rtl_manual_review,none,both,false,false,true,,,"L138: physical direction or directional transform/icon may assume LTR; aria-hidden=""true""
                      className=""mt-0.5 text-base leading-none text-muted transition-transform duration-200 group-open:rotate-45""",rtl logical layout,1 candidate(s) in this production source; safe numeric/time/airport/price contexts filtered.
GLV4-658,low,manual_review,import graph routes,admin,various,static_rtl_candidate,AdminPageShellHistorical.tsx,src/components/admin/AdminPageShellHistorical.tsx,39,,,ar,rtl_manual_review,none,both,false,false,true,,,"L39: physical direction or directional transform/icon may assume LTR; className=""min-w-0 border-l border-slate-200 bg-slate-100"" | L130: physical direction or directional transform/icon may assume LTR; className=""pointer-events-none absolute left-3 top-1/2 -translate-y-1/2 text-slate-400"" size={16} | L134: physical direction or directional transform/icon may assume LTR; type=""search""
              placeholder=""Search users, searches, providers...""
              className=""h-10 w-full rounded-xl border border-slate-200 bg-slate-50 pl-9 pr-3 text-sm font-medium outline-none transition placeholder:text-slate-400 focus:border-ind | L175: physical direction or directional transform/icon may assume LTR; className=""absolute right-0 mt-2 w-64 overflow-hidden rounded-2xl border border-slate-200 bg-white py-2 shadow-xl""",rtl logical layout,4 candidate(s) in this production source; safe numeric/time/airport/price contexts filtered.
GLV4-659,low,manual_review,import graph routes,all,various,static_rtl_candidate,DashboardGrid.tsx,src/components/dashboard/DashboardGrid.tsx,232,,,ar,rtl_manual_review,none,both,false,false,true,,,"L232: physical direction or directional transform/icon may assume LTR; className=""absolute start-1/2 top-5 h-36 w-36 -translate-x-1/2 rounded-full bg-teal/10"" | L233: physical direction or directional transform/icon may assume LTR; className=""absolute bottom-4 start-1/2 h-8 w-[19rem] -translate-x-1/2 rounded-[100%] bg-navy/5 blur-sm"" | L367: physical direction or directional transform/icon may assume LTR; className=""size-[18px] shrink-0 text-slate-400 transition group-hover/row:translate-x-0.5""
        strokeWidth={2}
        aria-hidden=""true"" | L2179: physical direction or directional transform/icon may assume LTR; className=""pointer-events-none absolute bottom-full right-0 mb-3 rounded-full border border-slate-200 bg-white px-3 py-1.5 text-sm font-medium text-slate-700 shadow-lg""
                role=""status""
                aria-live=""polite"" | L3140: physical direction or directional transform/icon may assume LTR; {cn(
          ""pointer-events-none fixed bottom-5 left-1/2 z-50 -translate-x-1/2 rounded-full border border-slate-200 bg-white px-4 py-2 text-sm font-medium text-slate-700 shadow-lg transition-all duration-200 sm:left-auto sm:right-6 sm:translate-x-0"",
       | L3258: physical direction or directional transform/icon may assume LTR; type=""button""
                            aria-label={`Remove ${session.deviceLabel || ""device""} device record`}
                            disabled={removingSessionId === session.id}
                            onClick={() => setConfirmingSessionRemovalId(se",rtl logical layout,6 candidate(s) in this production source; safe numeric/time/airport/price contexts filtered.
GLV4-660,low,manual_review,import graph routes,all,various,static_rtl_candidate,FaqAccordion.tsx,src/components/faq/FaqAccordion.tsx,56,,,ar,rtl_manual_review,none,both,false,false,true,,,"L56: physical direction or directional transform/icon may assume LTR; aria-hidden=""true""
                className=""h-4 w-4 transition-transform duration-200 group-open:rotate-180""",rtl logical layout,1 candidate(s) in this production source; safe numeric/time/airport/price contexts filtered.
GLV4-661,low,manual_review,import graph routes,all,various,static_rtl_candidate,FlightLandingClient.tsx,src/components/flights/FlightLandingClient.tsx,400,,,ar,rtl_manual_review,none,both,false,false,true,,,"L400: physical direction or directional transform/icon may assume LTR; className=""h-4 w-4 shrink-0 stroke-[2.4] transition duration-200 group-hover:translate-x-0.5"" | L436: physical direction or directional transform/icon may assume LTR; className=""absolute bottom-3 left-3 right-3 sm:bottom-4 sm:left-4 sm:right-4"" | L613: physical direction or directional transform/icon may assume LTR; className=""divide-y divide-slate-200/70 sm:grid sm:grid-cols-3 sm:gap-5 sm:divide-y-0 sm:[&>article+article]:border-s sm:[&>article+article]:border-slate-200/70 sm:[&>article+article]:pl-5"" | L674: physical direction or directional transform/icon may assume LTR; className=""flex w-max gap-3 pr-10""",rtl logical layout,4 candidate(s) in this production source; safe numeric/time/airport/price contexts filtered.
GLV4-662,low,manual_review,import graph routes,all,various,static_rtl_candidate,PackagesIcon.tsx,src/components/icons/PackagesIcon.tsx,22,,,ar,rtl_manual_review,none,both,false,false,true,,,"L22: physical direction or directional transform/icon may assume LTR; aria-hidden=""true"" className=""absolute bottom-0 left-0 h-[58%] w-[58%] -rotate-12"" strokeWidth={strokeWidth ?? 2} | L23: physical direction or directional transform/icon may assume LTR; aria-hidden=""true"" className=""absolute bottom-0 right-0 h-1/2 w-1/2"" strokeWidth={strokeWidth ?? 2}",rtl logical layout,2 candidate(s) in this production source; safe numeric/time/airport/price contexts filtered.
GLV4-663,low,manual_review,import graph routes,all,various,static_rtl_candidate,AppHeader.tsx,src/components/layout/AppHeader.tsx,1469,,,ar,rtl_manual_review,none,both,false,false,true,,,"L1469: physical direction or directional transform/icon may assume LTR; size={18}
                                  className=""ml-auto shrink-0 text-slate-400 transition-colors group-hover:text-[#004BB8]""
                                  aria-hidden=""true""",rtl logical layout,1 candidate(s) in this production source; safe numeric/time/airport/price contexts filtered.
GLV4-664,low,manual_review,import graph routes,all,various,static_rtl_candidate,BrandedLoading.tsx,src/components/layout/BrandedLoading.tsx,143,,,ar,rtl_manual_review,none,both,false,false,true,,,"L143: physical direction or directional transform/icon may assume LTR; className=""absolute -left-20 top-12 h-44 w-44 rounded-full bg-[#5CB6B2]/[0.06] blur-3xl"" | L144: physical direction or directional transform/icon may assume LTR; className=""absolute -right-24 bottom-4 h-52 w-52 rounded-full bg-[#004BB8]/[0.05] blur-3xl""",rtl logical layout,2 candidate(s) in this production source; safe numeric/time/airport/price contexts filtered.
GLV4-665,low,manual_review,import graph routes,all,various,static_rtl_candidate,StagingDeploymentBadge.tsx,src/components/layout/StagingDeploymentBadge.tsx,10,,,ar,rtl_manual_review,none,both,false,false,true,,,"L10: physical direction or directional transform/icon may assume LTR; aria-label=""Staging deployment""
      className=""fixed bottom-3 right-3 z-50 max-w-[calc(100vw-1.5rem)] rounded-lg border border-violet-300 bg-violet-950/95 px-3 py-2 text-[11px] leading-4 text-violet-50 shadow-lg backdrop-blur""
      data-staging-build=""curre",rtl logical layout,1 candidate(s) in this production source; safe numeric/time/airport/price contexts filtered.
GLV4-666,low,manual_review,import graph routes,all,various,static_rtl_candidate,AirlinePreferenceMultiSelect.tsx,src/components/preferences/AirlinePreferenceMultiSelect.tsx,283,,,ar,rtl_manual_review,none,both,false,false,true,,,"L283: physical direction or directional transform/icon may assume LTR; className=""absolute left-0 top-full z-20 -mt-px max-h-44 w-full overflow-auto overflow-x-hidden rounded-none border border-slate-200 bg-white shadow-xl sm:max-h-72""",rtl logical layout,1 candidate(s) in this production source; safe numeric/time/airport/price contexts filtered.
GLV4-667,low,manual_review,import graph routes,all,various,static_rtl_candidate,AirportPreferenceSelect.tsx,src/components/preferences/AirportPreferenceSelect.tsx,272,,,ar,rtl_manual_review,none,both,false,false,true,,,"L272: physical direction or directional transform/icon may assume LTR; id={listboxId}
            role=""listbox""
            className=""absolute left-0 top-full z-20 -mt-px max-h-44 w-full overflow-auto rounded-none border border-slate-200 bg-white p-1.5 shadow-xl sm:max-h-72""",rtl logical layout,1 candidate(s) in this production source; safe numeric/time/airport/price contexts filtered.
GLV4-668,low,manual_review,import graph routes,all,various,static_rtl_candidate,CarDetailsClient.tsx,src/components/results/CarDetailsClient.tsx,57,,,ar,rtl_manual_review,none,both,false,false,true,,,"L57: full-text dir=ltr requires Arabic review; className=""mt-3 overflow-hidden text-ellipsis whitespace-nowrap text-xl font-extrabold tabular-nums text-[#102A43] sm:text-2xl"" dir=""ltr"" title={total.title} aria-label={total.ariaLabel} | L57: full-text dir=ltr requires Arabic review; className=""mt-1 overflow-hidden text-ellipsis whitespace-nowrap text-sm tabular-nums text-slate-600"" dir=""ltr"" title={daily.title} aria-label={daily.ariaLabel}",rtl logical layout,2 candidate(s) in this production source; safe numeric/time/airport/price contexts filtered.
GLV4-669,low,manual_review,import graph routes,all,various,static_rtl_candidate,CarsResultsClient.tsx,src/components/results/CarsResultsClient.tsx,1531,,,ar,rtl_manual_review,none,both,false,false,true,,,"L1531: physical direction or directional transform/icon may assume LTR; cn(
                          ""shrink-0 transition-transform duration-150"",
                          carsSortOpen && ""rotate-180"",
                        ) | L1777: physical direction or directional transform/icon may assume LTR; {cn(fieldInputClass, ""pr-8"")} | L1874: physical direction or directional transform/icon may assume LTR; cn(
            ""h-4 w-4 shrink-0 text-slate-500 transition-transform"",
            isOpen && ""rotate-180"",
          ) | L2072: physical direction or directional transform/icon may assume LTR; cn(
            ""h-4 w-4 shrink-0 text-slate-500 transition-transform"",
            isOpen && ""rotate-180"",
          ) | L2170: physical direction or directional transform/icon may assume LTR; cn(
            ""h-4 w-4 shrink-0 text-slate-500 transition-transform"",
            isOpen && ""rotate-180"",
          ) | L2401: physical direction or directional transform/icon may assume LTR; cn(
                ""h-3.5 w-3.5 text-slate-500 transition duration-200 motion-reduce:transition-none group-hover:text-[#004BB8]"",
                compactOpen && ""rotate-180 text-[#004BB8]"",
              )",rtl logical layout,6 candidate(s) in this production source; safe numeric/time/airport/price contexts filtered.
GLV4-670,low,manual_review,import graph routes,all,various,static_rtl_candidate,DesktopFlightFilters.tsx,src/components/results/DesktopFlightFilters.tsx,247,,,ar,rtl_manual_review,none,both,false,false,true,,,"L247: physical direction or directional transform/icon may assume LTR; cn(""h-3.5 w-3.5 transition"", showAllAirlines && ""rotate-180"") | L273: physical direction or directional transform/icon may assume LTR; cn(""h-4 w-4 text-slate-500 transition"", isOpen && ""rotate-180 text-[#004BB8]"")",rtl logical layout,2 candidate(s) in this production source; safe numeric/time/airport/price contexts filtered.
GLV4-671,low,manual_review,import graph routes,all,various,static_rtl_candidate,FlightCard.tsx,src/components/results/FlightCard.tsx,178,,,ar,rtl_manual_review,none,both,false,false,true,,,"L178: full-text dir=ltr requires Arabic review; className=""mt-0.5 truncate text-sm font-medium leading-5 text-[#536B92]""
                    dir=""ltr"" | L301: full-text dir=ltr requires Arabic review; className=""truncate text-xs font-medium text-slate-600""
              dir=""ltr"" | L311: full-text dir=ltr requires Arabic review; className=""text-base font-semibold leading-5 tracking-[-0.02em] text-slate-950 sm:text-[17px]""
                dir=""ltr"" | L317: full-text dir=ltr requires Arabic review; className=""mt-0.5 truncate text-xs font-medium text-slate-600""
                dir=""ltr"" | L343: full-text dir=ltr requires Arabic review; className=""text-base font-semibold leading-5 tracking-[-0.02em] text-slate-950 sm:text-[17px]""
                dir=""ltr"" | L349: full-text dir=ltr requires Arabic review; className=""mt-0.5 truncate text-xs font-medium text-slate-600""
                dir=""ltr"" | L396: full-text dir=ltr requires Arabic review; className=""mt-1 text-sm font-bold leading-5 text-[#07133B]""
            dir=""ltr"" | L441: full-text dir=ltr requires Arabic review; className=""mt-1 truncate text-sm font-bold leading-5 text-[#07133B]""
            dir=""ltr""",rtl logical layout,11 candidate(s) in this production source; safe numeric/time/airport/price contexts filtered.
GLV4-672,low,manual_review,import graph routes,all,various,static_rtl_candidate,FlightResultsClient.tsx,src/components/results/FlightResultsClient.tsx,4632,,,ar,rtl_manual_review,none,both,false,false,true,,,"L4632: physical direction or directional transform/icon may assume LTR; cn(
                      ""h-4 w-4 text-slate-500 transition-transform"",
                      tripTypeMenuOpen && ""rotate-180"",
                    ) | L4921: physical direction or directional transform/icon may assume LTR; cn(
                        ""h-4 w-4 shrink-0 text-slate-500 transition-transform"",
                        travelerPopoverOpen && ""rotate-180"",
                      ) | L5281: physical direction or directional transform/icon may assume LTR; {cn(compactSectionClass, ""border-r border-slate-200/85"")} | L5300: physical direction or directional transform/icon may assume LTR; {cn(compactSectionClass, ""border-r border-slate-200/85"")} | L5314: physical direction or directional transform/icon may assume LTR; {cn(compactSectionClass, ""border-r border-slate-200/85"")} | L5344: physical direction or directional transform/icon may assume LTR; const panelFieldClass =
      ""group relative flex min-h-[58px] min-w-0 flex-col justify-center border-r border-slate-200/80 bg-white/90 px-3 py-1.5 text-start transition-colors hover:bg-white focus-within:z-10 focus-within:bg-white focus-within:ring-2 focus-w | L5510: physical direction or directional transform/icon may assume LTR; type=""button""
                    aria-label={t(""swapOriginDestination"")}
                    onClick={(event) => {
                      event.stopPropagation();
                      handleSwapLocations();
                    }}
                    className | L6686: physical direction or directional transform/icon may assume LTR; cn(
              ""h-3.5 w-3.5 shrink-0 text-slate-500 transition-transform"",
              menuOpen && ""rotate-180"",
            )",rtl logical layout,16 candidate(s) in this production source; safe numeric/time/airport/price contexts filtered.
GLV4-673,low,manual_review,import graph routes,all,various,static_rtl_candidate,HotelCard.tsx,src/components/results/HotelCard.tsx,492,,,ar,rtl_manual_review,none,both,false,false,true,,,"L492: physical direction or directional transform/icon may assume LTR; {
              isSaved
                ? ""absolute right-2 top-2 z-20 flex min-h-10 min-w-10 items-center justify-center rounded-full border border-rose-200 bg-white/95 text-rose-600 shadow-lg transition hover:bg-white focus-visible:outline focus-visible:outl | L493: physical direction or directional transform/icon may assume LTR; {
              isSaved
                ? ""absolute right-2 top-2 z-20 flex min-h-10 min-w-10 items-center justify-center rounded-full border border-rose-200 bg-white/95 text-rose-600 shadow-lg transition hover:bg-white focus-visible:outline focus-visible:outl | L523: physical direction or directional transform/icon may assume LTR; className=""absolute bottom-2 right-2 rounded-full bg-slate-950/75 px-2.5 py-1 text-xs font-semibold text-white shadow-lg ring-1 ring-white/30""",rtl logical layout,3 candidate(s) in this production source; safe numeric/time/airport/price contexts filtered.
GLV4-674,low,manual_review,import graph routes,all,various,static_rtl_candidate,HotelResultsClient.tsx,src/components/results/HotelResultsClient.tsx,1472,,,ar,rtl_manual_review,none,both,false,false,true,,,"L1472: physical direction or directional transform/icon may assume LTR; const compactSectionClass =
      ""focus-ring flex h-[56px] min-w-0 items-center gap-2.5 border-r border-slate-200/85 px-3 text-start transition-colors hover:bg-slate-50/80 focus-visible:bg-slate-50/90"" | L1956: physical direction or directional transform/icon may assume LTR; ref={hotelSortTriggerRef}
                          type=""button""
                          aria-haspopup=""listbox""
                          aria-expanded={hotelSortMenuOpen}
                          aria-controls=""hotel-results-sort-menu""
                   | L1964: physical direction or directional transform/icon may assume LTR; cn(
                              ""h-4 w-4 text-slate-700 transition-transform sm:h-[18px] sm:w-[18px]"",
                              hotelSortMenuOpen && ""rotate-180"",
                            ) | L1976: physical direction or directional transform/icon may assume LTR; ref={hotelSortMenuRef}
                            id=""hotel-results-sort-menu""
                            role=""listbox""
                            aria-label={t(""sortBy"") || ""Sort by""}
                            className=""absolute right-0 top-[calc(100%+ | L2941: physical direction or directional transform/icon may assume LTR; cn(
              ""h-3.5 w-3.5 text-slate-500 transition duration-200 motion-reduce:transition-none group-hover:text-[#004BB8]"",
              expanded && ""rotate-180 text-[#004BB8]"",
            )",rtl logical layout,5 candidate(s) in this production source; safe numeric/time/airport/price contexts filtered.
GLV4-675,low,manual_review,import graph routes,all,various,static_rtl_candidate,DealsCarPreviewCard.tsx,src/components/results/deals/DealsCarPreviewCard.tsx,157,,,ar,rtl_manual_review,none,both,false,false,true,,,"L157: full-text dir=ltr requires Arabic review; className=""text-2xl font-extrabold text-[#004BB8]""
            dir=""ltr""
            aria-label={total.ariaLabel}",rtl logical layout,1 candidate(s) in this production source; safe numeric/time/airport/price contexts filtered.
GLV4-676,low,manual_review,import graph routes,all,various,static_rtl_candidate,DealsFlightJourneyV2.tsx,src/components/results/deals/DealsFlightJourneyV2.tsx,1179,,,ar,rtl_manual_review,none,both,false,false,true,,,"L1179: physical direction or directional transform/icon may assume LTR; className=""ml-3 text-lg font-extrabold""",rtl logical layout,1 candidate(s) in this production source; safe numeric/time/airport/price contexts filtered.
GLV4-677,low,manual_review,import graph routes,all,various,static_rtl_candidate,DealsFlightPreviewCard.tsx,src/components/results/deals/DealsFlightPreviewCard.tsx,20,,,ar,rtl_manual_review,none,both,false,false,true,,,"L20: full-text dir=ltr requires Arabic review; dir=""ltr"" className=""mt-1 font-extrabold""",rtl logical layout,1 candidate(s) in this production source; safe numeric/time/airport/price contexts filtered.
GLV4-678,low,manual_review,import graph routes,all,various,static_rtl_candidate,DealsHandoffStepCard.tsx,src/components/results/deals/DealsHandoffStepCard.tsx,107,,,ar,rtl_manual_review,none,both,false,false,true,,,"L107: full-text dir=ltr requires Arabic review; dir=""ltr""
                className=""mt-2 text-2xl font-semibold leading-8 tracking-wide text-slate-900"" | L194: physical direction or directional transform/icon may assume LTR; className=""min-w-0 border-t border-slate-200 pt-5 lg:border-l lg:border-t-0 lg:pl-6 lg:pt-0"" | L209: full-text dir=ltr requires Arabic review; dir=""ltr"" className=""inline-block whitespace-nowrap"" | L217: full-text dir=ltr requires Arabic review; dir=""ltr""
                    className=""whitespace-nowrap font-medium tabular-nums""",rtl logical layout,4 candidate(s) in this production source; safe numeric/time/airport/price contexts filtered.
GLV4-679,low,manual_review,import graph routes,all,various,static_rtl_candidate,DealsHandoffSummary.tsx,src/components/results/deals/DealsHandoffSummary.tsx,37,,,ar,rtl_manual_review,none,both,false,false,true,,,"L37: full-text dir=ltr requires Arabic review; className=""mt-1 break-words text-2xl font-bold tracking-tight tabular-nums text-slate-950"" dir=""ltr""",rtl logical layout,1 candidate(s) in this production source; safe numeric/time/airport/price contexts filtered.
GLV4-680,low,manual_review,import graph routes,all,various,static_rtl_candidate,DealsJourneyBreadcrumbs.tsx,src/components/results/deals/DealsJourneyBreadcrumbs.tsx,71,,,ar,rtl_manual_review,none,both,false,false,true,,,"L71: physical direction or directional transform/icon may assume LTR; aria-hidden
                  className=""mx-1 size-3.5 shrink-0 text-slate-400 rtl:rotate-180""",rtl logical layout,1 candidate(s) in this production source; safe numeric/time/airport/price contexts filtered.
GLV4-681,low,manual_review,import graph routes,all,various,static_rtl_candidate,DealsPackageFlightSummary.tsx,src/components/results/deals/DealsPackageFlightSummary.tsx,25,,,ar,rtl_manual_review,none,both,false,false,true,,,"L25: full-text dir=ltr requires Arabic review; className=""break-words text-base font-semibold leading-6 text-slate-950"" dir=""ltr""",rtl logical layout,1 candidate(s) in this production source; safe numeric/time/airport/price contexts filtered.
GLV4-682,low,manual_review,import graph routes,all,various,static_rtl_candidate,DealsPackageResultsToolbar.tsx,src/components/results/deals/DealsPackageResultsToolbar.tsx,218,,,ar,rtl_manual_review,none,both,false,false,true,,,"L218: physical direction or directional transform/icon may assume LTR; cn(
                ""h-4 w-4 text-slate-700 transition-transform sm:h-[18px] sm:w-[18px]"",
                sortMenuOpen && ""rotate-180"",
              ) | L229: physical direction or directional transform/icon may assume LTR; id={sortMenuId}
              role=""listbox""
              aria-label={t(""deals.results.tripOptions.sort"")}
              className=""absolute right-0 top-[calc(100%+0.5rem)] z-50 min-w-[190px] max-w-[calc(100vw-2rem)] overflow-hidden rounded-xl border border-s",rtl logical layout,2 candidate(s) in this production source; safe numeric/time/airport/price contexts filtered.
GLV4-683,low,manual_review,import graph routes,all,various,static_rtl_candidate,DealsResultsBreadcrumbs.tsx,src/components/results/deals/DealsResultsBreadcrumbs.tsx,7,,,ar,rtl_manual_review,none,both,false,false,true,,,"L7: physical direction or directional transform/icon may assume LTR; className=""text-slate-300 rtl:rotate-180"" aria-hidden=""true"" | L9: physical direction or directional transform/icon may assume LTR; className=""text-slate-300 rtl:rotate-180"" aria-hidden=""true""",rtl logical layout,2 candidate(s) in this production source; safe numeric/time/airport/price contexts filtered.
GLV4-684,low,manual_review,import graph routes,all,various,static_rtl_candidate,DealsReviewItemCard.tsx,src/components/results/deals/DealsReviewItemCard.tsx,85,,,ar,rtl_manual_review,none,both,false,false,true,,,"L85: full-text dir=ltr requires Arabic review; dir=""ltr""
            className=""mt-1 whitespace-nowrap text-sm font-bold tabular-nums text-slate-700""
            aria-label={converted.ariaLabel}",rtl logical layout,1 candidate(s) in this production source; safe numeric/time/airport/price contexts filtered.
GLV4-685,low,manual_review,import graph routes,all,various,static_rtl_candidate,DealsReviewJourneyV2.tsx,src/components/results/deals/DealsReviewJourneyV2.tsx,137,,,ar,rtl_manual_review,none,both,false,false,true,,,"L137: full-text dir=ltr requires Arabic review; className=""text-xl font-extrabold"" dir=""ltr""",rtl logical layout,1 candidate(s) in this production source; safe numeric/time/airport/price contexts filtered.
GLV4-686,low,manual_review,import graph routes,all,various,static_rtl_candidate,DealsReviewSummary.tsx,src/components/results/deals/DealsReviewSummary.tsx,9,,,ar,rtl_manual_review,none,both,false,false,true,,,"L9: full-text dir=ltr requires Arabic review; dir=""ltr"" className=""mt-1 text-2xl font-extrabold tabular-nums text-slate-950""",rtl logical layout,1 candidate(s) in this production source; safe numeric/time/airport/price contexts filtered.
GLV4-687,low,manual_review,import graph routes,all,various,static_rtl_candidate,HotelDetailsGallery.tsx,src/components/results/hotelDetails/HotelDetailsGallery.tsx,133,,,ar,rtl_manual_review,none,both,false,false,true,,,"L133: physical direction or directional transform/icon may assume LTR; if (event.key === ""ArrowLeft"") {
      event.preventDefault();
      onPrevious();
    } else if (event.key === ""ArrowRight"") {
      event.preventDefault();
      onNext();
    } | L136: physical direction or directional transform/icon may assume LTR; if (event.key === ""ArrowRight"") {
      event.preventDefault();
      onNext();
    } | L190: physical direction or directional transform/icon may assume LTR; className=""absolute bottom-3 right-3 rounded-full bg-slate-950/75 px-3 py-1 text-xs font-semibold text-white"" | L195: physical direction or directional transform/icon may assume LTR; type=""button""
              className=""focus-ring absolute bottom-3 left-3 inline-flex min-h-11 items-center gap-2 rounded-full bg-surface/95 px-3 text-xs font-semibold text-navy shadow-md hover:bg-surface""
              onClick={(event) => openViewer(event.cu",rtl logical layout,4 candidate(s) in this production source; safe numeric/time/airport/price contexts filtered.
GLV4-688,low,manual_review,import graph routes,all,various,static_rtl_candidate,HotelDetailsGalleryDialog.tsx,src/components/results/hotelDetails/HotelDetailsGalleryDialog.tsx,90,,,ar,rtl_manual_review,none,both,false,false,true,,,"L90: physical direction or directional transform/icon may assume LTR; event.key === ""ArrowLeft"" && keyboardHandlersRef.current.usableCount > 1 | L95: physical direction or directional transform/icon may assume LTR; event.key === ""ArrowRight"" && keyboardHandlersRef.current.usableCount > 1 | L190: physical direction or directional transform/icon may assume LTR; variant=""secondary"" size=""lg"" className=""absolute left-1 top-1/2 -translate-y-1/2 shadow-lg sm:left-4"" aria-label={previousPhotoLabel} onClick={onPrevious} | L193: physical direction or directional transform/icon may assume LTR; variant=""secondary"" size=""lg"" className=""absolute right-1 top-1/2 -translate-y-1/2 shadow-lg sm:right-4"" aria-label={nextPhotoLabel} onClick={onNext} | L198: physical direction or directional transform/icon may assume LTR; className=""absolute bottom-2 left-1/2 -translate-x-1/2 rounded-full bg-slate-950/80 px-3 py-1 text-xs font-semibold""",rtl logical layout,5 candidate(s) in this production source; safe numeric/time/airport/price contexts filtered.
GLV4-689,low,manual_review,import graph routes,all,various,static_rtl_candidate,SavedRecentContent.tsx,src/components/saved/SavedRecentContent.tsx,31,,,ar,rtl_manual_review,none,both,false,false,true,,,"L31: physical direction or directional transform/icon may assume LTR; className=""ml-auto text-sm font-semibold text-red-700"" onClick={() => void clearRecent()}",rtl logical layout,1 candidate(s) in this production source; safe numeric/time/airport/price contexts filtered.
GLV4-690,low,manual_review,import graph routes,all,various,static_rtl_candidate,DealsSearchForm.tsx,src/components/search/DealsSearchForm.tsx,3216,,,ar,rtl_manual_review,none,both,false,false,true,,,"L3216: physical direction or directional transform/icon may assume LTR; travelersOpen ? ""rotate-180"" : """"} ${ | L3257: physical direction or directional transform/icon may assume LTR; cabinOpen ? ""rotate-180"" : """"} ${ | L3365: physical direction or directional transform/icon may assume LTR; event.key === ""ArrowRight""
                        ? 1
                        : event.key === ""ArrowLeft""
                          ? -1
                          : 0 | L3367: physical direction or directional transform/icon may assume LTR; event.key === ""ArrowLeft""
                          ? -1
                          : 0 | L3697: physical direction or directional transform/icon may assume LTR; [
                            ""ArrowRight"",
                            ""ArrowLeft"",
                            ""ArrowDown"",
                            ""ArrowUp"",
                          ].includes | L3698: physical direction or directional transform/icon may assume LTR; [
                            ""ArrowRight"",
                            ""ArrowLeft"",
                            ""ArrowDown"",
                            ""ArrowUp"",
                          ].includes | L3950: physical direction or directional transform/icon may assume LTR; className=""relative z-10 -my-2 flex h-4 items-center justify-center lg:my-0 lg:h-auto lg:before:absolute lg:before:left-1/2 lg:before:top-3 lg:before:h-[calc(100%-1.5rem)] lg:before:w-px lg:before:-translate-x-1/2 lg:before:bg-slate-200/90""",rtl logical layout,7 candidate(s) in this production source; safe numeric/time/airport/price contexts filtered.
GLV4-691,low,manual_review,import graph routes,all,various,static_rtl_candidate,FlightMobilePickerShell.tsx,src/components/search/FlightMobilePickerShell.tsx,411,,,ar,rtl_manual_review,none,both,false,false,true,,,"L411: physical direction or directional transform/icon may assume LTR; className=""h-4 w-4 rtl:rotate-180"" aria-hidden=""true""",rtl logical layout,1 candidate(s) in this production source; safe numeric/time/airport/price contexts filtered.
GLV4-692,low,manual_review,import graph routes,all,various,static_rtl_candidate,HotelSearchBar.tsx,src/components/search/HotelSearchBar.tsx,1287,,,ar,rtl_manual_review,none,both,false,false,true,,,"L1287: physical direction or directional transform/icon may assume LTR; cn(
                          ""shrink-0 text-slate-500 transition-transform"",
                          destinationMobilePickerOpen && ""rotate-180"",
                        ) | L1594: physical direction or directional transform/icon may assume LTR; guestsRoomsOpen ? ""rotate-180"" : """"
                  }` | L1743: physical direction or directional transform/icon may assume LTR; hotelPetFriendly
                                  ? ""translate-x-5""
                                  : ""translate-x-0.5""
                              }` | L1744: physical direction or directional transform/icon may assume LTR; hotelPetFriendly
                                  ? ""translate-x-5""
                                  : ""translate-x-0.5""
                              }`",rtl logical layout,4 candidate(s) in this production source; safe numeric/time/airport/price contexts filtered.
GLV4-693,low,manual_review,import graph routes,all,various,static_rtl_candidate,RecentSearches.tsx,src/components/search/RecentSearches.tsx,217,,,ar,rtl_manual_review,none,both,false,false,true,,,"L217: physical direction or directional transform/icon may assume LTR; className=""absolute right-2 top-2 flex items-center gap-1.5""",rtl logical layout,1 candidate(s) in this production source; safe numeric/time/airport/price contexts filtered.
GLV4-694,low,manual_review,import graph routes,all,various,static_rtl_candidate,SearchTabs.tsx,src/components/search/SearchTabs.tsx,476,,,ar,rtl_manual_review,none,both,false,false,true,,,"L476: physical direction or directional transform/icon may assume LTR; cn(""h-4 w-4 shrink-0 text-slate-500 transition-transform"", open && ""rotate-180"") | L2719: physical direction or directional transform/icon may assume LTR; data-testid=""mobile-homepage-product-tabs-breakout""
      className=""relative left-1/2 w-[calc(100%+28px)] -translate-x-1/2 sm:static sm:w-full sm:translate-x-0"" | L2801: physical direction or directional transform/icon may assume LTR; [""ArrowRight"", ""ArrowLeft"", ""ArrowDown"", ""ArrowUp""].includes | L2801: physical direction or directional transform/icon may assume LTR; [""ArrowRight"", ""ArrowLeft"", ""ArrowDown"", ""ArrowUp""].includes | L2900: physical direction or directional transform/icon may assume LTR; cn(""h-4 w-4 shrink-0 text-slate-500 transition-transform"", travelersMenuOpen && ""rotate-180"") | L3127: physical direction or directional transform/icon may assume LTR; event.key !== ""ArrowRight"" &&
                            event.key !== ""ArrowLeft"" | L3128: physical direction or directional transform/icon may assume LTR; event.key !== ""ArrowRight"" &&
                            event.key !== ""ArrowLeft"" | L3190: physical direction or directional transform/icon may assume LTR; cn(
                        ""h-4 w-4 text-slate-500 transition-transform"",
                        tripTypeOpen &&
                          ""rotate-180""
                      )",rtl logical layout,13 candidate(s) in this production source; safe numeric/time/airport/price contexts filtered.
GLV4-695,low,manual_review,import graph routes,all,various,static_rtl_candidate,StandaloneFlightSearchForm.tsx,src/components/search/StandaloneFlightSearchForm.tsx,1470,,,ar,rtl_manual_review,none,both,false,false,true,,,"L1470: physical direction or directional transform/icon may assume LTR; event.key !== ""ArrowRight"" &&
                  event.key !== ""ArrowLeft"" | L1471: physical direction or directional transform/icon may assume LTR; event.key !== ""ArrowRight"" &&
                  event.key !== ""ArrowLeft"" | L1561: physical direction or directional transform/icon may assume LTR; className=""relative z-10 -my-2 flex h-4 items-center justify-center lg:my-0 lg:h-auto lg:before:absolute lg:before:left-1/2 lg:before:top-3 lg:before:h-[calc(100%-1.5rem)] lg:before:w-px lg:before:-translate-x-1/2 lg:before:bg-slate-200/90"" | L1742: physical direction or directional transform/icon may assume LTR; cn(
                  ""h-4 w-4 shrink-0 text-slate-500 transition-transform"",
                  travelersOpen && ""rotate-180"",
                ) | L1778: physical direction or directional transform/icon may assume LTR; className=""mr-2 hidden h-4 w-4 sm:inline""
              aria-hidden=""true""",rtl logical layout,5 candidate(s) in this production source; safe numeric/time/airport/price contexts filtered.
GLV4-696,low,manual_review,saved/recent-searches,validation_only,not_applicable,test_only,saved/search-history source-shape assertions,src/lib/__tests__/language.test.ts,1,,,vi;pl;id;sv,stale_or_source_shape_language_test,unreachable_or_test_only,test_only,false,false,false,,,5 failing assertion(s): Expected exact t(…) and aria-label source snippets that were refactored.,language test maintenance,Excluded from production localization counts; application/test files were not changed by this report-only audit.
GLV4-697,low,manual_review,dashboard/preferences,validation_only,not_applicable,test_only,account preference composition/layout assertions,src/lib/__tests__/language.test.ts,1,,,th;pl;id;vi;sv,stale_or_source_shape_language_test,unreachable_or_test_only,test_only,false,false,false,,,5 failing assertion(s): Expected exact component names or Tailwind class strings rather than runtime output.,language test maintenance,Excluded from production localization counts; application/test files were not changed by this report-only audit.
GLV4-698,low,manual_review,dashboard/alerts/trips,validation_only,not_applicable,test_only,"dashboard, alerts, and trips fixture assertions",src/lib/__tests__/language.test.ts,1,,,th;vi;tr;pl;id;sv,stale_or_source_shape_language_test,unreachable_or_test_only,test_only,false,false,false,,,9 failing assertion(s): Expected exact href/config/count/template source shapes that changed.,language test maintenance,Excluded from production localization counts; application/test files were not changed by this report-only audit.
GLV4-699,low,manual_review,cars,validation_only,not_applicable,test_only,cars landing/results/date formatting assertions,src/lib/__tests__/language.test.ts,1,,,sv;pl;id;tr;th,stale_or_source_shape_language_test,unreachable_or_test_only,test_only,false,false,false,,,8 failing assertion(s): Expected removed key reads or exact operational/layout/time-format source snippets.,language test maintenance,Excluded from production localization counts; application/test files were not changed by this report-only audit.
GLV4-700,low,manual_review,hotels/results,validation_only,not_applicable,test_only,hotel results key-read assertion,src/lib/__tests__/language.test.ts,1,,,sv,stale_or_source_shape_language_test,unreachable_or_test_only,test_only,false,false,false,,,1 failing assertion(s): Expected an exact lowestTotalPrice key read no longer present in that source shape.,language test maintenance,Excluded from production localization counts; application/test files were not changed by this report-only audit.
GLV4-701,low,manual_review,home,validation_only,not_applicable,test_only,homepage newsletter/FAQ/layout assertions,src/lib/__tests__/language.test.ts,1,,,sv;pl,stale_or_source_shape_language_test,unreachable_or_test_only,test_only,false,false,false,,,3 failing assertion(s): Expected exact class or FAQ-key source snippets; not a rendered-output assertion.,language test maintenance,Excluded from production localization counts; application/test files were not changed by this report-only audit.
GLV4-702,low,manual_review,flights,validation_only,not_applicable,test_only,flight results/details source-shape assertions,src/lib/__tests__/language.test.ts,1,,,pl;sv;th;id,stale_or_source_shape_language_test,unreachable_or_test_only,test_only,false,false,false,,,5 failing assertion(s): Expected exact price helper or details-link template source snippets that changed.,language test maintenance,Excluded from production localization counts; application/test files were not changed by this report-only audit.
